
C:\Users\provincesettat\Desktop\les reunions\new-v\demo>if "Windows_NT" == "Windows_NT" setlocal

C:\Users\provincesettat\Desktop\les reunions\new-v\demo>set DIRNAME=C:\Users\provincesettat\Desktop\les reunions\new-v\demo\ 

C:\Users\provincesettat\Desktop\les reunions\new-v\demo>if "C:\Users\provincesettat\Desktop\les reunions\new-v\demo\" == "" set DIRNAME=. 

C:\Users\provincesettat\Desktop\les reunions\new-v\demo>set APP_BASE_NAME=gradlew 

C:\Users\provincesettat\Desktop\les reunions\new-v\demo>set APP_HOME=C:\Users\provincesettat\Desktop\les reunions\new-v\demo\ 

C:\Users\provincesettat\Desktop\les reunions\new-v\demo>for %i in ("C:\Users\provincesettat\Desktop\les reunions\new-v\demo\") do set APP_HOME=%~fi 

C:\Users\provincesettat\Desktop\les reunions\new-v\demo>set APP_HOME=C:\Users\provincesettat\Desktop\les reunions\new-v\demo\ 

C:\Users\provincesettat\Desktop\les reunions\new-v\demo>set DEFAULT_JVM_OPTS="-Xmx64m" "-Xms64m" 

C:\Users\provincesettat\Desktop\les reunions\new-v\demo>if defined JAVA_HOME goto findJavaFromJavaHome 

C:\Users\provincesettat\Desktop\les reunions\new-v\demo>set JAVA_HOME=C:\Program Files\Java\jdk-17 

C:\Users\provincesettat\Desktop\les reunions\new-v\demo>set JAVA_EXE=C:\Program Files\Java\jdk-17/bin/java.exe 

C:\Users\provincesettat\Desktop\les reunions\new-v\demo>if exist "C:\Program Files\Java\jdk-17/bin/java.exe" goto execute 

C:\Users\provincesettat\Desktop\les reunions\new-v\demo>"C:\Program Files\Java\jdk-17/bin/java.exe" "-Xmx64m" "-Xms64m"   "-Dorg.gradle.appname=gradlew" -jar "C:\Users\provincesettat\Desktop\les reunions\new-v\demo\\gradle\wrapper\gradle-wrapper.jar" bootRun 
> Task :compileJava UP-TO-DATE
> Task :processResources UP-TO-DATE
> Task :classes UP-TO-DATE
> Task :resolveMainClassName UP-TO-DATE

> Task :bootRun

  .   ____          _            __ _ _
 /\\ / ___'_ __ _ _(_)_ __  __ _ \ \ \ \
( ( )\___ | '_ | '_| | '_ \/ _` | \ \ \ \
 \\/  ___)| |_)| | | | | || (_| |  ) ) ) )
  '  |____| .__|_| |_|_| |_\__, | / / / /
 =========|_|==============|___/=/_/_/_/

 :: Spring Boot ::                (v3.3.7)

2026-05-22T17:33:55.144+02:00  INFO 24844 --- [demo] [           main] com.example.demo.DemoApplication         : Starting DemoApplication using Java 17.0.12 with PID 24844 (C:\Users\provincesettat\Desktop\les reunions\new-v\demo\build\classes\java\main started by provincesettat in C:\Users\provincesettat\Desktop\les reunions\new-v\demo)
2026-05-22T17:33:55.151+02:00  INFO 24844 --- [demo] [           main] com.example.demo.DemoApplication         : No active profile set, falling back to 1 default profile: "default"
2026-05-22T17:33:55.151+02:00 DEBUG 24844 --- [demo] [           main] o.s.boot.SpringApplication               : Loading source class com.example.demo.DemoApplication
2026-05-22T17:33:55.182+02:00 DEBUG 24844 --- [demo] [           main] ConfigServletWebServerApplicationContext : Refreshing org.springframework.boot.web.servlet.context.AnnotationConfigServletWebServerApplicationContext@508dec2b
2026-05-22T17:33:55.719+02:00  INFO 24844 --- [demo] [           main] .s.d.r.c.RepositoryConfigurationDelegate : Bootstrapping Spring Data JPA repositories in DEFAULT mode.
2026-05-22T17:33:55.731+02:00 DEBUG 24844 --- [demo] [           main] o.s.b.a.AutoConfigurationPackages        : @EnableAutoConfiguration was declared on a class in the package 'com.example.demo'. Automatic @Repository and @Entity scanning is enabled.
2026-05-22T17:33:55.774+02:00  INFO 24844 --- [demo] [           main] .s.d.r.c.RepositoryConfigurationDelegate : Finished Spring Data repository scanning in 50 ms. Found 7 JPA repository interfaces.
2026-05-22T17:33:56.259+02:00 DEBUG 24844 --- [demo] [           main] .s.b.w.e.t.TomcatServletWebServerFactory : Code archive: C:\Users\provincesettat\.gradle\caches\modules-2\files-2.1\org.springframework.boot\spring-boot\3.3.7\a97a34c98b9814d20883b862d4aa5066d5218477\spring-boot-3.3.7.jar
2026-05-22T17:33:56.259+02:00 DEBUG 24844 --- [demo] [           main] .s.b.w.e.t.TomcatServletWebServerFactory : Code archive: C:\Users\provincesettat\.gradle\caches\modules-2\files-2.1\org.springframework.boot\spring-boot\3.3.7\a97a34c98b9814d20883b862d4aa5066d5218477\spring-boot-3.3.7.jar
2026-05-22T17:33:56.259+02:00 DEBUG 24844 --- [demo] [           main] .s.b.w.e.t.TomcatServletWebServerFactory : None of the document roots [src/main/webapp, public, static] point to a directory and will be ignored.
2026-05-22T17:33:56.282+02:00  INFO 24844 --- [demo] [           main] o.s.b.w.embedded.tomcat.TomcatWebServer  : Tomcat initialized with port 8080 (http)
2026-05-22T17:33:56.295+02:00  INFO 24844 --- [demo] [           main] o.apache.catalina.core.StandardService   : Starting service [Tomcat]
2026-05-22T17:33:56.296+02:00  INFO 24844 --- [demo] [           main] o.apache.catalina.core.StandardEngine    : Starting Servlet engine: [Apache Tomcat/10.1.34]
2026-05-22T17:33:56.355+02:00  INFO 24844 --- [demo] [           main] o.a.c.c.C.[Tomcat].[localhost].[/]       : Initializing Spring embedded WebApplicationContext
2026-05-22T17:33:56.355+02:00 DEBUG 24844 --- [demo] [           main] w.s.c.ServletWebServerApplicationContext : Published root WebApplicationContext as ServletContext attribute with name [org.springframework.web.context.WebApplicationContext.ROOT]
2026-05-22T17:33:56.356+02:00  INFO 24844 --- [demo] [           main] w.s.c.ServletWebServerApplicationContext : Root WebApplicationContext: initialization completed in 1174 ms
2026-05-22T17:33:56.466+02:00  INFO 24844 --- [demo] [           main] o.hibernate.jpa.internal.util.LogHelper  : HHH000204: Processing PersistenceUnitInfo [name: default]
2026-05-22T17:33:56.552+02:00  INFO 24844 --- [demo] [           main] org.hibernate.Version                    : HHH000412: Hibernate ORM core version 6.5.3.Final
2026-05-22T17:33:56.598+02:00  INFO 24844 --- [demo] [           main] o.h.c.internal.RegionFactoryInitiator    : HHH000026: Second-level cache disabled
2026-05-22T17:33:56.890+02:00  INFO 24844 --- [demo] [           main] o.s.o.j.p.SpringPersistenceUnitInfo      : No LoadTimeWeaver setup: ignoring JPA class transformer
2026-05-22T17:33:56.921+02:00  INFO 24844 --- [demo] [           main] com.zaxxer.hikari.HikariDataSource       : HikariPool-1 - Starting...
2026-05-22T17:33:57.249+02:00  INFO 24844 --- [demo] [           main] com.zaxxer.hikari.pool.HikariPool        : HikariPool-1 - Added connection com.mysql.cj.jdbc.ConnectionImpl@23c05889
2026-05-22T17:33:57.251+02:00  INFO 24844 --- [demo] [           main] com.zaxxer.hikari.HikariDataSource       : HikariPool-1 - Start completed.
2026-05-22T17:33:57.300+02:00  WARN 24844 --- [demo] [           main] org.hibernate.orm.deprecation            : HHH90000025: MySQLDialect does not need to be specified explicitly using 'hibernate.dialect' (remove the property setting and it will be selected by default)
2026-05-22T17:33:58.222+02:00  INFO 24844 --- [demo] [           main] o.h.e.t.j.p.i.JtaPlatformInitiator       : HHH000489: No JTA platform available (set 'hibernate.transaction.jta.platform' to enable JTA platform integration)
2026-05-22T17:33:58.270+02:00 DEBUG 24844 --- [demo] [           main] org.hibernate.SQL                        : alter table audiences modify column description TEXT
Hibernate: alter table audiences modify column description TEXT
2026-05-22T17:33:58.286+02:00 DEBUG 24844 --- [demo] [           main] org.hibernate.SQL                        : alter table meetings modify column description TEXT
Hibernate: alter table meetings modify column description TEXT
2026-05-22T17:33:58.302+02:00 DEBUG 24844 --- [demo] [           main] org.hibernate.SQL                        : alter table meetings modify column discussion TEXT
Hibernate: alter table meetings modify column discussion TEXT
2026-05-22T17:33:58.315+02:00 DEBUG 24844 --- [demo] [           main] org.hibernate.SQL                        : alter table meetings modify column recommendation TEXT
Hibernate: alter table meetings modify column recommendation TEXT
2026-05-22T17:33:58.377+02:00  INFO 24844 --- [demo] [           main] j.LocalContainerEntityManagerFactoryBean : Initialized JPA EntityManagerFactory for persistence unit 'default'
2026-05-22T17:33:58.584+02:00 DEBUG 24844 --- [demo] [           main] o.s.b.w.s.ServletContextInitializerBeans : Mapping filters: springSecurityFilterChain urls=[/*] order=-100, characterEncodingFilter urls=[/*] order=-2147483648, formContentFilter urls=[/*] order=-9900, requestContextFilter urls=[/*] order=-105, jwtAuthenticationFilter urls=[/*] order=2147483647
2026-05-22T17:33:58.584+02:00 DEBUG 24844 --- [demo] [           main] o.s.b.w.s.ServletContextInitializerBeans : Mapping servlets: dispatcherServlet urls=[/]
2026-05-22T17:33:58.604+02:00 DEBUG 24844 --- [demo] [           main] o.s.b.w.s.f.OrderedRequestContextFilter  : Filter 'requestContextFilter' configured for use
2026-05-22T17:33:58.605+02:00 DEBUG 24844 --- [demo] [           main] s.b.w.s.f.OrderedCharacterEncodingFilter : Filter 'characterEncodingFilter' configured for use
2026-05-22T17:33:58.606+02:00 DEBUG 24844 --- [demo] [           main] .DelegatingFilterProxyRegistrationBean$1 : Filter 'springSecurityFilterChain' configured for use
2026-05-22T17:33:58.606+02:00 DEBUG 24844 --- [demo] [           main] o.s.b.w.s.f.OrderedFormContentFilter     : Filter 'formContentFilter' configured for use
2026-05-22T17:33:58.675+02:00  INFO 24844 --- [demo] [           main] eAuthenticationProviderManagerConfigurer : Global AuthenticationManager configured with AuthenticationProvider bean with name authenticationProvider
2026-05-22T17:33:58.675+02:00  WARN 24844 --- [demo] [           main] r$InitializeUserDetailsManagerConfigurer : Global AuthenticationManager configured with an AuthenticationProvider bean. UserDetailsService beans will not be used for username/password login. Consider removing the AuthenticationProvider bean. Alternatively, consider using the UserDetailsService in a manually instantiated DaoAuthenticationProvider.
2026-05-22T17:33:58.842+02:00  WARN 24844 --- [demo] [           main] JpaBaseConfiguration$JpaWebConfiguration : spring.jpa.open-in-view is enabled by default. Therefore, database queries may be performed during view rendering. Explicitly configure spring.jpa.open-in-view to disable this warning
2026-05-22T17:33:58.959+02:00 DEBUG 24844 --- [demo] [           main] s.w.s.m.m.a.RequestMappingHandlerMapping : 36 mappings in 'requestMappingHandlerMapping'
2026-05-22T17:33:59.026+02:00 DEBUG 24844 --- [demo] [           main] o.s.w.s.handler.SimpleUrlHandlerMapping  : Patterns [/webjars/**, /**, /uploads/**, /swagger-ui*/*swagger-initializer.js, /swagger-ui*/**] in 'resourceHandlerMapping'
2026-05-22T17:33:59.124+02:00 DEBUG 24844 --- [demo] [           main] s.w.s.m.m.a.RequestMappingHandlerAdapter : ControllerAdvice beans: 0 @ModelAttribute, 0 @InitBinder, 1 RequestBodyAdvice, 1 ResponseBodyAdvice
2026-05-22T17:33:59.152+02:00 DEBUG 24844 --- [demo] [           main] .m.m.a.ExceptionHandlerExceptionResolver : ControllerAdvice beans: 2 @ExceptionHandler, 1 ResponseBodyAdvice
2026-05-22T17:33:59.316+02:00  INFO 24844 --- [demo] [           main] o.s.b.w.embedded.tomcat.TomcatWebServer  : Tomcat started on port 8080 (http) with context path '/'
2026-05-22T17:33:59.324+02:00 DEBUG 24844 --- [demo] [           main] .s.b.a.l.ConditionEvaluationReportLogger : 


============================
CONDITIONS EVALUATION REPORT
============================


Positive matches:
-----------------

   AopAutoConfiguration matched:
      - @ConditionalOnProperty (spring.aop.auto=true) matched (OnPropertyCondition)

   AopAutoConfiguration.AspectJAutoProxyingConfiguration matched:
      - @ConditionalOnClass found required class 'org.aspectj.weaver.Advice' (OnClassCondition)

   AopAutoConfiguration.AspectJAutoProxyingConfiguration.CglibAutoProxyConfiguration matched:
      - @ConditionalOnProperty (spring.aop.proxy-target-class=true) matched (OnPropertyCondition)

   ApplicationAvailabilityAutoConfiguration#applicationAvailability matched:
      - @ConditionalOnMissingBean (types: org.springframework.boot.availability.ApplicationAvailability; SearchStrategy: all) did not find any beans (OnBeanCondition)

   DataSourceAutoConfiguration matched:
      - @ConditionalOnClass found required classes 'javax.sql.DataSource', 'org.springframework.jdbc.datasource.embedded.EmbeddedDatabaseType' (OnClassCondition)
      - @ConditionalOnMissingBean (types: io.r2dbc.spi.ConnectionFactory; SearchStrategy: all) did not find any beans (OnBeanCondition)

   DataSourceAutoConfiguration.PooledDataSourceConfiguration matched:
      - AnyNestedCondition 1 matched 1 did not; NestedCondition on DataSourceAutoConfiguration.PooledDataSourceCondition.PooledDataSourceAvailable PooledDataSource found supported DataSource; NestedCondition on DataSourceAutoConfiguration.PooledDataSourceCondition.ExplicitType @ConditionalOnProperty (spring.datasource.type) did not find property 'type' (DataSourceAutoConfiguration.PooledDataSourceCondition)
      - @ConditionalOnMissingBean (types: javax.sql.DataSource,javax.sql.XADataSource; SearchStrategy: all) did not find any beans (OnBeanCondition)

   DataSourceAutoConfiguration.PooledDataSourceConfiguration#jdbcConnectionDetails matched:
      - @ConditionalOnMissingBean (types: org.springframework.boot.autoconfigure.jdbc.JdbcConnectionDetails; SearchStrategy: all) did not find any beans (OnBeanCondition)

   DataSourceConfiguration.Hikari matched:
      - @ConditionalOnClass found required class 'com.zaxxer.hikari.HikariDataSource' (OnClassCondition)
      - @ConditionalOnProperty (spring.datasource.type=com.zaxxer.hikari.HikariDataSource) matched (OnPropertyCondition)
      - @ConditionalOnMissingBean (types: javax.sql.DataSource; SearchStrategy: all) did not find any beans (OnBeanCondition)

   DataSourceInitializationConfiguration matched:
      - @ConditionalOnClass found required class 'org.springframework.jdbc.datasource.init.DatabasePopulator' (OnClassCondition)
      - @ConditionalOnSingleCandidate (types: javax.sql.DataSource; SearchStrategy: all) found a single bean 'dataSource'; @ConditionalOnMissingBean (types: org.springframework.boot.autoconfigure.sql.init.SqlDataSourceScriptDatabaseInitializer,org.springframework.boot.autoconfigure.sql.init.SqlR2dbcScriptDatabaseInitializer; SearchStrategy: all) did not find any beans (OnBeanCondition)

   DataSourceJmxConfiguration matched:
      - @ConditionalOnProperty (spring.jmx.enabled=true) matched (OnPropertyCondition)

   DataSourceJmxConfiguration.Hikari matched:
      - @ConditionalOnClass found required class 'com.zaxxer.hikari.HikariDataSource' (OnClassCondition)
      - @ConditionalOnSingleCandidate (types: javax.sql.DataSource; SearchStrategy: all) found a single bean 'dataSource' (OnBeanCondition)

   DataSourcePoolMetadataProvidersConfiguration.HikariPoolDataSourceMetadataProviderConfiguration matched:
      - @ConditionalOnClass found required class 'com.zaxxer.hikari.HikariDataSource' (OnClassCondition)

   DataSourceTransactionManagerAutoConfiguration matched:
      - @ConditionalOnClass found required classes 'javax.sql.DataSource', 'org.springframework.jdbc.core.JdbcTemplate', 'org.springframework.transaction.TransactionManager' (OnClassCondition)

   DataSourceTransactionManagerAutoConfiguration.JdbcTransactionManagerConfiguration matched:
      - @ConditionalOnSingleCandidate (types: javax.sql.DataSource; SearchStrategy: all) found a single bean 'dataSource' (OnBeanCondition)

   DispatcherServletAutoConfiguration matched:
      - @ConditionalOnClass found required class 'org.springframework.web.servlet.DispatcherServlet' (OnClassCondition)
      - found 'session' scope (OnWebApplicationCondition)

   DispatcherServletAutoConfiguration.DispatcherServletConfiguration matched:
      - @ConditionalOnClass found required class 'jakarta.servlet.ServletRegistration' (OnClassCondition)
      - Default DispatcherServlet did not find dispatcher servlet beans (DispatcherServletAutoConfiguration.DefaultDispatcherServletCondition)

   DispatcherServletAutoConfiguration.DispatcherServletRegistrationConfiguration matched:
      - @ConditionalOnClass found required class 'jakarta.servlet.ServletRegistration' (OnClassCondition)
      - DispatcherServlet Registration did not find servlet registration bean (DispatcherServletAutoConfiguration.DispatcherServletRegistrationCondition)

   DispatcherServletAutoConfiguration.DispatcherServletRegistrationConfiguration#dispatcherServletRegistration matched:
      - @ConditionalOnBean (names: dispatcherServlet types: org.springframework.web.servlet.DispatcherServlet; SearchStrategy: all) found bean 'dispatcherServlet' (OnBeanCondition)

   EmbeddedWebServerFactoryCustomizerAutoConfiguration matched:
      - @ConditionalOnWebApplication (required) found 'session' scope (OnWebApplicationCondition)
      - @ConditionalOnWarDeployment the application is not deployed as a WAR file. (OnWarDeploymentCondition)

   EmbeddedWebServerFactoryCustomizerAutoConfiguration.TomcatWebServerFactoryCustomizerConfiguration matched:
      - @ConditionalOnClass found required classes 'org.apache.catalina.startup.Tomcat', 'org.apache.coyote.UpgradeProtocol' (OnClassCondition)

   ErrorMvcAutoConfiguration matched:
      - @ConditionalOnClass found required classes 'jakarta.servlet.Servlet', 'org.springframework.web.servlet.DispatcherServlet' (OnClassCondition)
      - found 'session' scope (OnWebApplicationCondition)

   ErrorMvcAutoConfiguration#basicErrorController matched:
      - @ConditionalOnMissingBean (types: org.springframework.boot.web.servlet.error.ErrorController; SearchStrategy: current) did not find any beans (OnBeanCondition)

   ErrorMvcAutoConfiguration#errorAttributes matched:
      - @ConditionalOnMissingBean (types: org.springframework.boot.web.servlet.error.ErrorAttributes; SearchStrategy: current) did not find any beans (OnBeanCondition)

   ErrorMvcAutoConfiguration.DefaultErrorViewResolverConfiguration#conventionErrorViewResolver matched:
      - @ConditionalOnBean (types: org.springframework.web.servlet.DispatcherServlet; SearchStrategy: all) found bean 'dispatcherServlet'; @ConditionalOnMissingBean (types: org.springframework.boot.autoconfigure.web.servlet.error.ErrorViewResolver; SearchStrategy: all) did not find any beans (OnBeanCondition)

   ErrorMvcAutoConfiguration.WhitelabelErrorViewConfiguration matched:
      - @ConditionalOnProperty (server.error.whitelabel.enabled) matched (OnPropertyCondition)
      - ErrorTemplate Missing did not find error template view (ErrorMvcAutoConfiguration.ErrorTemplateMissingCondition)

   ErrorMvcAutoConfiguration.WhitelabelErrorViewConfiguration#beanNameViewResolver matched:
      - @ConditionalOnMissingBean (types: org.springframework.web.servlet.view.BeanNameViewResolver; SearchStrategy: all) did not find any beans (OnBeanCondition)

   ErrorMvcAutoConfiguration.WhitelabelErrorViewConfiguration#defaultErrorView matched:
      - @ConditionalOnMissingBean (names: error; SearchStrategy: all) did not find any beans (OnBeanCondition)

   GenericCacheConfiguration matched:
      - Cache org.springframework.boot.autoconfigure.cache.GenericCacheConfiguration automatic cache type (CacheCondition)

   HibernateJpaAutoConfiguration matched:
      - @ConditionalOnClass found required classes 'org.springframework.orm.jpa.LocalContainerEntityManagerFactoryBean', 'jakarta.persistence.EntityManager', 'org.hibernate.engine.spi.SessionImplementor' (OnClassCondition)

   HibernateJpaConfiguration matched:
      - @ConditionalOnSingleCandidate (types: javax.sql.DataSource; SearchStrategy: all) found a single bean 'dataSource' (OnBeanCondition)

   HttpEncodingAutoConfiguration matched:
      - @ConditionalOnClass found required class 'org.springframework.web.filter.CharacterEncodingFilter' (OnClassCondition)
      - found 'session' scope (OnWebApplicationCondition)
      - @ConditionalOnProperty (server.servlet.encoding.enabled) matched (OnPropertyCondition)

   HttpEncodingAutoConfiguration#characterEncodingFilter matched:
      - @ConditionalOnMissingBean (types: org.springframework.web.filter.CharacterEncodingFilter; SearchStrategy: all) did not find any beans (OnBeanCondition)

   HttpMessageConvertersAutoConfiguration matched:
      - @ConditionalOnClass found required class 'org.springframework.http.converter.HttpMessageConverter' (OnClassCondition)
      - NoneNestedConditions 0 matched 1 did not; NestedCondition on HttpMessageConvertersAutoConfiguration.NotReactiveWebApplicationCondition.ReactiveWebApplication did not find reactive web application classes (HttpMessageConvertersAutoConfiguration.NotReactiveWebApplicationCondition)

   HttpMessageConvertersAutoConfiguration#messageConverters matched:
      - @ConditionalOnMissingBean (types: org.springframework.boot.autoconfigure.http.HttpMessageConverters; SearchStrategy: all) did not find any beans (OnBeanCondition)

   HttpMessageConvertersAutoConfiguration.StringHttpMessageConverterConfiguration matched:
      - @ConditionalOnClass found required class 'org.springframework.http.converter.StringHttpMessageConverter' (OnClassCondition)

   HttpMessageConvertersAutoConfiguration.StringHttpMessageConverterConfiguration#stringHttpMessageConverter matched:
      - @ConditionalOnMissingBean (types: org.springframework.http.converter.StringHttpMessageConverter; SearchStrategy: all) did not find any beans (OnBeanCondition)

   JacksonAutoConfiguration matched:
      - @ConditionalOnClass found required class 'com.fasterxml.jackson.databind.ObjectMapper' (OnClassCondition)

   JacksonAutoConfiguration.Jackson2ObjectMapperBuilderCustomizerConfiguration matched:
      - @ConditionalOnClass found required class 'org.springframework.http.converter.json.Jackson2ObjectMapperBuilder' (OnClassCondition)

   JacksonAutoConfiguration.JacksonObjectMapperBuilderConfiguration matched:
      - @ConditionalOnClass found required class 'org.springframework.http.converter.json.Jackson2ObjectMapperBuilder' (OnClassCondition)

   JacksonAutoConfiguration.JacksonObjectMapperBuilderConfiguration#jacksonObjectMapperBuilder matched:
      - @ConditionalOnMissingBean (types: org.springframework.http.converter.json.Jackson2ObjectMapperBuilder; SearchStrategy: all) did not find any beans (OnBeanCondition)

   JacksonAutoConfiguration.JacksonObjectMapperConfiguration matched:
      - @ConditionalOnClass found required class 'org.springframework.http.converter.json.Jackson2ObjectMapperBuilder' (OnClassCondition)

   JacksonAutoConfiguration.JacksonObjectMapperConfiguration#jacksonObjectMapper matched:
      - @ConditionalOnMissingBean (types: com.fasterxml.jackson.databind.ObjectMapper; SearchStrategy: all) did not find any beans (OnBeanCondition)

   JacksonAutoConfiguration.ParameterNamesModuleConfiguration matched:
      - @ConditionalOnClass found required class 'com.fasterxml.jackson.module.paramnames.ParameterNamesModule' (OnClassCondition)

   JacksonAutoConfiguration.ParameterNamesModuleConfiguration#parameterNamesModule matched:
      - @ConditionalOnMissingBean (types: com.fasterxml.jackson.module.paramnames.ParameterNamesModule; SearchStrategy: all) did not find any beans (OnBeanCondition)

   JacksonHttpMessageConvertersConfiguration.MappingJackson2HttpMessageConverterConfiguration matched:
      - @ConditionalOnClass found required class 'com.fasterxml.jackson.databind.ObjectMapper' (OnClassCondition)
      - @ConditionalOnProperty (spring.mvc.converters.preferred-json-mapper=jackson) matched (OnPropertyCondition)
      - @ConditionalOnBean (types: com.fasterxml.jackson.databind.ObjectMapper; SearchStrategy: all) found bean 'jacksonObjectMapper' (OnBeanCondition)

   JacksonHttpMessageConvertersConfiguration.MappingJackson2HttpMessageConverterConfiguration#mappingJackson2HttpMessageConverter matched:
      - @ConditionalOnMissingBean (types: org.springframework.http.converter.json.MappingJackson2HttpMessageConverter ignored: org.springframework.hateoas.server.mvc.TypeConstrainedMappingJackson2HttpMessageConverter,org.springframework.data.rest.webmvc.alps.AlpsJsonHttpMessageConverter; SearchStrategy: all) did not find any beans (OnBeanCondition)

   JdbcClientAutoConfiguration matched:
      - @ConditionalOnSingleCandidate (types: org.springframework.jdbc.core.namedparam.NamedParameterJdbcTemplate; SearchStrategy: all) found a single bean 'namedParameterJdbcTemplate'; @ConditionalOnMissingBean (types: org.springframework.jdbc.core.simple.JdbcClient; SearchStrategy: all) did not find any beans (OnBeanCondition)

   JdbcTemplateAutoConfiguration matched:
      - @ConditionalOnClass found required classes 'javax.sql.DataSource', 'org.springframework.jdbc.core.JdbcTemplate' (OnClassCondition)
      - @ConditionalOnSingleCandidate (types: javax.sql.DataSource; SearchStrategy: all) found a single bean 'dataSource' (OnBeanCondition)

   JdbcTemplateConfiguration matched:
      - @ConditionalOnMissingBean (types: org.springframework.jdbc.core.JdbcOperations; SearchStrategy: all) did not find any beans (OnBeanCondition)

   JpaBaseConfiguration#entityManagerFactory matched:
      - @ConditionalOnMissingBean (types: org.springframework.orm.jpa.LocalContainerEntityManagerFactoryBean,jakarta.persistence.EntityManagerFactory; SearchStrategy: all) did not find any beans (OnBeanCondition)

   JpaBaseConfiguration#entityManagerFactoryBuilder matched:
      - @ConditionalOnMissingBean (types: org.springframework.boot.orm.jpa.EntityManagerFactoryBuilder; SearchStrategy: all) did not find any beans (OnBeanCondition)

   JpaBaseConfiguration#jpaVendorAdapter matched:
      - @ConditionalOnMissingBean (types: org.springframework.orm.jpa.JpaVendorAdapter; SearchStrategy: all) did not find any beans (OnBeanCondition)

   JpaBaseConfiguration#transactionManager matched:
      - @ConditionalOnMissingBean (types: org.springframework.transaction.TransactionManager; SearchStrategy: all) did not find any beans (OnBeanCondition)

   JpaBaseConfiguration.JpaWebConfiguration matched:
      - @ConditionalOnClass found required class 'org.springframework.web.servlet.config.annotation.WebMvcConfigurer' (OnClassCondition)
      - found 'session' scope (OnWebApplicationCondition)
      - @ConditionalOnProperty (spring.jpa.open-in-view=true) matched (OnPropertyCondition)
      - @ConditionalOnMissingBean (types: org.springframework.orm.jpa.support.OpenEntityManagerInViewInterceptor,org.springframework.orm.jpa.support.OpenEntityManagerInViewFilter; SearchStrategy: all) did not find any beans (OnBeanCondition)

   JpaBaseConfiguration.PersistenceManagedTypesConfiguration matched:
      - @ConditionalOnMissingBean (types: org.springframework.orm.jpa.LocalContainerEntityManagerFactoryBean,jakarta.persistence.EntityManagerFactory; SearchStrategy: all) did not find any beans (OnBeanCondition)

   JpaBaseConfiguration.PersistenceManagedTypesConfiguration#persistenceManagedTypes matched:
      - @ConditionalOnMissingBean (types: org.springframework.orm.jpa.persistenceunit.PersistenceManagedTypes; SearchStrategy: all) did not find any beans (OnBeanCondition)

   JpaRepositoriesAutoConfiguration matched:
      - @ConditionalOnClass found required class 'org.springframework.data.jpa.repository.JpaRepository' (OnClassCondition)
      - @ConditionalOnProperty (spring.data.jpa.repositories.enabled=true) matched (OnPropertyCondition)
      - @ConditionalOnBean (types: javax.sql.DataSource; SearchStrategy: all) found bean 'dataSource'; @ConditionalOnMissingBean (types: org.springframework.data.jpa.repository.support.JpaRepositoryFactoryBean,org.springframework.data.jpa.repository.config.JpaRepositoryConfigExtension; SearchStrategy: all) did not find any beans (OnBeanCondition)

   JtaAutoConfiguration matched:
      - @ConditionalOnClass found required class 'jakarta.transaction.Transaction' (OnClassCondition)
      - @ConditionalOnProperty (spring.jta.enabled) matched (OnPropertyCondition)

   LifecycleAutoConfiguration#defaultLifecycleProcessor matched:
      - @ConditionalOnMissingBean (names: lifecycleProcessor; SearchStrategy: current) did not find any beans (OnBeanCondition)

   MultipartAutoConfiguration matched:
      - @ConditionalOnClass found required classes 'jakarta.servlet.Servlet', 'org.springframework.web.multipart.support.StandardServletMultipartResolver', 'jakarta.servlet.MultipartConfigElement' (OnClassCondition)
      - found 'session' scope (OnWebApplicationCondition)
      - @ConditionalOnProperty (spring.servlet.multipart.enabled) matched (OnPropertyCondition)

   MultipartAutoConfiguration#multipartConfigElement matched:
      - @ConditionalOnMissingBean (types: jakarta.servlet.MultipartConfigElement; SearchStrategy: all) did not find any beans (OnBeanCondition)

   MultipartAutoConfiguration#multipartResolver matched:
      - @ConditionalOnMissingBean (types: org.springframework.web.multipart.MultipartResolver; SearchStrategy: all) did not find any beans (OnBeanCondition)

   NamedParameterJdbcTemplateConfiguration matched:
      - @ConditionalOnSingleCandidate (types: org.springframework.jdbc.core.JdbcTemplate; SearchStrategy: all) found a single bean 'jdbcTemplate'; @ConditionalOnMissingBean (types: org.springframework.jdbc.core.namedparam.NamedParameterJdbcOperations; SearchStrategy: all) did not find any beans (OnBeanCondition)

   NoOpCacheConfiguration matched:
      - Cache org.springframework.boot.autoconfigure.cache.NoOpCacheConfiguration automatic cache type (CacheCondition)

   PersistenceExceptionTranslationAutoConfiguration matched:
      - @ConditionalOnClass found required class 'org.springframework.dao.annotation.PersistenceExceptionTranslationPostProcessor' (OnClassCondition)

   PersistenceExceptionTranslationAutoConfiguration#persistenceExceptionTranslationPostProcessor matched:
      - @ConditionalOnProperty (spring.dao.exceptiontranslation.enabled) matched (OnPropertyCondition)
      - @ConditionalOnMissingBean (types: org.springframework.dao.annotation.PersistenceExceptionTranslationPostProcessor; SearchStrategy: all) did not find any beans (OnBeanCondition)

   PropertyPlaceholderAutoConfiguration#propertySourcesPlaceholderConfigurer matched:
      - @ConditionalOnMissingBean (types: org.springframework.context.support.PropertySourcesPlaceholderConfigurer; SearchStrategy: current) did not find any beans (OnBeanCondition)

   RestClientAutoConfiguration matched:
      - @ConditionalOnClass found required class 'org.springframework.web.client.RestClient' (OnClassCondition)
      - NoneNestedConditions 0 matched 1 did not; NestedCondition on NotReactiveWebApplicationCondition.ReactiveWebApplication did not find reactive web application classes (NotReactiveWebApplicationCondition)

   RestClientAutoConfiguration#httpMessageConvertersRestClientCustomizer matched:
      - @ConditionalOnMissingBean (types: org.springframework.boot.autoconfigure.web.client.HttpMessageConvertersRestClientCustomizer; SearchStrategy: all) did not find any beans (OnBeanCondition)

   RestClientAutoConfiguration#restClientBuilder matched:
      - @ConditionalOnMissingBean (types: org.springframework.web.client.RestClient$Builder; SearchStrategy: all) did not find any beans (OnBeanCondition)

   RestClientAutoConfiguration#restClientBuilderConfigurer matched:
      - @ConditionalOnMissingBean (types: org.springframework.boot.autoconfigure.web.client.RestClientBuilderConfigurer; SearchStrategy: all) did not find any beans (OnBeanCondition)

   RestClientAutoConfiguration#restClientSsl matched:
      - @ConditionalOnBean (types: org.springframework.boot.ssl.SslBundles; SearchStrategy: all) found bean 'sslBundleRegistry'; @ConditionalOnMissingBean (types: org.springframework.boot.autoconfigure.web.client.RestClientSsl; SearchStrategy: all) did not find any beans (OnBeanCondition)

   RestTemplateAutoConfiguration matched:
      - @ConditionalOnClass found required class 'org.springframework.web.client.RestTemplate' (OnClassCondition)
      - NoneNestedConditions 0 matched 1 did not; NestedCondition on NotReactiveWebApplicationCondition.ReactiveWebApplication did not find reactive web application classes (NotReactiveWebApplicationCondition)

   RestTemplateAutoConfiguration#restTemplateBuilder matched:
      - @ConditionalOnMissingBean (types: org.springframework.boot.web.client.RestTemplateBuilder; SearchStrategy: all) did not find any beans (OnBeanCondition)

   SecurityAutoConfiguration matched:
      - @ConditionalOnClass found required class 'org.springframework.security.authentication.DefaultAuthenticationEventPublisher' (OnClassCondition)

   SecurityAutoConfiguration#authenticationEventPublisher matched:
      - @ConditionalOnMissingBean (types: org.springframework.security.authentication.AuthenticationEventPublisher; SearchStrategy: all) did not find any beans (OnBeanCondition)

   SecurityFilterAutoConfiguration matched:
      - @ConditionalOnClass found required classes 'org.springframework.security.web.context.AbstractSecurityWebApplicationInitializer', 'org.springframework.security.config.http.SessionCreationPolicy' (OnClassCondition)
      - found 'session' scope (OnWebApplicationCondition)

   SecurityFilterAutoConfiguration#securityFilterChainRegistration matched:
      - @ConditionalOnBean (names: springSecurityFilterChain; SearchStrategy: all) found bean 'springSecurityFilterChain' (OnBeanCondition)

   ServletWebServerFactoryAutoConfiguration matched:
      - @ConditionalOnClass found required class 'jakarta.servlet.ServletRequest' (OnClassCondition)
      - found 'session' scope (OnWebApplicationCondition)

   ServletWebServerFactoryAutoConfiguration#tomcatServletWebServerFactoryCustomizer matched:
      - @ConditionalOnClass found required class 'org.apache.catalina.startup.Tomcat' (OnClassCondition)

   ServletWebServerFactoryConfiguration.EmbeddedTomcat matched:
      - @ConditionalOnClass found required classes 'jakarta.servlet.Servlet', 'org.apache.catalina.startup.Tomcat', 'org.apache.coyote.UpgradeProtocol' (OnClassCondition)
      - @ConditionalOnMissingBean (types: org.springframework.boot.web.servlet.server.ServletWebServerFactory; SearchStrategy: current) did not find any beans (OnBeanCondition)

   SimpleCacheConfiguration matched:
      - Cache org.springframework.boot.autoconfigure.cache.SimpleCacheConfiguration automatic cache type (CacheCondition)

   SpringBootWebSecurityConfiguration matched:
      - found 'session' scope (OnWebApplicationCondition)

   SpringDataWebAutoConfiguration matched:
      - @ConditionalOnClass found required classes 'org.springframework.data.web.PageableHandlerMethodArgumentResolver', 'org.springframework.web.servlet.config.annotation.WebMvcConfigurer' (OnClassCondition)
      - found 'session' scope (OnWebApplicationCondition)
      - @ConditionalOnMissingBean (types: org.springframework.data.web.PageableHandlerMethodArgumentResolver; SearchStrategy: all) did not find any beans (OnBeanCondition)

   SpringDataWebAutoConfiguration#pageableCustomizer matched:
      - @ConditionalOnMissingBean (types: org.springframework.data.web.config.PageableHandlerMethodArgumentResolverCustomizer; SearchStrategy: all) did not find any beans (OnBeanCondition)

   SpringDataWebAutoConfiguration#sortCustomizer matched:
      - @ConditionalOnMissingBean (types: org.springframework.data.web.config.SortHandlerMethodArgumentResolverCustomizer; SearchStrategy: all) did not find any beans (OnBeanCondition)

   SpringDocConfigProperties matched:
      - @ConditionalOnProperty (springdoc.api-docs.enabled) matched (OnPropertyCondition)
      - @ConditionalOnBean (types: org.springdoc.core.configuration.SpringDocConfiguration; SearchStrategy: all) found bean 'org.springdoc.core.configuration.SpringDocConfiguration' (OnBeanCondition)

   SpringDocConfiguration matched:
      - @ConditionalOnWebApplication (required) found 'session' scope (OnWebApplicationCondition)
      - @ConditionalOnProperty (springdoc.api-docs.enabled) matched (OnPropertyCondition)

   SpringDocConfiguration#fileSupportConverter matched:
      - @ConditionalOnMissingBean (types: org.springdoc.core.converters.FileSupportConverter; SearchStrategy: all) did not find any beans (OnBeanCondition)

   SpringDocConfiguration#openAPIBuilder matched:
      - @ConditionalOnMissingBean (types: org.springdoc.core.service.OpenAPIService; SearchStrategy: all) did not find any beans (OnBeanCondition)

   SpringDocConfiguration#operationBuilder matched:
      - @ConditionalOnMissingBean (types: org.springdoc.core.service.OperationService; SearchStrategy: all) did not find any beans (OnBeanCondition)

   SpringDocConfiguration#parameterBuilder matched:
      - @ConditionalOnMissingBean (types: org.springdoc.core.service.GenericParameterService; SearchStrategy: all) did not find any beans (OnBeanCondition)

   SpringDocConfiguration#polymorphicModelConverter matched:
      - @ConditionalOnProperty (springdoc.model-converters.polymorphic-converter.enabled) matched (OnPropertyCondition)
      - @ConditionalOnMissingBean (types: org.springdoc.core.converters.PolymorphicModelConverter; SearchStrategy: all) did not find any beans (OnBeanCondition)

   SpringDocConfiguration#requestBodyBuilder matched:
      - @ConditionalOnMissingBean (types: org.springdoc.core.service.RequestBodyService; SearchStrategy: all) did not find any beans (OnBeanCondition)

   SpringDocConfiguration#responseSupportConverter matched:
      - @ConditionalOnMissingBean (types: org.springdoc.core.converters.ResponseSupportConverter; SearchStrategy: all) did not find any beans (OnBeanCondition)

   SpringDocConfiguration#schemaPropertyDeprecatingConverter matched:
      - @ConditionalOnProperty (springdoc.model-converters.deprecating-converter.enabled) matched (OnPropertyCondition)
      - @ConditionalOnMissingBean (types: org.springdoc.core.converters.SchemaPropertyDeprecatingConverter; SearchStrategy: all) did not find any beans (OnBeanCondition)

   SpringDocConfiguration#securityParser matched:
      - @ConditionalOnMissingBean (types: org.springdoc.core.service.SecurityService; SearchStrategy: all) did not find any beans (OnBeanCondition)

   SpringDocConfiguration#springDocCustomizers matched:
      - @ConditionalOnMissingBean (types: org.springdoc.core.customizers.SpringDocCustomizers; SearchStrategy: all) did not find any beans (OnBeanCondition)

   SpringDocConfiguration#springDocProviders matched:
      - @ConditionalOnMissingBean (types: org.springdoc.core.providers.SpringDocProviders; SearchStrategy: all) did not find any beans (OnBeanCondition)

   SpringDocConfiguration#springdocObjectMapperProvider matched:
      - @ConditionalOnMissingBean (types: org.springdoc.core.providers.ObjectMapperProvider; SearchStrategy: all) did not find any beans (OnBeanCondition)

   SpringDocConfiguration.QuerydslProvider matched:
      - @ConditionalOnClass found required class 'org.springframework.data.querydsl.binding.QuerydslBindingsFactory' (OnClassCondition)

   SpringDocConfiguration.QuerydslProvider#queryDslQuerydslPredicateOperationCustomizer matched:
      - @ConditionalOnMissingBean (types: org.springdoc.core.customizers.QuerydslPredicateOperationCustomizer; SearchStrategy: all) did not find any beans (OnBeanCondition)

   SpringDocConfiguration.SpringDocSpringDataWebPropertiesProvider matched:
      - @ConditionalOnClass found required class 'org.springframework.boot.autoconfigure.data.web.SpringDataWebProperties' (OnClassCondition)

   SpringDocConfiguration.SpringDocSpringDataWebPropertiesProvider#springDataWebPropertiesProvider matched:
      - @ConditionalOnMissingBean (types: org.springdoc.core.providers.SpringDataWebPropertiesProvider; SearchStrategy: all) did not find any beans (OnBeanCondition)

   SpringDocConfiguration.WebConversionServiceConfiguration matched:
      - @ConditionalOnClass found required class 'org.springframework.boot.autoconfigure.web.format.WebConversionService' (OnClassCondition)

   SpringDocPageableConfiguration matched:
      - @ConditionalOnClass found required class 'org.springframework.data.domain.Pageable' (OnClassCondition)
      - @ConditionalOnWebApplication (required) found 'session' scope (OnWebApplicationCondition)
      - @ConditionalOnProperty (springdoc.api-docs.enabled) matched (OnPropertyCondition)
      - @ConditionalOnBean (types: org.springdoc.core.configuration.SpringDocConfiguration; SearchStrategy: all) found bean 'org.springdoc.core.configuration.SpringDocConfiguration' (OnBeanCondition)

   SpringDocPageableConfiguration#delegatingMethodParameterCustomizer matched:
      - @ConditionalOnMissingBean (types: org.springdoc.core.customizers.DelegatingMethodParameterCustomizer; SearchStrategy: all) did not find any beans (OnBeanCondition)

   SpringDocPageableConfiguration#pageOpenAPIConverter matched:
      - @ConditionalOnClass found required classes 'org.springframework.data.web.PagedModel', 'org.springframework.data.web.config.SpringDataWebSettings' (OnClassCondition)
      - @ConditionalOnMissingBean (types: org.springdoc.core.converters.PageOpenAPIConverter; SearchStrategy: all) did not find any beans (OnBeanCondition)

   SpringDocPageableConfiguration#pageableOpenAPIConverter matched:
      - @ConditionalOnProperty (springdoc.model-converters.pageable-converter.enabled) matched (OnPropertyCondition)
      - @ConditionalOnMissingBean (types: org.springdoc.core.converters.PageableOpenAPIConverter; SearchStrategy: all) did not find any beans (OnBeanCondition)

   SpringDocSecurityConfiguration matched:
      - @ConditionalOnClass found required class 'org.springframework.security.web.SecurityFilterChain' (OnClassCondition)
      - @ConditionalOnWebApplication (required) found 'session' scope (OnWebApplicationCondition)
      - @ConditionalOnExpression (#{${springdoc.api-docs.enabled:true} and ${springdoc.enable-spring-security:true}}) resulted in true (OnExpressionCondition)
      - @ConditionalOnBean (types: org.springdoc.core.configuration.SpringDocConfiguration; SearchStrategy: all) found bean 'org.springdoc.core.configuration.SpringDocConfiguration' (OnBeanCondition)

   SpringDocSecurityConfiguration.SpringSecurityLoginEndpointConfiguration matched:
      - @ConditionalOnClass found required class 'jakarta.servlet.Filter' (OnClassCondition)

   SpringDocSortConfiguration matched:
      - @ConditionalOnClass found required class 'org.springframework.data.domain.Sort' (OnClassCondition)
      - @ConditionalOnWebApplication (required) found 'session' scope (OnWebApplicationCondition)
      - @ConditionalOnProperty (springdoc.api-docs.enabled) matched (OnPropertyCondition)
      - @ConditionalOnBean (types: org.springdoc.core.configuration.SpringDocConfiguration; SearchStrategy: all) found bean 'org.springdoc.core.configuration.SpringDocConfiguration' (OnBeanCondition)

   SpringDocSortConfiguration#sortOpenAPIConverter matched:
      - @ConditionalOnProperty (springdoc.sort-converter.enabled) matched (OnPropertyCondition)
      - @ConditionalOnMissingBean (types: org.springdoc.core.converters.SortOpenAPIConverter; SearchStrategy: all) did not find any beans (OnBeanCondition)

   SpringDocUIConfiguration matched:
      - @ConditionalOnWebApplication (required) found 'session' scope (OnWebApplicationCondition)
      - @ConditionalOnBean (types: org.springdoc.core.configuration.SpringDocConfiguration; SearchStrategy: all) found bean 'org.springdoc.core.configuration.SpringDocConfiguration' (OnBeanCondition)

   SpringDocWebMvcConfiguration matched:
      - found 'session' scope (OnWebApplicationCondition)
      - @ConditionalOnProperty (springdoc.api-docs.enabled) matched (OnPropertyCondition)
      - @ConditionalOnBean (types: org.springdoc.core.configuration.SpringDocConfiguration; SearchStrategy: all) found bean 'org.springdoc.core.configuration.SpringDocConfiguration' (OnBeanCondition)

   SpringDocWebMvcConfiguration#openApiResource matched:
      - @ConditionalOnExpression (#{(${springdoc.use-management-port:false} == false ) and ${springdoc.enable-default-api-docs:true}}) resulted in true (OnExpressionCondition)
      - @ConditionalOnMissingBean (types: org.springdoc.webmvc.api.OpenApiWebMvcResource; SearchStrategy: all) did not find any beans (OnBeanCondition)

   SpringDocWebMvcConfiguration#requestBuilder matched:
      - @ConditionalOnMissingBean (types: org.springdoc.webmvc.core.service.RequestService; SearchStrategy: all) did not find any beans (OnBeanCondition)

   SpringDocWebMvcConfiguration#responseBuilder matched:
      - @ConditionalOnMissingBean (types: org.springdoc.core.service.GenericResponseService; SearchStrategy: all) did not find any beans (OnBeanCondition)

   SpringDocWebMvcConfiguration#springWebProvider matched:
      - @ConditionalOnMissingBean (types: org.springdoc.core.providers.SpringWebProvider; SearchStrategy: all) did not find any beans (OnBeanCondition)

   SpringDocWebMvcConfiguration.SpringDocWebMvcRouterConfiguration matched:
      - @ConditionalOnClass found required class 'org.springframework.web.servlet.function.RouterFunction' (OnClassCondition)

   SpringDocWebMvcConfiguration.SpringDocWebMvcRouterConfiguration#routerFunctionProvider matched:
      - @ConditionalOnMissingBean (types: org.springdoc.webmvc.core.providers.RouterFunctionWebMvcProvider; SearchStrategy: all) did not find any beans (OnBeanCondition)

   SqlInitializationAutoConfiguration matched:
      - @ConditionalOnProperty (spring.sql.init.enabled) matched (OnPropertyCondition)
      - NoneNestedConditions 0 matched 1 did not; NestedCondition on SqlInitializationAutoConfiguration.SqlInitializationModeCondition.ModeIsNever @ConditionalOnProperty (spring.sql.init.mode=never) found different value in property 'mode' (SqlInitializationAutoConfiguration.SqlInitializationModeCondition)

   SslAutoConfiguration#sslBundleRegistry matched:
      - @ConditionalOnMissingBean (types: org.springframework.boot.ssl.SslBundleRegistry,org.springframework.boot.ssl.SslBundles; SearchStrategy: all) did not find any beans (OnBeanCondition)

   SwaggerConfig matched:
      - found 'session' scope (OnWebApplicationCondition)
      - @ConditionalOnProperty (springdoc.swagger-ui.enabled) matched (OnPropertyCondition)
      - @ConditionalOnBean (types: org.springdoc.core.configuration.SpringDocConfiguration; SearchStrategy: all) found bean 'org.springdoc.core.configuration.SpringDocConfiguration' (OnBeanCondition)

   SwaggerConfig#indexPageTransformer matched:
      - @ConditionalOnMissingBean (types: org.springdoc.webmvc.ui.SwaggerIndexTransformer; SearchStrategy: all) did not find any beans (OnBeanCondition)

   SwaggerConfig#swaggerConfigResource matched:
      - @ConditionalOnProperty (springdoc.use-management-port=false) matched (OnPropertyCondition)
      - @ConditionalOnMissingBean (types: org.springdoc.webmvc.ui.SwaggerConfigResource; SearchStrategy: all) did not find any beans (OnBeanCondition)

   SwaggerConfig#swaggerResourceResolver matched:
      - @ConditionalOnMissingBean (types: org.springdoc.webmvc.ui.SwaggerResourceResolver; SearchStrategy: all) did not find any beans (OnBeanCondition)

   SwaggerConfig#swaggerWebMvcConfigurer matched:
      - @ConditionalOnMissingBean (types: org.springdoc.webmvc.ui.SwaggerWebMvcConfigurer; SearchStrategy: all) did not find any beans (OnBeanCondition)

   SwaggerConfig#swaggerWelcome matched:
      - @ConditionalOnProperty (springdoc.use-management-port=false) matched (OnPropertyCondition)
      - @ConditionalOnMissingBean (types: org.springdoc.webmvc.ui.SwaggerWelcomeWebMvc; SearchStrategy: all) did not find any beans (OnBeanCondition)

   SwaggerUiConfigParameters matched:
      - @ConditionalOnProperty (springdoc.swagger-ui.enabled) matched (OnPropertyCondition)
      - @ConditionalOnBean (types: org.springdoc.core.configuration.SpringDocConfiguration; SearchStrategy: all) found bean 'org.springdoc.core.configuration.SpringDocConfiguration' (OnBeanCondition)

   SwaggerUiConfigProperties matched:
      - @ConditionalOnProperty (springdoc.swagger-ui.enabled) matched (OnPropertyCondition)
      - @ConditionalOnBean (types: org.springdoc.core.configuration.SpringDocConfiguration; SearchStrategy: all) found bean 'org.springdoc.core.configuration.SpringDocConfiguration' (OnBeanCondition)

   SwaggerUiOAuthProperties matched:
      - @ConditionalOnProperty (springdoc.swagger-ui.enabled) matched (OnPropertyCondition)
      - @ConditionalOnBean (types: org.springdoc.core.configuration.SpringDocConfiguration; SearchStrategy: all) found bean 'org.springdoc.core.configuration.SpringDocConfiguration' (OnBeanCondition)

   TaskExecutionAutoConfiguration matched:
      - @ConditionalOnClass found required class 'org.springframework.scheduling.concurrent.ThreadPoolTaskExecutor' (OnClassCondition)

   TaskExecutorConfigurations.SimpleAsyncTaskExecutorBuilderConfiguration#simpleAsyncTaskExecutorBuilder matched:
      - @ConditionalOnMissingBean (types: org.springframework.boot.task.SimpleAsyncTaskExecutorBuilder; SearchStrategy: all) did not find any beans (OnBeanCondition)
      - @ConditionalOnThreading found PLATFORM (OnThreadingCondition)

   TaskExecutorConfigurations.TaskExecutorBuilderConfiguration#taskExecutorBuilder matched:
      - @ConditionalOnMissingBean (types: org.springframework.boot.task.TaskExecutorBuilder; SearchStrategy: all) did not find any beans (OnBeanCondition)

   TaskExecutorConfigurations.TaskExecutorConfiguration matched:
      - @ConditionalOnMissingBean (types: java.util.concurrent.Executor; SearchStrategy: all) did not find any beans (OnBeanCondition)

   TaskExecutorConfigurations.TaskExecutorConfiguration#applicationTaskExecutor matched:
      - @ConditionalOnThreading found PLATFORM (OnThreadingCondition)

   TaskExecutorConfigurations.ThreadPoolTaskExecutorBuilderConfiguration#threadPoolTaskExecutorBuilder matched:
      - @ConditionalOnMissingBean (types: org.springframework.boot.task.TaskExecutorBuilder,org.springframework.boot.task.ThreadPoolTaskExecutorBuilder; SearchStrategy: all) did not find any beans (OnBeanCondition)

   TaskSchedulingAutoConfiguration matched:
      - @ConditionalOnClass found required class 'org.springframework.scheduling.concurrent.ThreadPoolTaskScheduler' (OnClassCondition)

   TaskSchedulingConfigurations.SimpleAsyncTaskSchedulerBuilderConfiguration#simpleAsyncTaskSchedulerBuilder matched:
      - @ConditionalOnMissingBean (types: org.springframework.boot.task.SimpleAsyncTaskSchedulerBuilder; SearchStrategy: all) did not find any beans (OnBeanCondition)
      - @ConditionalOnThreading found PLATFORM (OnThreadingCondition)

   TaskSchedulingConfigurations.TaskSchedulerBuilderConfiguration#taskSchedulerBuilder matched:
      - @ConditionalOnMissingBean (types: org.springframework.boot.task.TaskSchedulerBuilder; SearchStrategy: all) did not find any beans (OnBeanCondition)

   TaskSchedulingConfigurations.ThreadPoolTaskSchedulerBuilderConfiguration#threadPoolTaskSchedulerBuilder matched:
      - @ConditionalOnMissingBean (types: org.springframework.boot.task.TaskSchedulerBuilder,org.springframework.boot.task.ThreadPoolTaskSchedulerBuilder; SearchStrategy: all) did not find any beans (OnBeanCondition)

   TransactionAutoConfiguration matched:
      - @ConditionalOnClass found required class 'org.springframework.transaction.PlatformTransactionManager' (OnClassCondition)

   TransactionAutoConfiguration.EnableTransactionManagementConfiguration matched:
      - @ConditionalOnBean (types: org.springframework.transaction.TransactionManager; SearchStrategy: all) found bean 'transactionManager'; @ConditionalOnMissingBean (types: org.springframework.transaction.annotation.AbstractTransactionManagementConfiguration; SearchStrategy: all) did not find any beans (OnBeanCondition)

   TransactionAutoConfiguration.EnableTransactionManagementConfiguration.CglibAutoProxyConfiguration matched:
      - @ConditionalOnProperty (spring.aop.proxy-target-class=true) matched (OnPropertyCondition)

   TransactionAutoConfiguration.TransactionTemplateConfiguration matched:
      - @ConditionalOnSingleCandidate (types: org.springframework.transaction.PlatformTransactionManager; SearchStrategy: all) found a single bean 'transactionManager' (OnBeanCondition)

   TransactionAutoConfiguration.TransactionTemplateConfiguration#transactionTemplate matched:
      - @ConditionalOnMissingBean (types: org.springframework.transaction.support.TransactionOperations; SearchStrategy: all) did not find any beans (OnBeanCondition)

   TransactionManagerCustomizationAutoConfiguration matched:
      - @ConditionalOnClass found required class 'org.springframework.transaction.PlatformTransactionManager' (OnClassCondition)

   TransactionManagerCustomizationAutoConfiguration#platformTransactionManagerCustomizers matched:
      - @ConditionalOnMissingBean (types: org.springframework.boot.autoconfigure.transaction.TransactionManagerCustomizers; SearchStrategy: all) did not find any beans (OnBeanCondition)

   ValidationAutoConfiguration matched:
      - @ConditionalOnClass found required class 'jakarta.validation.executable.ExecutableValidator' (OnClassCondition)
      - @ConditionalOnResource found location classpath:META-INF/services/jakarta.validation.spi.ValidationProvider (OnResourceCondition)

   ValidationAutoConfiguration#defaultValidator matched:
      - @ConditionalOnMissingBean (types: jakarta.validation.Validator; SearchStrategy: all) did not find any beans (OnBeanCondition)

   ValidationAutoConfiguration#methodValidationPostProcessor matched:
      - @ConditionalOnMissingBean (types: org.springframework.validation.beanvalidation.MethodValidationPostProcessor; SearchStrategy: current) did not find any beans (OnBeanCondition)

   WebMvcAutoConfiguration matched:
      - @ConditionalOnClass found required classes 'jakarta.servlet.Servlet', 'org.springframework.web.servlet.DispatcherServlet', 'org.springframework.web.servlet.config.annotation.WebMvcConfigurer' (OnClassCondition)
      - found 'session' scope (OnWebApplicationCondition)
      - @ConditionalOnMissingBean (types: org.springframework.web.servlet.config.annotation.WebMvcConfigurationSupport; SearchStrategy: all) did not find any beans (OnBeanCondition)

   WebMvcAutoConfiguration#formContentFilter matched:
      - @ConditionalOnProperty (spring.mvc.formcontent.filter.enabled) matched (OnPropertyCondition)
      - @ConditionalOnMissingBean (types: org.springframework.web.filter.FormContentFilter; SearchStrategy: all) did not find any beans (OnBeanCondition)

   WebMvcAutoConfiguration.EnableWebMvcConfiguration#flashMapManager matched:
      - @ConditionalOnMissingBean (names: flashMapManager; SearchStrategy: all) did not find any beans (OnBeanCondition)

   WebMvcAutoConfiguration.EnableWebMvcConfiguration#localeResolver matched:
      - @ConditionalOnMissingBean (names: localeResolver; SearchStrategy: all) did not find any beans (OnBeanCondition)

   WebMvcAutoConfiguration.EnableWebMvcConfiguration#themeResolver matched:
      - @ConditionalOnMissingBean (names: themeResolver; SearchStrategy: all) did not find any beans (OnBeanCondition)

   WebMvcAutoConfiguration.WebMvcAutoConfigurationAdapter#defaultViewResolver matched:
      - @ConditionalOnMissingBean (types: org.springframework.web.servlet.view.InternalResourceViewResolver; SearchStrategy: all) did not find any beans (OnBeanCondition)

   WebMvcAutoConfiguration.WebMvcAutoConfigurationAdapter#requestContextFilter matched:
      - @ConditionalOnMissingBean (types: org.springframework.web.context.request.RequestContextListener,org.springframework.web.filter.RequestContextFilter; SearchStrategy: all) did not find any beans (OnBeanCondition)

   WebMvcAutoConfiguration.WebMvcAutoConfigurationAdapter#viewResolver matched:
      - @ConditionalOnBean (types: org.springframework.web.servlet.ViewResolver; SearchStrategy: all) found beans 'defaultViewResolver', 'beanNameViewResolver', 'mvcViewResolver'; @ConditionalOnMissingBean (names: viewResolver types: org.springframework.web.servlet.view.ContentNegotiatingViewResolver; SearchStrategy: all) did not find any beans (OnBeanCondition)

   WebSocketServletAutoConfiguration matched:
      - @ConditionalOnClass found required classes 'jakarta.servlet.Servlet', 'jakarta.websocket.server.ServerContainer' (OnClassCondition)
      - found 'session' scope (OnWebApplicationCondition)

   WebSocketServletAutoConfiguration.TomcatWebSocketConfiguration matched:
      - @ConditionalOnClass found required classes 'org.apache.catalina.startup.Tomcat', 'org.apache.tomcat.websocket.server.WsSci' (OnClassCondition)

   WebSocketServletAutoConfiguration.TomcatWebSocketConfiguration#websocketServletWebServerCustomizer matched:
      - @ConditionalOnMissingBean (names: websocketServletWebServerCustomizer; SearchStrategy: all) did not find any beans (OnBeanCondition)


Negative matches:
-----------------

   ActiveMQAutoConfiguration:
      Did not match:
         - @ConditionalOnClass did not find required class 'jakarta.jms.ConnectionFactory' (OnClassCondition)

   AopAutoConfiguration.AspectJAutoProxyingConfiguration.JdkDynamicAutoProxyConfiguration:
      Did not match:
         - @ConditionalOnProperty (spring.aop.proxy-target-class=false) did not find property 'proxy-target-class' (OnPropertyCondition)

   AopAutoConfiguration.ClassProxyingConfiguration:
      Did not match:
         - @ConditionalOnMissingClass found unwanted class 'org.aspectj.weaver.Advice' (OnClassCondition)

   ArtemisAutoConfiguration:
      Did not match:
         - @ConditionalOnClass did not find required class 'jakarta.jms.ConnectionFactory' (OnClassCondition)

   BatchAutoConfiguration:
      Did not match:
         - @ConditionalOnClass did not find required class 'org.springframework.batch.core.launch.JobLauncher' (OnClassCondition)

   Cache2kCacheConfiguration:
      Did not match:
         - @ConditionalOnClass did not find required class 'org.cache2k.Cache2kBuilder' (OnClassCondition)

   CacheAutoConfiguration:
      Did not match:
         - @ConditionalOnBean (types: org.springframework.cache.interceptor.CacheAspectSupport; SearchStrategy: all) did not find any beans of type org.springframework.cache.interceptor.CacheAspectSupport (OnBeanCondition)
      Matched:
         - @ConditionalOnClass found required class 'org.springframework.cache.CacheManager' (OnClassCondition)

   CacheAutoConfiguration.CacheManagerEntityManagerFactoryDependsOnPostProcessor:
      Did not match:
         - Ancestor org.springframework.boot.autoconfigure.cache.CacheAutoConfiguration did not match (ConditionEvaluationReport.AncestorsMatchedCondition)
      Matched:
         - @ConditionalOnClass found required class 'org.springframework.orm.jpa.LocalContainerEntityManagerFactoryBean' (OnClassCondition)

   CaffeineCacheConfiguration:
      Did not match:
         - @ConditionalOnClass did not find required class 'com.github.benmanes.caffeine.cache.Caffeine' (OnClassCondition)

   CassandraAutoConfiguration:
      Did not match:
         - @ConditionalOnClass did not find required class 'com.datastax.oss.driver.api.core.CqlSession' (OnClassCondition)

   CassandraDataAutoConfiguration:
      Did not match:
         - @ConditionalOnClass did not find required class 'com.datastax.oss.driver.api.core.CqlSession' (OnClassCondition)

   CassandraReactiveDataAutoConfiguration:
      Did not match:
         - @ConditionalOnClass did not find required class 'com.datastax.oss.driver.api.core.CqlSession' (OnClassCondition)

   CassandraReactiveRepositoriesAutoConfiguration:
      Did not match:
         - @ConditionalOnClass did not find required class 'org.springframework.data.cassandra.ReactiveSession' (OnClassCondition)

   CassandraRepositoriesAutoConfiguration:
      Did not match:
         - @ConditionalOnClass did not find required class 'com.datastax.oss.driver.api.core.CqlSession' (OnClassCondition)

   ClientHttpConnectorAutoConfiguration:
      Did not match:
         - @ConditionalOnClass did not find required class 'org.springframework.web.reactive.function.client.WebClient' (OnClassCondition)

   CodecsAutoConfiguration:
      Did not match:
         - @ConditionalOnClass did not find required class 'org.springframework.web.reactive.function.client.WebClient' (OnClassCondition)

   CouchbaseAutoConfiguration:
      Did not match:
         - @ConditionalOnClass did not find required class 'com.couchbase.client.java.Cluster' (OnClassCondition)

   CouchbaseCacheConfiguration:
      Did not match:
         - @ConditionalOnClass did not find required class 'com.couchbase.client.java.Cluster' (OnClassCondition)

   CouchbaseDataAutoConfiguration:
      Did not match:
         - @ConditionalOnClass did not find required class 'com.couchbase.client.java.Bucket' (OnClassCondition)

   CouchbaseReactiveDataAutoConfiguration:
      Did not match:
         - @ConditionalOnClass did not find required class 'com.couchbase.client.java.Cluster' (OnClassCondition)

   CouchbaseReactiveRepositoriesAutoConfiguration:
      Did not match:
         - @ConditionalOnClass did not find required class 'com.couchbase.client.java.Cluster' (OnClassCondition)

   CouchbaseRepositoriesAutoConfiguration:
      Did not match:
         - @ConditionalOnClass did not find required class 'com.couchbase.client.java.Bucket' (OnClassCondition)

   DataSourceAutoConfiguration.EmbeddedDatabaseConfiguration:
      Did not match:
         - EmbeddedDataSource spring.datasource.url is set (DataSourceAutoConfiguration.EmbeddedDatabaseCondition)

   DataSourceCheckpointRestoreConfiguration:
      Did not match:
         - @ConditionalOnClass did not find required class 'org.crac.Resource' (OnClassCondition)

   DataSourceConfiguration.Dbcp2:
      Did not match:
         - @ConditionalOnClass did not find required class 'org.apache.commons.dbcp2.BasicDataSource' (OnClassCondition)

   DataSourceConfiguration.Generic:
      Did not match:
         - @ConditionalOnProperty (spring.datasource.type) did not find property 'spring.datasource.type' (OnPropertyCondition)

   DataSourceConfiguration.OracleUcp:
      Did not match:
         - @ConditionalOnClass did not find required classes 'oracle.ucp.jdbc.PoolDataSourceImpl', 'oracle.jdbc.OracleConnection' (OnClassCondition)

   DataSourceConfiguration.Tomcat:
      Did not match:
         - @ConditionalOnClass did not find required class 'org.apache.tomcat.jdbc.pool.DataSource' (OnClassCondition)

   DataSourceJmxConfiguration.TomcatDataSourceJmxConfiguration:
      Did not match:
         - @ConditionalOnClass did not find required class 'org.apache.tomcat.jdbc.pool.DataSourceProxy' (OnClassCondition)

   DataSourcePoolMetadataProvidersConfiguration.CommonsDbcp2PoolDataSourceMetadataProviderConfiguration:
      Did not match:
         - @ConditionalOnClass did not find required class 'org.apache.commons.dbcp2.BasicDataSource' (OnClassCondition)

   DataSourcePoolMetadataProvidersConfiguration.OracleUcpPoolDataSourceMetadataProviderConfiguration:
      Did not match:
         - @ConditionalOnClass did not find required classes 'oracle.ucp.jdbc.PoolDataSource', 'oracle.jdbc.OracleConnection' (OnClassCondition)

   DataSourcePoolMetadataProvidersConfiguration.TomcatDataSourcePoolMetadataProviderConfiguration:
      Did not match:
         - @ConditionalOnClass did not find required class 'org.apache.tomcat.jdbc.pool.DataSource' (OnClassCondition)

   DataSourceTransactionManagerAutoConfiguration.JdbcTransactionManagerConfiguration#transactionManager:
      Did not match:
         - @ConditionalOnMissingBean (types: org.springframework.transaction.TransactionManager; SearchStrategy: all) found beans of type 'org.springframework.transaction.TransactionManager' transactionManager (OnBeanCondition)

   DispatcherServletAutoConfiguration.DispatcherServletConfiguration#multipartResolver:
      Did not match:
         - @ConditionalOnBean (types: org.springframework.web.multipart.MultipartResolver; SearchStrategy: all) did not find any beans of type org.springframework.web.multipart.MultipartResolver (OnBeanCondition)

   ElasticsearchClientAutoConfiguration:
      Did not match:
         - @ConditionalOnClass did not find required class 'co.elastic.clients.elasticsearch.ElasticsearchClient' (OnClassCondition)

   ElasticsearchDataAutoConfiguration:
      Did not match:
         - @ConditionalOnClass did not find required class 'org.springframework.data.elasticsearch.client.elc.ElasticsearchTemplate' (OnClassCondition)

   ElasticsearchRepositoriesAutoConfiguration:
      Did not match:
         - @ConditionalOnClass did not find required class 'org.springframework.data.elasticsearch.repository.ElasticsearchRepository' (OnClassCondition)

   ElasticsearchRestClientAutoConfiguration:
      Did not match:
         - @ConditionalOnClass did not find required class 'org.elasticsearch.client.RestClientBuilder' (OnClassCondition)

   EmbeddedLdapAutoConfiguration:
      Did not match:
         - @ConditionalOnClass did not find required class 'com.unboundid.ldap.listener.InMemoryDirectoryServer' (OnClassCondition)

   EmbeddedWebServerFactoryCustomizerAutoConfiguration.JettyWebServerFactoryCustomizerConfiguration:
      Did not match:
         - @ConditionalOnClass did not find required classes 'org.eclipse.jetty.server.Server', 'org.eclipse.jetty.util.Loader', 'org.eclipse.jetty.ee10.webapp.WebAppContext' (OnClassCondition)

   EmbeddedWebServerFactoryCustomizerAutoConfiguration.NettyWebServerFactoryCustomizerConfiguration:
      Did not match:
         - @ConditionalOnClass did not find required class 'reactor.netty.http.server.HttpServer' (OnClassCondition)

   EmbeddedWebServerFactoryCustomizerAutoConfiguration.TomcatWebServerFactoryCustomizerConfiguration#tomcatVirtualThreadsProtocolHandlerCustomizer:
      Did not match:
         - @ConditionalOnThreading did not find VIRTUAL (OnThreadingCondition)

   EmbeddedWebServerFactoryCustomizerAutoConfiguration.UndertowWebServerFactoryCustomizerConfiguration:
      Did not match:
         - @ConditionalOnClass did not find required classes 'io.undertow.Undertow', 'org.xnio.SslClientAuthMode' (OnClassCondition)

   ErrorWebFluxAutoConfiguration:
      Did not match:
         - @ConditionalOnClass did not find required class 'org.springframework.web.reactive.config.WebFluxConfigurer' (OnClassCondition)

   FlywayAutoConfiguration:
      Did not match:
         - @ConditionalOnClass did not find required class 'org.flywaydb.core.Flyway' (OnClassCondition)

   FreeMarkerAutoConfiguration:
      Did not match:
         - @ConditionalOnClass did not find required class 'freemarker.template.Configuration' (OnClassCondition)

   GraphQlAutoConfiguration:
      Did not match:
         - @ConditionalOnClass did not find required class 'graphql.GraphQL' (OnClassCondition)

   GraphQlQueryByExampleAutoConfiguration:
      Did not match:
         - @ConditionalOnClass did not find required class 'graphql.GraphQL' (OnClassCondition)

   GraphQlQuerydslAutoConfiguration:
      Did not match:
         - @ConditionalOnClass did not find required class 'com.querydsl.core.Query' (OnClassCondition)

   GraphQlRSocketAutoConfiguration:
      Did not match:
         - @ConditionalOnClass did not find required class 'graphql.GraphQL' (OnClassCondition)

   GraphQlReactiveQueryByExampleAutoConfiguration:
      Did not match:
         - @ConditionalOnClass did not find required class 'graphql.GraphQL' (OnClassCondition)

   GraphQlReactiveQuerydslAutoConfiguration:
      Did not match:
         - @ConditionalOnClass did not find required class 'com.querydsl.core.Query' (OnClassCondition)

   GraphQlWebFluxAutoConfiguration:
      Did not match:
         - @ConditionalOnClass did not find required class 'graphql.GraphQL' (OnClassCondition)

   GraphQlWebFluxSecurityAutoConfiguration:
      Did not match:
         - @ConditionalOnClass did not find required class 'graphql.GraphQL' (OnClassCondition)

   GraphQlWebMvcAutoConfiguration:
      Did not match:
         - @ConditionalOnClass did not find required class 'graphql.GraphQL' (OnClassCondition)

   GraphQlWebMvcSecurityAutoConfiguration:
      Did not match:
         - @ConditionalOnClass did not find required class 'graphql.GraphQL' (OnClassCondition)

   GroovyTemplateAutoConfiguration:
      Did not match:
         - @ConditionalOnClass did not find required class 'groovy.text.markup.MarkupTemplateEngine' (OnClassCondition)

   GsonAutoConfiguration:
      Did not match:
         - @ConditionalOnClass did not find required class 'com.google.gson.Gson' (OnClassCondition)

   GsonHttpMessageConvertersConfiguration:
      Did not match:
         - @ConditionalOnClass did not find required class 'com.google.gson.Gson' (OnClassCondition)

   H2ConsoleAutoConfiguration:
      Did not match:
         - @ConditionalOnClass did not find required class 'org.h2.server.web.JakartaWebServlet' (OnClassCondition)

   HazelcastAutoConfiguration:
      Did not match:
         - @ConditionalOnClass did not find required class 'com.hazelcast.core.HazelcastInstance' (OnClassCondition)

   HazelcastCacheConfiguration:
      Did not match:
         - @ConditionalOnClass did not find required class 'com.hazelcast.core.HazelcastInstance' (OnClassCondition)

   HazelcastJpaDependencyAutoConfiguration:
      Did not match:
         - @ConditionalOnClass did not find required class 'com.hazelcast.core.HazelcastInstance' (OnClassCondition)

   HttpHandlerAutoConfiguration:
      Did not match:
         - @ConditionalOnClass did not find required class 'org.springframework.web.reactive.DispatcherHandler' (OnClassCondition)

   HypermediaAutoConfiguration:
      Did not match:
         - @ConditionalOnClass did not find required class 'org.springframework.hateoas.EntityModel' (OnClassCondition)

   InfinispanCacheConfiguration:
      Did not match:
         - @ConditionalOnClass did not find required class 'org.infinispan.spring.embedded.provider.SpringEmbeddedCacheManager' (OnClassCondition)

   InfluxDbAutoConfiguration:
      Did not match:
         - @ConditionalOnClass did not find required class 'org.influxdb.InfluxDB' (OnClassCondition)

   IntegrationAutoConfiguration:
      Did not match:
         - @ConditionalOnClass did not find required class 'org.springframework.integration.config.EnableIntegration' (OnClassCondition)

   JCacheCacheConfiguration:
      Did not match:
         - @ConditionalOnClass did not find required class 'javax.cache.Caching' (OnClassCondition)

   JacksonHttpMessageConvertersConfiguration.MappingJackson2XmlHttpMessageConverterConfiguration:
      Did not match:
         - @ConditionalOnClass did not find required class 'com.fasterxml.jackson.dataformat.xml.XmlMapper' (OnClassCondition)

   JdbcRepositoriesAutoConfiguration:
      Did not match:
         - @ConditionalOnClass did not find required class 'org.springframework.data.jdbc.repository.config.AbstractJdbcConfiguration' (OnClassCondition)

   JerseyAutoConfiguration:
      Did not match:
         - @ConditionalOnClass did not find required class 'org.glassfish.jersey.server.spring.SpringComponentProvider' (OnClassCondition)

   JmsAutoConfiguration:
      Did not match:
         - @ConditionalOnClass did not find required class 'jakarta.jms.Message' (OnClassCondition)

   JmxAutoConfiguration:
      Did not match:
         - @ConditionalOnProperty (spring.jmx.enabled=true) did not find property 'enabled' (OnPropertyCondition)
      Matched:
         - @ConditionalOnClass found required class 'org.springframework.jmx.export.MBeanExporter' (OnClassCondition)

   JndiConnectionFactoryAutoConfiguration:
      Did not match:
         - @ConditionalOnClass did not find required class 'org.springframework.jms.core.JmsTemplate' (OnClassCondition)

   JndiDataSourceAutoConfiguration:
      Did not match:
         - @ConditionalOnProperty (spring.datasource.jndi-name) did not find property 'jndi-name' (OnPropertyCondition)
      Matched:
         - @ConditionalOnClass found required classes 'javax.sql.DataSource', 'org.springframework.jdbc.datasource.embedded.EmbeddedDatabaseType' (OnClassCondition)

   JndiJtaConfiguration:
      Did not match:
         - @ConditionalOnJndi JNDI environment is not available (OnJndiCondition)
      Matched:
         - @ConditionalOnClass found required class 'org.springframework.transaction.jta.JtaTransactionManager' (OnClassCondition)

   JooqAutoConfiguration:
      Did not match:
         - @ConditionalOnClass did not find required class 'org.jooq.DSLContext' (OnClassCondition)

   JpaRepositoriesAutoConfiguration#entityManagerFactoryBootstrapExecutorCustomizer:
      Did not match:
         - AnyNestedCondition 0 matched 2 did not; NestedCondition on JpaRepositoriesAutoConfiguration.BootstrapExecutorCondition.LazyBootstrapMode @ConditionalOnProperty (spring.data.jpa.repositories.bootstrap-mode=lazy) did not find property 'bootstrap-mode'; NestedCondition on JpaRepositoriesAutoConfiguration.BootstrapExecutorCondition.DeferredBootstrapMode @ConditionalOnProperty (spring.data.jpa.repositories.bootstrap-mode=deferred) did not find property 'bootstrap-mode' (JpaRepositoriesAutoConfiguration.BootstrapExecutorCondition)

   JsonbAutoConfiguration:
      Did not match:
         - @ConditionalOnClass did not find required class 'jakarta.json.bind.Jsonb' (OnClassCondition)

   JsonbHttpMessageConvertersConfiguration:
      Did not match:
         - @ConditionalOnClass did not find required class 'jakarta.json.bind.Jsonb' (OnClassCondition)

   KafkaAutoConfiguration:
      Did not match:
         - @ConditionalOnClass did not find required class 'org.springframework.kafka.core.KafkaTemplate' (OnClassCondition)

   LdapAutoConfiguration:
      Did not match:
         - @ConditionalOnClass did not find required class 'org.springframework.ldap.core.ContextSource' (OnClassCondition)

   LdapRepositoriesAutoConfiguration:
      Did not match:
         - @ConditionalOnClass did not find required class 'org.springframework.data.ldap.repository.LdapRepository' (OnClassCondition)

   LiquibaseAutoConfiguration:
      Did not match:
         - @ConditionalOnClass did not find required class 'liquibase.change.DatabaseChange' (OnClassCondition)

   MailSenderAutoConfiguration:
      Did not match:
         - @ConditionalOnClass did not find required class 'jakarta.mail.internet.MimeMessage' (OnClassCondition)

   MailSenderValidatorAutoConfiguration:
      Did not match:
         - @ConditionalOnSingleCandidate did not find required type 'org.springframework.mail.javamail.JavaMailSenderImpl' (OnBeanCondition)

   MessageSourceAutoConfiguration:
      Did not match:
         - ResourceBundle did not find bundle with basename messages (MessageSourceAutoConfiguration.ResourceBundleCondition)

   MongoAutoConfiguration:
      Did not match:
         - @ConditionalOnClass did not find required class 'com.mongodb.client.MongoClient' (OnClassCondition)

   MongoDataAutoConfiguration:
      Did not match:
         - @ConditionalOnClass did not find required class 'com.mongodb.client.MongoClient' (OnClassCondition)

   MongoReactiveAutoConfiguration:
      Did not match:
         - @ConditionalOnClass did not find required class 'com.mongodb.reactivestreams.client.MongoClient' (OnClassCondition)

   MongoReactiveDataAutoConfiguration:
      Did not match:
         - @ConditionalOnClass did not find required class 'com.mongodb.reactivestreams.client.MongoClient' (OnClassCondition)

   MongoReactiveRepositoriesAutoConfiguration:
      Did not match:
         - @ConditionalOnClass did not find required class 'com.mongodb.reactivestreams.client.MongoClient' (OnClassCondition)

   MongoRepositoriesAutoConfiguration:
      Did not match:
         - @ConditionalOnClass did not find required class 'com.mongodb.client.MongoClient' (OnClassCondition)

   MultipleOpenApiSupportConfiguration:
      Did not match:
         - AnyNestedCondition 0 matched 2 did not; NestedCondition on MultipleOpenApiSupportCondition.OnActuatorDifferentPort @ConditionalOnProperty (springdoc.show-actuator) did not find property 'springdoc.show-actuator'; NestedCondition on MultipleOpenApiSupportCondition.OnMultipleOpenApiSupportCondition AnyNestedCondition 0 matched 3 did not; NestedCondition on MultipleOpenApiGroupsCondition.OnListGroupedOpenApiBean @ConditionalOnBean (types: org.springdoc.core.models.GroupedOpenApi; SearchStrategy: all) did not find any beans of type org.springdoc.core.models.GroupedOpenApi; NestedCondition on MultipleOpenApiGroupsCondition.OnGroupConfigProperty @ConditionalOnProperty (springdoc.group-configs[0].group) did not find property 'springdoc.group-configs[0].group'; NestedCondition on MultipleOpenApiGroupsCondition.OnGroupedOpenApiBean @ConditionalOnBean (types: org.springdoc.core.models.GroupedOpenApi; SearchStrategy: all) did not find any beans of type org.springdoc.core.models.GroupedOpenApi (MultipleOpenApiSupportCondition)
      Matched:
         - found 'session' scope (OnWebApplicationCondition)
         - @ConditionalOnProperty (springdoc.api-docs.enabled) matched (OnPropertyCondition)

   MultipleOpenApiSupportConfiguration.SpringDocWebMvcActuatorDifferentConfiguration:
      Did not match:
         - @ConditionalOnClass did not find required class 'org.springframework.boot.actuate.endpoint.web.servlet.WebMvcEndpointHandlerMapping' (OnClassCondition)
         - Ancestor org.springdoc.webmvc.core.configuration.MultipleOpenApiSupportConfiguration did not match (ConditionEvaluationReport.AncestorsMatchedCondition)

   MustacheAutoConfiguration:
      Did not match:
         - @ConditionalOnClass did not find required class 'com.samskivert.mustache.Mustache' (OnClassCondition)

   Neo4jAutoConfiguration:
      Did not match:
         - @ConditionalOnClass did not find required class 'org.neo4j.driver.Driver' (OnClassCondition)

   Neo4jDataAutoConfiguration:
      Did not match:
         - @ConditionalOnClass did not find required class 'org.neo4j.driver.Driver' (OnClassCondition)

   Neo4jReactiveDataAutoConfiguration:
      Did not match:
         - @ConditionalOnClass did not find required class 'org.neo4j.driver.Driver' (OnClassCondition)

   Neo4jReactiveRepositoriesAutoConfiguration:
      Did not match:
         - @ConditionalOnClass did not find required class 'org.neo4j.driver.Driver' (OnClassCondition)

   Neo4jRepositoriesAutoConfiguration:
      Did not match:
         - @ConditionalOnClass did not find required class 'org.neo4j.driver.Driver' (OnClassCondition)

   NettyAutoConfiguration:
      Did not match:
         - @ConditionalOnClass did not find required class 'io.netty.util.NettyRuntime' (OnClassCondition)

   OAuth2AuthorizationServerAutoConfiguration:
      Did not match:
         - @ConditionalOnClass did not find required class 'org.springframework.security.oauth2.server.authorization.OAuth2Authorization' (OnClassCondition)

   OAuth2AuthorizationServerJwtAutoConfiguration:
      Did not match:
         - @ConditionalOnClass did not find required class 'org.springframework.security.oauth2.server.authorization.OAuth2Authorization' (OnClassCondition)

   OAuth2ClientAutoConfiguration:
      Did not match:
         - @ConditionalOnClass did not find required class 'org.springframework.security.oauth2.client.registration.ClientRegistration' (OnClassCondition)

   OAuth2ResourceServerAutoConfiguration:
      Did not match:
         - @ConditionalOnClass did not find required class 'org.springframework.security.oauth2.server.resource.authentication.BearerTokenAuthenticationToken' (OnClassCondition)

   ProjectInfoAutoConfiguration#buildProperties:
      Did not match:
         - @ConditionalOnResource did not find resource '${spring.info.build.location:classpath:META-INF/build-info.properties}' (OnResourceCondition)

   ProjectInfoAutoConfiguration#gitProperties:
      Did not match:
         - GitResource did not find git info at classpath:git.properties (ProjectInfoAutoConfiguration.GitResourceAvailableCondition)

   PulsarAutoConfiguration:
      Did not match:
         - @ConditionalOnClass did not find required class 'org.apache.pulsar.client.api.PulsarClient' (OnClassCondition)

   PulsarReactiveAutoConfiguration:
      Did not match:
         - @ConditionalOnClass did not find required class 'org.apache.pulsar.client.api.PulsarClient' (OnClassCondition)

   QuartzAutoConfiguration:
      Did not match:
         - @ConditionalOnClass did not find required class 'org.quartz.Scheduler' (OnClassCondition)

   R2dbcAutoConfiguration:
      Did not match:
         - @ConditionalOnClass did not find required class 'io.r2dbc.spi.ConnectionFactory' (OnClassCondition)

   R2dbcDataAutoConfiguration:
      Did not match:
         - @ConditionalOnClass did not find required class 'org.springframework.data.r2dbc.core.R2dbcEntityTemplate' (OnClassCondition)

   R2dbcInitializationConfiguration:
      Did not match:
         - @ConditionalOnClass did not find required classes 'io.r2dbc.spi.ConnectionFactory', 'org.springframework.r2dbc.connection.init.DatabasePopulator' (OnClassCondition)

   R2dbcRepositoriesAutoConfiguration:
      Did not match:
         - @ConditionalOnClass did not find required class 'io.r2dbc.spi.ConnectionFactory' (OnClassCondition)

   R2dbcTransactionManagerAutoConfiguration:
      Did not match:
         - @ConditionalOnClass did not find required class 'org.springframework.r2dbc.connection.R2dbcTransactionManager' (OnClassCondition)

   RSocketGraphQlClientAutoConfiguration:
      Did not match:
         - @ConditionalOnClass did not find required class 'graphql.GraphQL' (OnClassCondition)

   RSocketMessagingAutoConfiguration:
      Did not match:
         - @ConditionalOnClass did not find required class 'io.rsocket.RSocket' (OnClassCondition)

   RSocketRequesterAutoConfiguration:
      Did not match:
         - @ConditionalOnClass did not find required class 'io.rsocket.RSocket' (OnClassCondition)

   RSocketSecurityAutoConfiguration:
      Did not match:
         - @ConditionalOnClass did not find required class 'org.springframework.security.rsocket.core.SecuritySocketAcceptorInterceptor' (OnClassCondition)

   RSocketServerAutoConfiguration:
      Did not match:
         - @ConditionalOnClass did not find required class 'io.rsocket.core.RSocketServer' (OnClassCondition)

   RSocketStrategiesAutoConfiguration:
      Did not match:
         - @ConditionalOnClass did not find required class 'io.netty.buffer.PooledByteBufAllocator' (OnClassCondition)

   RabbitAutoConfiguration:
      Did not match:
         - @ConditionalOnClass did not find required class 'com.rabbitmq.client.Channel' (OnClassCondition)

   ReactiveElasticsearchClientAutoConfiguration:
      Did not match:
         - @ConditionalOnClass did not find required class 'co.elastic.clients.transport.ElasticsearchTransport' (OnClassCondition)

   ReactiveElasticsearchRepositoriesAutoConfiguration:
      Did not match:
         - @ConditionalOnClass did not find required class 'reactor.core.publisher.Mono' (OnClassCondition)

   ReactiveMultipartAutoConfiguration:
      Did not match:
         - @ConditionalOnClass did not find required class 'org.springframework.web.reactive.config.WebFluxConfigurer' (OnClassCondition)

   ReactiveOAuth2ClientAutoConfiguration:
      Did not match:
         - @ConditionalOnClass did not find required class 'reactor.core.publisher.Flux' (OnClassCondition)

   ReactiveOAuth2ResourceServerAutoConfiguration:
      Did not match:
         - @ConditionalOnWebApplication did not find reactive web application classes (OnWebApplicationCondition)

   ReactiveSecurityAutoConfiguration:
      Did not match:
         - @ConditionalOnClass did not find required class 'reactor.core.publisher.Flux' (OnClassCondition)

   ReactiveUserDetailsServiceAutoConfiguration:
      Did not match:
         - AnyNestedCondition 0 matched 2 did not; NestedCondition on ReactiveUserDetailsServiceAutoConfiguration.RSocketEnabledOrReactiveWebApplication.ReactiveWebApplicationCondition did not find reactive web application classes; NestedCondition on ReactiveUserDetailsServiceAutoConfiguration.RSocketEnabledOrReactiveWebApplication.RSocketSecurityEnabledCondition @ConditionalOnBean (types: org.springframework.messaging.rsocket.annotation.support.RSocketMessageHandler; SearchStrategy: all) did not find any beans of type org.springframework.messaging.rsocket.annotation.support.RSocketMessageHandler (ReactiveUserDetailsServiceAutoConfiguration.RSocketEnabledOrReactiveWebApplication)
      Matched:
         - @ConditionalOnClass found required class 'org.springframework.security.authentication.ReactiveAuthenticationManager' (OnClassCondition)
         - AnyNestedCondition 1 matched 2 did not; NestedCondition on ReactiveUserDetailsServiceAutoConfiguration.MissingAlternativeOrUserPropertiesConfigured.PasswordConfigured @ConditionalOnProperty (spring.security.user.password) did not find property 'password'; NestedCondition on ReactiveUserDetailsServiceAutoConfiguration.MissingAlternativeOrUserPropertiesConfigured.NameConfigured @ConditionalOnProperty (spring.security.user.name) did not find property 'name'; NestedCondition on ReactiveUserDetailsServiceAutoConfiguration.MissingAlternativeOrUserPropertiesConfigured.MissingAlternative @ConditionalOnMissingClass did not find unwanted classes 'org.springframework.security.oauth2.client.registration.ClientRegistrationRepository', 'org.springframework.security.oauth2.server.resource.introspection.ReactiveOpaqueTokenIntrospector' (ReactiveUserDetailsServiceAutoConfiguration.MissingAlternativeOrUserPropertiesConfigured)

   ReactiveWebServerFactoryAutoConfiguration:
      Did not match:
         - @ConditionalOnWebApplication did not find reactive web application classes (OnWebApplicationCondition)

   ReactorAutoConfiguration:
      Did not match:
         - @ConditionalOnClass did not find required class 'reactor.core.publisher.Hooks' (OnClassCondition)

   RedisAutoConfiguration:
      Did not match:
         - @ConditionalOnClass did not find required class 'org.springframework.data.redis.core.RedisOperations' (OnClassCondition)

   RedisCacheConfiguration:
      Did not match:
         - @ConditionalOnClass did not find required class 'org.springframework.data.redis.connection.RedisConnectionFactory' (OnClassCondition)

   RedisReactiveAutoConfiguration:
      Did not match:
         - @ConditionalOnClass did not find required class 'reactor.core.publisher.Flux' (OnClassCondition)

   RedisRepositoriesAutoConfiguration:
      Did not match:
         - @ConditionalOnClass did not find required class 'org.springframework.data.redis.repository.configuration.EnableRedisRepositories' (OnClassCondition)

   RepositoryRestMvcAutoConfiguration:
      Did not match:
         - @ConditionalOnClass did not find required class 'org.springframework.data.rest.webmvc.config.RepositoryRestMvcConfiguration' (OnClassCondition)

   Saml2RelyingPartyAutoConfiguration:
      Did not match:
         - @ConditionalOnClass did not find required class 'org.springframework.security.saml2.provider.service.registration.RelyingPartyRegistrationRepository' (OnClassCondition)

   SecurityDataConfiguration:
      Did not match:
         - @ConditionalOnClass did not find required class 'org.springframework.security.data.repository.query.SecurityEvaluationContextExtension' (OnClassCondition)

   SendGridAutoConfiguration:
      Did not match:
         - @ConditionalOnClass did not find required class 'com.sendgrid.SendGrid' (OnClassCondition)

   ServletWebServerFactoryAutoConfiguration.ForwardedHeaderFilterConfiguration:
      Did not match:
         - @ConditionalOnProperty (server.forward-headers-strategy=framework) did not find property 'server.forward-headers-strategy' (OnPropertyCondition)

   ServletWebServerFactoryConfiguration.EmbeddedJetty:
      Did not match:
         - @ConditionalOnClass did not find required classes 'org.eclipse.jetty.server.Server', 'org.eclipse.jetty.util.Loader', 'org.eclipse.jetty.ee10.webapp.WebAppContext' (OnClassCondition)

   ServletWebServerFactoryConfiguration.EmbeddedUndertow:
      Did not match:
         - @ConditionalOnClass did not find required classes 'io.undertow.Undertow', 'org.xnio.SslClientAuthMode' (OnClassCondition)

   SessionAutoConfiguration:
      Did not match:
         - @ConditionalOnClass did not find required class 'org.springframework.session.Session' (OnClassCondition)

   SpringApplicationAdminJmxAutoConfiguration:
      Did not match:
         - @ConditionalOnProperty (spring.application.admin.enabled=true) did not find property 'enabled' (OnPropertyCondition)

   SpringBootWebSecurityConfiguration.SecurityFilterChainConfiguration:
      Did not match:
         - AllNestedConditions 1 matched 1 did not; NestedCondition on DefaultWebSecurityCondition.Beans @ConditionalOnMissingBean (types: org.springframework.security.web.SecurityFilterChain; SearchStrategy: all) found beans of type 'org.springframework.security.web.SecurityFilterChain' securityFilterChain; NestedCondition on DefaultWebSecurityCondition.Classes @ConditionalOnClass found required classes 'org.springframework.security.web.SecurityFilterChain', 'org.springframework.security.config.annotation.web.builders.HttpSecurity' (DefaultWebSecurityCondition)

   SpringBootWebSecurityConfiguration.WebSecurityEnablerConfiguration:
      Did not match:
         - @ConditionalOnMissingBean (names: springSecurityFilterChain; SearchStrategy: all) found beans named springSecurityFilterChain (OnBeanCondition)
      Matched:
         - @ConditionalOnClass found required class 'org.springframework.security.config.annotation.web.configuration.EnableWebSecurity' (OnClassCondition)

   SpringDocConfiguration#propertiesResolverForSchema:
      Did not match:
         - @ConditionalOnProperty (springdoc.api-docs.resolve-schema-properties) did not find property 'springdoc.api-docs.resolve-schema-properties' (OnPropertyCondition)

   SpringDocConfiguration#propertyCustomizingConverter:
      Did not match:
         - @ConditionalOnBean (types: org.springdoc.core.customizers.PropertyCustomizer; SearchStrategy: all) did not find any beans of type org.springdoc.core.customizers.PropertyCustomizer (OnBeanCondition)

   SpringDocConfiguration#springdocBeanFactoryPostProcessor:
      Did not match:
         - AnyNestedCondition 0 matched 2 did not; NestedCondition on CacheOrGroupedOpenApiCondition.OnCacheDisabled found non-matching nested conditions @ConditionalOnProperty (springdoc.cache.disabled) did not find property 'springdoc.cache.disabled'; NestedCondition on CacheOrGroupedOpenApiCondition.OnMultipleOpenApiSupportCondition AnyNestedCondition 0 matched 2 did not; NestedCondition on MultipleOpenApiSupportCondition.OnActuatorDifferentPort @ConditionalOnProperty (springdoc.show-actuator) did not find property 'springdoc.show-actuator'; NestedCondition on MultipleOpenApiSupportCondition.OnMultipleOpenApiSupportCondition AnyNestedCondition 0 matched 3 did not; NestedCondition on MultipleOpenApiGroupsCondition.OnListGroupedOpenApiBean @ConditionalOnBean (types: org.springdoc.core.models.GroupedOpenApi; SearchStrategy: all) did not find any beans of type org.springdoc.core.models.GroupedOpenApi; NestedCondition on MultipleOpenApiGroupsCondition.OnGroupConfigProperty @ConditionalOnProperty (springdoc.group-configs[0].group) did not find property 'springdoc.group-configs[0].group'; NestedCondition on MultipleOpenApiGroupsCondition.OnGroupedOpenApiBean @ConditionalOnBean (types: org.springdoc.core.models.GroupedOpenApi; SearchStrategy: all) did not find any beans of type org.springdoc.core.models.GroupedOpenApi (CacheOrGroupedOpenApiCondition)
      Matched:
         - @ConditionalOnClass found required class 'org.springframework.boot.context.properties.bind.BindResult' (OnClassCondition)

   SpringDocConfiguration#springdocBeanFactoryPostProcessor2:
      Did not match:
         - @ConditionalOnMissingClass found unwanted class 'org.springframework.boot.context.properties.bind.BindResult' (OnClassCondition)

   SpringDocConfiguration.SpringDocActuatorConfiguration:
      Did not match:
         - @ConditionalOnClass did not find required class 'org.springframework.boot.actuate.autoconfigure.endpoint.web.WebEndpointProperties' (OnClassCondition)

   SpringDocConfiguration.SpringDocRepositoryRestConfiguration:
      Did not match:
         - @ConditionalOnClass did not find required class 'org.springframework.data.rest.core.config.RepositoryRestConfiguration' (OnClassCondition)

   SpringDocConfiguration.SpringDocWebFluxSupportConfiguration:
      Did not match:
         - @ConditionalOnClass did not find required class 'reactor.core.publisher.Flux' (OnClassCondition)

   SpringDocDataRestConfiguration:
      Did not match:
         - @ConditionalOnClass did not find required class 'org.springframework.data.rest.core.config.RepositoryRestConfiguration' (OnClassCondition)

   SpringDocFunctionCatalogConfiguration:
      Did not match:
         - @ConditionalOnClass did not find required class 'org.springframework.cloud.function.web.function.FunctionEndpointInitializer' (OnClassCondition)

   SpringDocGroovyConfiguration:
      Did not match:
         - @ConditionalOnClass did not find required class 'groovy.lang.MetaClass' (OnClassCondition)

   SpringDocHateoasConfiguration:
      Did not match:
         - @ConditionalOnClass did not find required class 'org.springframework.hateoas.server.LinkRelationProvider' (OnClassCondition)

   SpringDocJacksonKotlinModuleConfiguration:
      Did not match:
         - @ConditionalOnClass did not find required class 'com.fasterxml.jackson.module.kotlin.KotlinModule' (OnClassCondition)

   SpringDocJavadocConfiguration:
      Did not match:
         - @ConditionalOnClass did not find required class 'com.github.therapi.runtimejavadoc.CommentFormatter' (OnClassCondition)

   SpringDocKotlinConfiguration:
      Did not match:
         - @ConditionalOnClass did not find required class 'kotlin.coroutines.Continuation' (OnClassCondition)

   SpringDocKotlinxConfiguration:
      Did not match:
         - @ConditionalOnClass did not find required class 'kotlinx.coroutines.flow.Flow' (OnClassCondition)

   SpringDocSecurityConfiguration.SpringDocSecurityOAuth2ClientConfiguration:
      Did not match:
         - @ConditionalOnClass did not find required class 'org.springframework.security.oauth2.client.annotation.RegisteredOAuth2AuthorizedClient' (OnClassCondition)

   SpringDocSecurityConfiguration.SpringDocSecurityOAuth2Configuration:
      Did not match:
         - @ConditionalOnClass did not find required class 'org.springframework.security.oauth2.server.authorization.OAuth2AuthorizationService' (OnClassCondition)

   SpringDocSecurityConfiguration.SpringSecurityLoginEndpointConfiguration#springSecurityLoginEndpointCustomiser:
      Did not match:
         - @ConditionalOnProperty (springdoc.show-login-endpoint) did not find property 'springdoc.show-login-endpoint' (OnPropertyCondition)

   SpringDocSortConfiguration#delegatingMethodParameterCustomizer:
      Did not match:
         - @ConditionalOnMissingBean (types: org.springdoc.core.customizers.DelegatingMethodParameterCustomizer; SearchStrategy: all) found beans of type 'org.springdoc.core.customizers.DelegatingMethodParameterCustomizer' delegatingMethodParameterCustomizer (OnBeanCondition)

   SpringDocWebMvcConfiguration.SpringDocWebMvcActuatorConfiguration:
      Did not match:
         - @ConditionalOnClass did not find required class 'org.springframework.boot.actuate.endpoint.web.servlet.WebMvcEndpointHandlerMapping' (OnClassCondition)

   SwaggerConfig#springWebProvider:
      Did not match:
         - @ConditionalOnMissingBean (types: org.springdoc.core.providers.SpringWebProvider; SearchStrategy: all) found beans of type 'org.springdoc.core.providers.SpringWebProvider' springWebProvider (OnBeanCondition)

   SwaggerConfig#swaggerUiConfigParameters:
      Did not match:
         - @ConditionalOnMissingBean (types: org.springdoc.core.properties.SwaggerUiConfigParameters; SearchStrategy: all) found beans of type 'org.springdoc.core.properties.SwaggerUiConfigParameters' org.springdoc.core.properties.SwaggerUiConfigParameters (OnBeanCondition)

   SwaggerConfig#swaggerUiHome:
      Did not match:
         - @ConditionalOnProperty (springdoc.swagger-ui.use-root-path=true) did not find property 'springdoc.swagger-ui.use-root-path' (OnPropertyCondition)

   SwaggerConfig.SwaggerActuatorWelcomeConfiguration:
      Did not match:
         - @ConditionalOnClass did not find required class 'org.springframework.boot.actuate.endpoint.web.servlet.WebMvcEndpointHandlerMapping' (OnClassCondition)

   TaskExecutorConfigurations.SimpleAsyncTaskExecutorBuilderConfiguration#simpleAsyncTaskExecutorBuilderVirtualThreads:
      Did not match:
         - @ConditionalOnMissingBean (types: org.springframework.boot.task.SimpleAsyncTaskExecutorBuilder; SearchStrategy: all) found beans of type 'org.springframework.boot.task.SimpleAsyncTaskExecutorBuilder' simpleAsyncTaskExecutorBuilder (OnBeanCondition)

   TaskExecutorConfigurations.TaskExecutorConfiguration#applicationTaskExecutorVirtualThreads:
      Did not match:
         - @ConditionalOnThreading did not find VIRTUAL (OnThreadingCondition)

   TaskSchedulingAutoConfiguration#scheduledBeanLazyInitializationExcludeFilter:
      Did not match:
         - @ConditionalOnBean (names: org.springframework.context.annotation.internalScheduledAnnotationProcessor; SearchStrategy: all) did not find any beans named org.springframework.context.annotation.internalScheduledAnnotationProcessor (OnBeanCondition)

   TaskSchedulingConfigurations.SimpleAsyncTaskSchedulerBuilderConfiguration#simpleAsyncTaskSchedulerBuilderVirtualThreads:
      Did not match:
         - @ConditionalOnMissingBean (types: org.springframework.boot.task.SimpleAsyncTaskSchedulerBuilder; SearchStrategy: all) found beans of type 'org.springframework.boot.task.SimpleAsyncTaskSchedulerBuilder' simpleAsyncTaskSchedulerBuilder (OnBeanCondition)

   TaskSchedulingConfigurations.TaskSchedulerConfiguration:
      Did not match:
         - @ConditionalOnBean (names: org.springframework.context.annotation.internalScheduledAnnotationProcessor; SearchStrategy: all) did not find any beans named org.springframework.context.annotation.internalScheduledAnnotationProcessor (OnBeanCondition)

   ThymeleafAutoConfiguration:
      Did not match:
         - @ConditionalOnClass did not find required class 'org.thymeleaf.spring6.SpringTemplateEngine' (OnClassCondition)

   TransactionAutoConfiguration#transactionalOperator:
      Did not match:
         - @ConditionalOnSingleCandidate (types: org.springframework.transaction.ReactiveTransactionManager; SearchStrategy: all) did not find any beans (OnBeanCondition)

   TransactionAutoConfiguration.AspectJTransactionManagementConfiguration:
      Did not match:
         - @ConditionalOnBean (types: org.springframework.transaction.aspectj.AbstractTransactionAspect; SearchStrategy: all) did not find any beans of type org.springframework.transaction.aspectj.AbstractTransactionAspect (OnBeanCondition)

   TransactionAutoConfiguration.EnableTransactionManagementConfiguration.JdkDynamicAutoProxyConfiguration:
      Did not match:
         - @ConditionalOnProperty (spring.aop.proxy-target-class=false) did not find property 'proxy-target-class' (OnPropertyCondition)

   UserDetailsServiceAutoConfiguration:
      Did not match:
         - @ConditionalOnMissingBean (types: org.springframework.security.authentication.AuthenticationManager,org.springframework.security.authentication.AuthenticationProvider,org.springframework.security.core.userdetails.UserDetailsService,org.springframework.security.authentication.AuthenticationManagerResolver,org.springframework.security.oauth2.jwt.JwtDecoder; SearchStrategy: all) found beans of type 'org.springframework.security.authentication.AuthenticationManager' authenticationManager and found beans of type 'org.springframework.security.core.userdetails.UserDetailsService' customUserDetailsService and found beans of type 'org.springframework.security.authentication.AuthenticationProvider' authenticationProvider (OnBeanCondition)
      Matched:
         - @ConditionalOnClass found required class 'org.springframework.security.authentication.AuthenticationManager' (OnClassCondition)
         - AnyNestedCondition 1 matched 2 did not; NestedCondition on UserDetailsServiceAutoConfiguration.MissingAlternativeOrUserPropertiesConfigured.PasswordConfigured @ConditionalOnProperty (spring.security.user.password) did not find property 'password'; NestedCondition on UserDetailsServiceAutoConfiguration.MissingAlternativeOrUserPropertiesConfigured.NameConfigured @ConditionalOnProperty (spring.security.user.name) did not find property 'name'; NestedCondition on UserDetailsServiceAutoConfiguration.MissingAlternativeOrUserPropertiesConfigured.MissingAlternative @ConditionalOnMissingClass did not find unwanted classes 'org.springframework.security.oauth2.client.registration.ClientRegistrationRepository', 'org.springframework.security.oauth2.server.resource.introspection.OpaqueTokenIntrospector', 'org.springframework.security.saml2.provider.service.registration.RelyingPartyRegistrationRepository' (UserDetailsServiceAutoConfiguration.MissingAlternativeOrUserPropertiesConfigured)

   WebClientAutoConfiguration:
      Did not match:
         - @ConditionalOnClass did not find required class 'org.springframework.web.reactive.function.client.WebClient' (OnClassCondition)

   WebFluxAutoConfiguration:
      Did not match:
         - @ConditionalOnClass did not find required class 'org.springframework.web.reactive.config.WebFluxConfigurer' (OnClassCondition)

   WebMvcAutoConfiguration#hiddenHttpMethodFilter:
      Did not match:
         - @ConditionalOnProperty (spring.mvc.hiddenmethod.filter.enabled) did not find property 'enabled' (OnPropertyCondition)

   WebMvcAutoConfiguration.ProblemDetailsErrorHandlingConfiguration:
      Did not match:
         - @ConditionalOnProperty (spring.mvc.problemdetails.enabled=true) did not find property 'enabled' (OnPropertyCondition)

   WebMvcAutoConfiguration.ResourceChainCustomizerConfiguration:
      Did not match:
         - @ConditionalOnEnabledResourceChain did not find class org.webjars.WebJarAssetLocator (OnEnabledResourceChainCondition)

   WebMvcAutoConfiguration.WebMvcAutoConfigurationAdapter#beanNameViewResolver:
      Did not match:
         - @ConditionalOnMissingBean (types: org.springframework.web.servlet.view.BeanNameViewResolver; SearchStrategy: all) found beans of type 'org.springframework.web.servlet.view.BeanNameViewResolver' beanNameViewResolver (OnBeanCondition)

   WebServiceTemplateAutoConfiguration:
      Did not match:
         - @ConditionalOnClass did not find required class 'org.springframework.oxm.Marshaller' (OnClassCondition)

   WebServicesAutoConfiguration:
      Did not match:
         - @ConditionalOnClass did not find required class 'org.springframework.ws.transport.http.MessageDispatcherServlet' (OnClassCondition)

   WebSessionIdResolverAutoConfiguration:
      Did not match:
         - @ConditionalOnClass did not find required class 'reactor.core.publisher.Mono' (OnClassCondition)

   WebSocketMessagingAutoConfiguration:
      Did not match:
         - @ConditionalOnClass did not find required class 'org.springframework.web.socket.config.annotation.WebSocketMessageBrokerConfigurer' (OnClassCondition)

   WebSocketReactiveAutoConfiguration:
      Did not match:
         - @ConditionalOnWebApplication did not find reactive web application classes (OnWebApplicationCondition)

   WebSocketServletAutoConfiguration.JettyWebSocketConfiguration:
      Did not match:
         - @ConditionalOnClass did not find required class 'org.eclipse.jetty.ee10.websocket.jakarta.server.config.JakartaWebSocketServletContainerInitializer' (OnClassCondition)

   WebSocketServletAutoConfiguration.UndertowWebSocketConfiguration:
      Did not match:
         - @ConditionalOnClass did not find required class 'io.undertow.websockets.jsr.Bootstrap' (OnClassCondition)

   XADataSourceAutoConfiguration:
      Did not match:
         - @ConditionalOnBean (types: org.springframework.boot.jdbc.XADataSourceWrapper; SearchStrategy: all) did not find any beans of type org.springframework.boot.jdbc.XADataSourceWrapper (OnBeanCondition)
      Matched:
         - @ConditionalOnClass found required classes 'javax.sql.DataSource', 'jakarta.transaction.TransactionManager', 'org.springframework.jdbc.datasource.embedded.EmbeddedDatabaseType' (OnClassCondition)


Exclusions:
-----------

    None


Unconditional classes:
----------------------

    org.springframework.boot.autoconfigure.context.ConfigurationPropertiesAutoConfiguration

    org.springframework.boot.autoconfigure.ssl.SslAutoConfiguration

    org.springframework.boot.autoconfigure.context.PropertyPlaceholderAutoConfiguration

    org.springframework.boot.autoconfigure.context.LifecycleAutoConfiguration

    org.springdoc.core.configuration.SpringDocSpecPropertiesConfiguration

    org.springframework.boot.autoconfigure.availability.ApplicationAvailabilityAutoConfiguration

    org.springframework.boot.autoconfigure.info.ProjectInfoAutoConfiguration



2026-05-22T17:33:59.342+02:00  INFO 24844 --- [demo] [           main] com.example.demo.DemoApplication         : Started DemoApplication in 4.492 seconds (process running for 4.764)
2026-05-22T17:33:59.343+02:00 DEBUG 24844 --- [demo] [           main] o.s.b.a.ApplicationAvailabilityBean      : Application availability state LivenessState changed to CORRECT
2026-05-22T17:33:59.344+02:00 DEBUG 24844 --- [demo] [           main] o.s.b.a.ApplicationAvailabilityBean      : Application availability state ReadinessState changed to ACCEPTING_TRAFFIC
2026-05-22T17:34:21.483+02:00  INFO 24844 --- [demo] [nio-8080-exec-5] o.a.c.c.C.[Tomcat].[localhost].[/]       : Initializing Spring DispatcherServlet 'dispatcherServlet'
2026-05-22T17:34:21.483+02:00  INFO 24844 --- [demo] [nio-8080-exec-5] o.s.web.servlet.DispatcherServlet        : Initializing Servlet 'dispatcherServlet'
2026-05-22T17:34:21.484+02:00 DEBUG 24844 --- [demo] [nio-8080-exec-5] o.s.web.servlet.DispatcherServlet        : Detected StandardServletMultipartResolver
2026-05-22T17:34:21.484+02:00 DEBUG 24844 --- [demo] [nio-8080-exec-5] o.s.web.servlet.DispatcherServlet        : Detected AcceptHeaderLocaleResolver
2026-05-22T17:34:21.484+02:00 DEBUG 24844 --- [demo] [nio-8080-exec-5] o.s.web.servlet.DispatcherServlet        : Detected FixedThemeResolver
2026-05-22T17:34:21.484+02:00 DEBUG 24844 --- [demo] [nio-8080-exec-5] o.s.web.servlet.DispatcherServlet        : Detected org.springframework.web.servlet.view.DefaultRequestToViewNameTranslator@217abcc9
2026-05-22T17:34:21.484+02:00 DEBUG 24844 --- [demo] [nio-8080-exec-5] o.s.web.servlet.DispatcherServlet        : Detected org.springframework.web.servlet.support.SessionFlashMapManager@3bdf6d63
2026-05-22T17:34:21.485+02:00 DEBUG 24844 --- [demo] [nio-8080-exec-5] o.s.web.servlet.DispatcherServlet        : enableLoggingRequestDetails='false': request parameters and headers will be masked to prevent unsafe logging of potentially sensitive data
2026-05-22T17:34:21.485+02:00  INFO 24844 --- [demo] [nio-8080-exec-5] o.s.web.servlet.DispatcherServlet        : Completed initialization in 2 ms
2026-05-22T17:34:21.505+02:00 DEBUG 24844 --- [demo] [nio-8080-exec-1] o.s.web.servlet.DispatcherServlet        : POST "/api/auth/login", parameters={}
2026-05-22T17:34:21.505+02:00 DEBUG 24844 --- [demo] [nio-8080-exec-5] o.s.web.servlet.DispatcherServlet        : POST "/api/auth/login", parameters={}
2026-05-22T17:34:21.506+02:00 DEBUG 24844 --- [demo] [nio-8080-exec-5] s.w.s.m.m.a.RequestMappingHandlerMapping : Mapped to com.example.demo.controller.AuthController#login(LoginRequest)
2026-05-22T17:34:21.506+02:00 DEBUG 24844 --- [demo] [nio-8080-exec-1] s.w.s.m.m.a.RequestMappingHandlerMapping : Mapped to com.example.demo.controller.AuthController#login(LoginRequest)
2026-05-22T17:34:21.562+02:00 DEBUG 24844 --- [demo] [nio-8080-exec-1] m.m.a.RequestResponseBodyMethodProcessor : Read "application/json;charset=UTF-8" to [LoginRequest(email=admin@test.com, password=password)]
2026-05-22T17:34:21.562+02:00 DEBUG 24844 --- [demo] [nio-8080-exec-5] m.m.a.RequestResponseBodyMethodProcessor : Read "application/json;charset=UTF-8" to [LoginRequest(email=admin@test.com, password=password)]
2026-05-22T17:34:21.770+02:00 DEBUG 24844 --- [demo] [nio-8080-exec-5] org.hibernate.SQL                        : select u1_0.id,u1_0.email,u1_0.name,u1_0.password,u1_0.role from users u1_0 where u1_0.email=?
Hibernate: select u1_0.id,u1_0.email,u1_0.name,u1_0.password,u1_0.role from users u1_0 where u1_0.email=?
2026-05-22T17:34:21.770+02:00 DEBUG 24844 --- [demo] [nio-8080-exec-1] org.hibernate.SQL                        : select u1_0.id,u1_0.email,u1_0.name,u1_0.password,u1_0.role from users u1_0 where u1_0.email=?
Hibernate: select u1_0.id,u1_0.email,u1_0.name,u1_0.password,u1_0.role from users u1_0 where u1_0.email=?
2026-05-22T17:34:21.905+02:00 DEBUG 24844 --- [demo] [nio-8080-exec-5] org.hibernate.SQL                        : select u1_0.id,u1_0.email,u1_0.name,u1_0.password,u1_0.role from users u1_0 where u1_0.email=?
Hibernate: select u1_0.id,u1_0.email,u1_0.name,u1_0.password,u1_0.role from users u1_0 where u1_0.email=?
2026-05-22T17:34:21.905+02:00 DEBUG 24844 --- [demo] [nio-8080-exec-1] org.hibernate.SQL                        : select u1_0.id,u1_0.email,u1_0.name,u1_0.password,u1_0.role from users u1_0 where u1_0.email=?
Hibernate: select u1_0.id,u1_0.email,u1_0.name,u1_0.password,u1_0.role from users u1_0 where u1_0.email=?
2026-05-22T17:34:21.920+02:00 DEBUG 24844 --- [demo] [nio-8080-exec-1] o.s.w.s.m.m.a.HttpEntityMethodProcessor  : Using 'application/json', given [*/*] and supported [application/json, application/*+json]
2026-05-22T17:34:21.920+02:00 DEBUG 24844 --- [demo] [nio-8080-exec-5] o.s.w.s.m.m.a.HttpEntityMethodProcessor  : Using 'application/json', given [*/*] and supported [application/json, application/*+json]
2026-05-22T17:34:21.921+02:00 DEBUG 24844 --- [demo] [nio-8080-exec-1] o.s.w.s.m.m.a.HttpEntityMethodProcessor  : Writing [AuthResponse(token=eyJhbGciOiJIUzUxMiJ9.eyJzdWIiOiJhZG1pbkB0ZXN0LmNvbSIsImlhdCI6MTc3OTQ2NDA2MSwiZXhw (truncated)...]
2026-05-22T17:34:21.921+02:00 DEBUG 24844 --- [demo] [nio-8080-exec-5] o.s.w.s.m.m.a.HttpEntityMethodProcessor  : Writing [AuthResponse(token=eyJhbGciOiJIUzUxMiJ9.eyJzdWIiOiJhZG1pbkB0ZXN0LmNvbSIsImlhdCI6MTc3OTQ2NDA2MSwiZXhw (truncated)...]
2026-05-22T17:34:21.925+02:00 DEBUG 24844 --- [demo] [nio-8080-exec-1] o.s.web.servlet.DispatcherServlet        : Completed 200 OK
2026-05-22T17:34:21.925+02:00 DEBUG 24844 --- [demo] [nio-8080-exec-5] o.s.web.servlet.DispatcherServlet        : Completed 200 OK
2026-05-22T17:34:49.855+02:00 DEBUG 24844 --- [demo] [nio-8080-exec-9] o.s.web.servlet.DispatcherServlet        : POST "/api/auth/register", parameters={}
2026-05-22T17:34:49.855+02:00 DEBUG 24844 --- [demo] [nio-8080-exec-9] s.w.s.m.m.a.RequestMappingHandlerMapping : Mapped to com.example.demo.controller.AuthController#register(RegisterRequest)
2026-05-22T17:34:49.860+02:00 DEBUG 24844 --- [demo] [nio-8080-exec-9] m.m.a.RequestResponseBodyMethodProcessor : Read "application/json;charset=UTF-8" to [RegisterRequest(name=Admin User, email=admin@test.com, password=password, role=ADMIN)]
2026-05-22T17:34:49.865+02:00 DEBUG 24844 --- [demo] [nio-8080-exec-9] org.hibernate.SQL                        : select u1_0.id from users u1_0 where u1_0.email=? limit ?
Hibernate: select u1_0.id from users u1_0 where u1_0.email=? limit ?
2026-05-22T17:34:49.868+02:00 DEBUG 24844 --- [demo] [nio-8080-exec-9] o.s.w.s.m.m.a.HttpEntityMethodProcessor  : Using 'application/json', given [*/*] and supported [application/json, application/*+json]
2026-05-22T17:34:49.868+02:00 DEBUG 24844 --- [demo] [nio-8080-exec-9] o.s.w.s.m.m.a.HttpEntityMethodProcessor  : Nothing to write: null body
2026-05-22T17:34:49.868+02:00 DEBUG 24844 --- [demo] [nio-8080-exec-9] o.s.web.servlet.DispatcherServlet        : Completed 409 CONFLICT
2026-05-22T17:34:49.904+02:00 DEBUG 24844 --- [demo] [nio-8080-exec-4] o.s.web.servlet.DispatcherServlet        : POST "/api/auth/login", parameters={}
2026-05-22T17:34:49.904+02:00 DEBUG 24844 --- [demo] [nio-8080-exec-4] s.w.s.m.m.a.RequestMappingHandlerMapping : Mapped to com.example.demo.controller.AuthController#login(LoginRequest)
2026-05-22T17:34:49.905+02:00 DEBUG 24844 --- [demo] [nio-8080-exec-4] m.m.a.RequestResponseBodyMethodProcessor : Read "application/json;charset=UTF-8" to [LoginRequest(email=admin@test.com, password=password)]
2026-05-22T17:34:49.906+02:00 DEBUG 24844 --- [demo] [nio-8080-exec-4] org.hibernate.SQL                        : select u1_0.id,u1_0.email,u1_0.name,u1_0.password,u1_0.role from users u1_0 where u1_0.email=?
Hibernate: select u1_0.id,u1_0.email,u1_0.name,u1_0.password,u1_0.role from users u1_0 where u1_0.email=?
2026-05-22T17:34:49.986+02:00 DEBUG 24844 --- [demo] [nio-8080-exec-4] org.hibernate.SQL                        : select u1_0.id,u1_0.email,u1_0.name,u1_0.password,u1_0.role from users u1_0 where u1_0.email=?
Hibernate: select u1_0.id,u1_0.email,u1_0.name,u1_0.password,u1_0.role from users u1_0 where u1_0.email=?
2026-05-22T17:34:49.988+02:00 DEBUG 24844 --- [demo] [nio-8080-exec-4] o.s.w.s.m.m.a.HttpEntityMethodProcessor  : Using 'application/json', given [*/*] and supported [application/json, application/*+json]
2026-05-22T17:34:49.988+02:00 DEBUG 24844 --- [demo] [nio-8080-exec-4] o.s.w.s.m.m.a.HttpEntityMethodProcessor  : Writing [AuthResponse(token=eyJhbGciOiJIUzUxMiJ9.eyJzdWIiOiJhZG1pbkB0ZXN0LmNvbSIsImlhdCI6MTc3OTQ2NDA4OSwiZXhw (truncated)...]
2026-05-22T17:34:49.989+02:00 DEBUG 24844 --- [demo] [nio-8080-exec-4] o.s.web.servlet.DispatcherServlet        : Completed 200 OK
2026-05-22T17:34:50.064+02:00 DEBUG 24844 --- [demo] [nio-8080-exec-6] org.hibernate.SQL                        : select u1_0.id,u1_0.email,u1_0.name,u1_0.password,u1_0.role from users u1_0 where u1_0.email=?
Hibernate: select u1_0.id,u1_0.email,u1_0.name,u1_0.password,u1_0.role from users u1_0 where u1_0.email=?
2026-05-22T17:34:50.068+02:00 DEBUG 24844 --- [demo] [nio-8080-exec-6] o.s.web.servlet.DispatcherServlet        : GET "/api/meetings", parameters={}
2026-05-22T17:34:50.068+02:00 DEBUG 24844 --- [demo] [nio-8080-exec-6] s.w.s.m.m.a.RequestMappingHandlerMapping : Mapped to com.example.demo.controller.MeetingController#findAll()
2026-05-22T17:34:50.080+02:00 DEBUG 24844 --- [demo] [nio-8080-exec-6] org.hibernate.SQL                        : select m1_0.id,m1_0.date,m1_0.description,m1_0.discussion,m1_0.end_time,m1_0.objective,m1_0.recommendation,m1_0.room,m1_0.start_time,m1_0.type from meetings m1_0
Hibernate: select m1_0.id,m1_0.date,m1_0.description,m1_0.discussion,m1_0.end_time,m1_0.objective,m1_0.recommendation,m1_0.room,m1_0.start_time,m1_0.type from meetings m1_0
2026-05-22T17:34:50.091+02:00 DEBUG 24844 --- [demo] [nio-8080-exec-6] org.hibernate.SQL                        : select p1_0.meeting_id,p1_1.id,p1_1.email,p1_1.first_name,p1_1.last_name,p1_1.phone from meeting_participants p1_0 join participants p1_1 on p1_1.id=p1_0.participant_id where p1_0.meeting_id=?
Hibernate: select p1_0.meeting_id,p1_1.id,p1_1.email,p1_1.first_name,p1_1.last_name,p1_1.phone from meeting_participants p1_0 join participants p1_1 on p1_1.id=p1_0.participant_id where p1_0.meeting_id=?
2026-05-22T17:34:50.094+02:00 DEBUG 24844 --- [demo] [nio-8080-exec-6] org.hibernate.SQL                        : select s1_0.meeting_id,s1_1.id,s1_1.name,s1_1.type from meeting_services s1_0 join services s1_1 on s1_1.id=s1_0.service_id where s1_0.meeting_id=?
Hibernate: select s1_0.meeting_id,s1_1.id,s1_1.name,s1_1.type from meeting_services s1_0 join services s1_1 on s1_1.id=s1_0.service_id where s1_0.meeting_id=?
2026-05-22T17:34:50.095+02:00 DEBUG 24844 --- [demo] [nio-8080-exec-6] org.hibernate.SQL                        : select a1_0.meeting_id,a1_1.id,a1_1.description,a1_1.name from meeting_audiences a1_0 join audiences a1_1 on a1_1.id=a1_0.audience_id where a1_0.meeting_id=?
Hibernate: select a1_0.meeting_id,a1_1.id,a1_1.description,a1_1.name from meeting_audiences a1_0 join audiences a1_1 on a1_1.id=a1_0.audience_id where a1_0.meeting_id=?
2026-05-22T17:34:50.097+02:00 DEBUG 24844 --- [demo] [nio-8080-exec-6] org.hibernate.SQL                        : select p1_0.meeting_id,p1_0.id,p1_0.upload_date,p1_0.uploaded_by_id,p1_0.url from photos p1_0 where p1_0.meeting_id=?
Hibernate: select p1_0.meeting_id,p1_0.id,p1_0.upload_date,p1_0.uploaded_by_id,p1_0.url from photos p1_0 where p1_0.meeting_id=?
2026-05-22T17:34:50.103+02:00 DEBUG 24844 --- [demo] [nio-8080-exec-6] org.hibernate.SQL                        : select d1_0.meeting_id,d1_0.id,d1_0.name,d1_0.url from documents d1_0 where d1_0.meeting_id=?
Hibernate: select d1_0.meeting_id,d1_0.id,d1_0.name,d1_0.url from documents d1_0 where d1_0.meeting_id=?
2026-05-22T17:34:50.104+02:00 DEBUG 24844 --- [demo] [nio-8080-exec-6] org.hibernate.SQL                        : select p1_0.meeting_id,p1_1.id,p1_1.email,p1_1.first_name,p1_1.last_name,p1_1.phone from meeting_participants p1_0 join participants p1_1 on p1_1.id=p1_0.participant_id where p1_0.meeting_id=?
Hibernate: select p1_0.meeting_id,p1_1.id,p1_1.email,p1_1.first_name,p1_1.last_name,p1_1.phone from meeting_participants p1_0 join participants p1_1 on p1_1.id=p1_0.participant_id where p1_0.meeting_id=?
2026-05-22T17:34:50.105+02:00 DEBUG 24844 --- [demo] [nio-8080-exec-6] org.hibernate.SQL                        : select s1_0.meeting_id,s1_1.id,s1_1.name,s1_1.type from meeting_services s1_0 join services s1_1 on s1_1.id=s1_0.service_id where s1_0.meeting_id=?
Hibernate: select s1_0.meeting_id,s1_1.id,s1_1.name,s1_1.type from meeting_services s1_0 join services s1_1 on s1_1.id=s1_0.service_id where s1_0.meeting_id=?
2026-05-22T17:34:50.106+02:00 DEBUG 24844 --- [demo] [nio-8080-exec-6] org.hibernate.SQL                        : select a1_0.meeting_id,a1_1.id,a1_1.description,a1_1.name from meeting_audiences a1_0 join audiences a1_1 on a1_1.id=a1_0.audience_id where a1_0.meeting_id=?
Hibernate: select a1_0.meeting_id,a1_1.id,a1_1.description,a1_1.name from meeting_audiences a1_0 join audiences a1_1 on a1_1.id=a1_0.audience_id where a1_0.meeting_id=?
2026-05-22T17:34:50.107+02:00 DEBUG 24844 --- [demo] [nio-8080-exec-6] org.hibernate.SQL                        : select p1_0.meeting_id,p1_0.id,p1_0.upload_date,p1_0.uploaded_by_id,p1_0.url from photos p1_0 where p1_0.meeting_id=?
Hibernate: select p1_0.meeting_id,p1_0.id,p1_0.upload_date,p1_0.uploaded_by_id,p1_0.url from photos p1_0 where p1_0.meeting_id=?
2026-05-22T17:34:50.107+02:00 DEBUG 24844 --- [demo] [nio-8080-exec-6] org.hibernate.SQL                        : select d1_0.meeting_id,d1_0.id,d1_0.name,d1_0.url from documents d1_0 where d1_0.meeting_id=?
Hibernate: select d1_0.meeting_id,d1_0.id,d1_0.name,d1_0.url from documents d1_0 where d1_0.meeting_id=?
2026-05-22T17:34:50.110+02:00 DEBUG 24844 --- [demo] [nio-8080-exec-6] o.s.w.s.m.m.a.HttpEntityMethodProcessor  : Using 'application/json', given [*/*] and supported [application/json, application/*+json]
2026-05-22T17:34:50.114+02:00 DEBUG 24844 --- [demo] [nio-8080-exec-6] o.s.w.s.m.m.a.HttpEntityMethodProcessor  : Writing [[MeetingResponse(id=1001, objective=Planifier le lancement du projet, type=Planning, description=Reu (truncated)...]
2026-05-22T17:34:50.125+02:00 DEBUG 24844 --- [demo] [nio-8080-exec-6] o.s.web.servlet.DispatcherServlet        : Completed 200 OK
2026-05-22T17:34:59.104+02:00 DEBUG 24844 --- [demo] [nio-8080-exec-8] o.s.web.servlet.DispatcherServlet        : POST "/api/auth/login", parameters={}
2026-05-22T17:34:59.104+02:00 DEBUG 24844 --- [demo] [nio-8080-exec-8] s.w.s.m.m.a.RequestMappingHandlerMapping : Mapped to com.example.demo.controller.AuthController#login(LoginRequest)
2026-05-22T17:34:59.105+02:00 DEBUG 24844 --- [demo] [nio-8080-exec-8] m.m.a.RequestResponseBodyMethodProcessor : Read "application/json;charset=UTF-8" to [LoginRequest(email=admin@test.com, password=password)]
2026-05-22T17:34:59.106+02:00 DEBUG 24844 --- [demo] [nio-8080-exec-8] org.hibernate.SQL                        : select u1_0.id,u1_0.email,u1_0.name,u1_0.password,u1_0.role from users u1_0 where u1_0.email=?
Hibernate: select u1_0.id,u1_0.email,u1_0.name,u1_0.password,u1_0.role from users u1_0 where u1_0.email=?
2026-05-22T17:34:59.174+02:00 DEBUG 24844 --- [demo] [nio-8080-exec-8] org.hibernate.SQL                        : select u1_0.id,u1_0.email,u1_0.name,u1_0.password,u1_0.role from users u1_0 where u1_0.email=?
Hibernate: select u1_0.id,u1_0.email,u1_0.name,u1_0.password,u1_0.role from users u1_0 where u1_0.email=?
2026-05-22T17:34:59.175+02:00 DEBUG 24844 --- [demo] [nio-8080-exec-8] o.s.w.s.m.m.a.HttpEntityMethodProcessor  : Using 'application/json', given [*/*] and supported [application/json, application/*+json]
2026-05-22T17:34:59.175+02:00 DEBUG 24844 --- [demo] [nio-8080-exec-8] o.s.w.s.m.m.a.HttpEntityMethodProcessor  : Writing [AuthResponse(token=eyJhbGciOiJIUzUxMiJ9.eyJzdWIiOiJhZG1pbkB0ZXN0LmNvbSIsImlhdCI6MTc3OTQ2NDA5OSwiZXhw (truncated)...]
2026-05-22T17:34:59.176+02:00 DEBUG 24844 --- [demo] [nio-8080-exec-8] o.s.web.servlet.DispatcherServlet        : Completed 200 OK
2026-05-22T17:34:59.188+02:00 DEBUG 24844 --- [demo] [nio-8080-exec-7] org.hibernate.SQL                        : select u1_0.id,u1_0.email,u1_0.name,u1_0.password,u1_0.role from users u1_0 where u1_0.email=?
Hibernate: select u1_0.id,u1_0.email,u1_0.name,u1_0.password,u1_0.role from users u1_0 where u1_0.email=?
2026-05-22T17:34:59.190+02:00 DEBUG 24844 --- [demo] [nio-8080-exec-7] o.s.web.servlet.DispatcherServlet        : POST "/api/meetings", parameters={}
2026-05-22T17:34:59.191+02:00 DEBUG 24844 --- [demo] [nio-8080-exec-7] s.w.s.m.m.a.RequestMappingHandlerMapping : Mapped to com.example.demo.controller.MeetingController#create(MeetingRequest)
2026-05-22T17:34:59.242+02:00 DEBUG 24844 --- [demo] [nio-8080-exec-7] m.m.a.RequestResponseBodyMethodProcessor : Read "application/json;charset=UTF-8" to [MeetingRequest(objective=Codex smoke test, type=Planning, description=Temporary test meeting, date=2 (truncated)...]
2026-05-22T17:34:59.260+02:00 DEBUG 24844 --- [demo] [nio-8080-exec-7] org.hibernate.SQL                        : insert into meetings (date,description,discussion,end_time,objective,recommendation,room,start_time,type) values (?,?,?,?,?,?,?,?,?)
Hibernate: insert into meetings (date,description,discussion,end_time,objective,recommendation,room,start_time,type) values (?,?,?,?,?,?,?,?,?)
2026-05-22T17:34:59.288+02:00 DEBUG 24844 --- [demo] [nio-8080-exec-7] o.s.w.s.m.m.a.HttpEntityMethodProcessor  : Using 'application/json', given [*/*] and supported [application/json, application/*+json]
2026-05-22T17:34:59.288+02:00 DEBUG 24844 --- [demo] [nio-8080-exec-7] o.s.w.s.m.m.a.HttpEntityMethodProcessor  : Writing [MeetingResponse(id=1003, objective=Codex smoke test, type=Planning, description=Temporary test meeti (truncated)...]
2026-05-22T17:34:59.289+02:00 DEBUG 24844 --- [demo] [nio-8080-exec-7] o.s.web.servlet.DispatcherServlet        : Completed 201 CREATED
2026-05-22T17:34:59.301+02:00 DEBUG 24844 --- [demo] [io-8080-exec-10] org.hibernate.SQL                        : select u1_0.id,u1_0.email,u1_0.name,u1_0.password,u1_0.role from users u1_0 where u1_0.email=?
Hibernate: select u1_0.id,u1_0.email,u1_0.name,u1_0.password,u1_0.role from users u1_0 where u1_0.email=?
2026-05-22T17:34:59.305+02:00 DEBUG 24844 --- [demo] [io-8080-exec-10] o.s.web.servlet.DispatcherServlet        : DELETE "/api/meetings/1003", parameters={}
2026-05-22T17:34:59.305+02:00 DEBUG 24844 --- [demo] [io-8080-exec-10] s.w.s.m.m.a.RequestMappingHandlerMapping : Mapped to com.example.demo.controller.MeetingController#delete(Long)
2026-05-22T17:34:59.441+02:00 DEBUG 24844 --- [demo] [io-8080-exec-10] org.hibernate.SQL                        : select count(*) from meetings m1_0 where m1_0.id=?
Hibernate: select count(*) from meetings m1_0 where m1_0.id=?
2026-05-22T17:34:59.458+02:00 DEBUG 24844 --- [demo] [io-8080-exec-10] org.hibernate.SQL                        : select m1_0.id,m1_0.date,m1_0.description,m1_0.discussion,m1_0.end_time,m1_0.objective,m1_0.recommendation,m1_0.room,m1_0.start_time,m1_0.type from meetings m1_0 where m1_0.id=?
Hibernate: select m1_0.id,m1_0.date,m1_0.description,m1_0.discussion,m1_0.end_time,m1_0.objective,m1_0.recommendation,m1_0.room,m1_0.start_time,m1_0.type from meetings m1_0 where m1_0.id=?
2026-05-22T17:34:59.461+02:00 DEBUG 24844 --- [demo] [io-8080-exec-10] org.hibernate.SQL                        : select d1_0.meeting_id,d1_0.id,d1_0.name,d1_0.url from documents d1_0 where d1_0.meeting_id=?
Hibernate: select d1_0.meeting_id,d1_0.id,d1_0.name,d1_0.url from documents d1_0 where d1_0.meeting_id=?
2026-05-22T17:34:59.462+02:00 DEBUG 24844 --- [demo] [io-8080-exec-10] org.hibernate.SQL                        : select p1_0.meeting_id,p1_0.id,p1_0.upload_date,p1_0.uploaded_by_id,p1_0.url from photos p1_0 where p1_0.meeting_id=?
Hibernate: select p1_0.meeting_id,p1_0.id,p1_0.upload_date,p1_0.uploaded_by_id,p1_0.url from photos p1_0 where p1_0.meeting_id=?
2026-05-22T17:34:59.465+02:00 DEBUG 24844 --- [demo] [io-8080-exec-10] org.hibernate.SQL                        : delete from meeting_audiences where meeting_id=?
Hibernate: delete from meeting_audiences where meeting_id=?
2026-05-22T17:34:59.466+02:00 DEBUG 24844 --- [demo] [io-8080-exec-10] org.hibernate.SQL                        : delete from meeting_participants where meeting_id=?
Hibernate: delete from meeting_participants where meeting_id=?
2026-05-22T17:34:59.466+02:00 DEBUG 24844 --- [demo] [io-8080-exec-10] org.hibernate.SQL                        : delete from meeting_services where meeting_id=?
Hibernate: delete from meeting_services where meeting_id=?
2026-05-22T17:34:59.468+02:00 DEBUG 24844 --- [demo] [io-8080-exec-10] org.hibernate.SQL                        : delete from meetings where id=?
Hibernate: delete from meetings where id=?
2026-05-22T17:34:59.473+02:00 DEBUG 24844 --- [demo] [io-8080-exec-10] o.s.w.s.m.m.a.HttpEntityMethodProcessor  : Using 'application/json', given [*/*] and supported [application/json, application/*+json]
2026-05-22T17:34:59.473+02:00 DEBUG 24844 --- [demo] [io-8080-exec-10] o.s.w.s.m.m.a.HttpEntityMethodProcessor  : Nothing to write: null body
2026-05-22T17:34:59.473+02:00 DEBUG 24844 --- [demo] [io-8080-exec-10] o.s.web.servlet.DispatcherServlet        : Completed 204 NO_CONTENT
2026-05-22T17:39:15.452+02:00 DEBUG 24844 --- [demo] [nio-8080-exec-3] o.s.web.servlet.DispatcherServlet        : POST "/api/auth/register", parameters={}
2026-05-22T17:39:15.454+02:00 DEBUG 24844 --- [demo] [nio-8080-exec-3] s.w.s.m.m.a.RequestMappingHandlerMapping : Mapped to com.example.demo.controller.AuthController#register(RegisterRequest)
2026-05-22T17:39:15.455+02:00 DEBUG 24844 --- [demo] [nio-8080-exec-3] m.m.a.RequestResponseBodyMethodProcessor : Read "application/json;charset=UTF-8" to [RegisterRequest(name=ANASS SIBBI, email=sibbianass@gmail.com, password=sibbi2004, role=ADMIN)]
2026-05-22T17:39:15.457+02:00 DEBUG 24844 --- [demo] [nio-8080-exec-3] org.hibernate.SQL                        : select u1_0.id from users u1_0 where u1_0.email=? limit ?
Hibernate: select u1_0.id from users u1_0 where u1_0.email=? limit ?
2026-05-22T17:39:15.529+02:00 DEBUG 24844 --- [demo] [nio-8080-exec-3] org.hibernate.SQL                        : insert into users (email,name,password,role) values (?,?,?,?)
Hibernate: insert into users (email,name,password,role) values (?,?,?,?)
2026-05-22T17:39:15.667+02:00 DEBUG 24844 --- [demo] [nio-8080-exec-3] o.s.w.s.m.m.a.HttpEntityMethodProcessor  : Using 'application/json', given [application/json, text/plain, */*] and supported [application/json, application/*+json]
2026-05-22T17:39:15.667+02:00 DEBUG 24844 --- [demo] [nio-8080-exec-3] o.s.w.s.m.m.a.HttpEntityMethodProcessor  : Writing [AuthResponse(token=eyJhbGciOiJIUzUxMiJ9.eyJzdWIiOiJzaWJiaWFuYXNzQGdtYWlsLmNvbSIsImlhdCI6MTc3OTQ2NDM1 (truncated)...]
2026-05-22T17:39:15.669+02:00 DEBUG 24844 --- [demo] [nio-8080-exec-3] o.s.web.servlet.DispatcherServlet        : Completed 201 CREATED
2026-05-22T17:39:30.618+02:00 DEBUG 24844 --- [demo] [nio-8080-exec-1] o.s.web.servlet.DispatcherServlet        : POST "/api/auth/login", parameters={}
2026-05-22T17:39:30.618+02:00 DEBUG 24844 --- [demo] [nio-8080-exec-1] s.w.s.m.m.a.RequestMappingHandlerMapping : Mapped to com.example.demo.controller.AuthController#login(LoginRequest)
2026-05-22T17:39:30.619+02:00 DEBUG 24844 --- [demo] [nio-8080-exec-1] m.m.a.RequestResponseBodyMethodProcessor : Read "application/json;charset=UTF-8" to [LoginRequest(email=sibbianass@gmail.com, password=sibbi2004)]
2026-05-22T17:39:30.621+02:00 DEBUG 24844 --- [demo] [nio-8080-exec-1] org.hibernate.SQL                        : select u1_0.id,u1_0.email,u1_0.name,u1_0.password,u1_0.role from users u1_0 where u1_0.email=?
Hibernate: select u1_0.id,u1_0.email,u1_0.name,u1_0.password,u1_0.role from users u1_0 where u1_0.email=?
2026-05-22T17:39:30.690+02:00 DEBUG 24844 --- [demo] [nio-8080-exec-1] org.hibernate.SQL                        : select u1_0.id,u1_0.email,u1_0.name,u1_0.password,u1_0.role from users u1_0 where u1_0.email=?
Hibernate: select u1_0.id,u1_0.email,u1_0.name,u1_0.password,u1_0.role from users u1_0 where u1_0.email=?
2026-05-22T17:39:30.691+02:00 DEBUG 24844 --- [demo] [nio-8080-exec-1] o.s.w.s.m.m.a.HttpEntityMethodProcessor  : Using 'application/json', given [application/json, text/plain, */*] and supported [application/json, application/*+json]
2026-05-22T17:39:30.691+02:00 DEBUG 24844 --- [demo] [nio-8080-exec-1] o.s.w.s.m.m.a.HttpEntityMethodProcessor  : Writing [AuthResponse(token=eyJhbGciOiJIUzUxMiJ9.eyJzdWIiOiJzaWJiaWFuYXNzQGdtYWlsLmNvbSIsImlhdCI6MTc3OTQ2NDM3 (truncated)...]
2026-05-22T17:39:30.692+02:00 DEBUG 24844 --- [demo] [nio-8080-exec-1] o.s.web.servlet.DispatcherServlet        : Completed 200 OK
2026-05-22T17:39:35.163+02:00 DEBUG 24844 --- [demo] [nio-8080-exec-5] org.hibernate.SQL                        : select u1_0.id,u1_0.email,u1_0.name,u1_0.password,u1_0.role from users u1_0 where u1_0.email=?
Hibernate: select u1_0.id,u1_0.email,u1_0.name,u1_0.password,u1_0.role from users u1_0 where u1_0.email=?
2026-05-22T17:39:35.169+02:00 DEBUG 24844 --- [demo] [nio-8080-exec-5] o.s.web.servlet.DispatcherServlet        : GET "/api/meetings", parameters={}
2026-05-22T17:39:35.169+02:00 DEBUG 24844 --- [demo] [nio-8080-exec-5] s.w.s.m.m.a.RequestMappingHandlerMapping : Mapped to com.example.demo.controller.MeetingController#findAll()
2026-05-22T17:39:35.172+02:00 DEBUG 24844 --- [demo] [nio-8080-exec-5] org.hibernate.SQL                        : select m1_0.id,m1_0.date,m1_0.description,m1_0.discussion,m1_0.end_time,m1_0.objective,m1_0.recommendation,m1_0.room,m1_0.start_time,m1_0.type from meetings m1_0
Hibernate: select m1_0.id,m1_0.date,m1_0.description,m1_0.discussion,m1_0.end_time,m1_0.objective,m1_0.recommendation,m1_0.room,m1_0.start_time,m1_0.type from meetings m1_0
2026-05-22T17:39:35.176+02:00 DEBUG 24844 --- [demo] [nio-8080-exec-5] org.hibernate.SQL                        : select p1_0.meeting_id,p1_1.id,p1_1.email,p1_1.first_name,p1_1.last_name,p1_1.phone from meeting_participants p1_0 join participants p1_1 on p1_1.id=p1_0.participant_id where p1_0.meeting_id=?
Hibernate: select p1_0.meeting_id,p1_1.id,p1_1.email,p1_1.first_name,p1_1.last_name,p1_1.phone from meeting_participants p1_0 join participants p1_1 on p1_1.id=p1_0.participant_id where p1_0.meeting_id=?
2026-05-22T17:39:35.178+02:00 DEBUG 24844 --- [demo] [nio-8080-exec-5] org.hibernate.SQL                        : select s1_0.meeting_id,s1_1.id,s1_1.name,s1_1.type from meeting_services s1_0 join services s1_1 on s1_1.id=s1_0.service_id where s1_0.meeting_id=?
Hibernate: select s1_0.meeting_id,s1_1.id,s1_1.name,s1_1.type from meeting_services s1_0 join services s1_1 on s1_1.id=s1_0.service_id where s1_0.meeting_id=?
2026-05-22T17:39:35.179+02:00 DEBUG 24844 --- [demo] [nio-8080-exec-5] org.hibernate.SQL                        : select a1_0.meeting_id,a1_1.id,a1_1.description,a1_1.name from meeting_audiences a1_0 join audiences a1_1 on a1_1.id=a1_0.audience_id where a1_0.meeting_id=?
Hibernate: select a1_0.meeting_id,a1_1.id,a1_1.description,a1_1.name from meeting_audiences a1_0 join audiences a1_1 on a1_1.id=a1_0.audience_id where a1_0.meeting_id=?
2026-05-22T17:39:35.180+02:00 DEBUG 24844 --- [demo] [nio-8080-exec-5] org.hibernate.SQL                        : select p1_0.meeting_id,p1_0.id,p1_0.upload_date,p1_0.uploaded_by_id,p1_0.url from photos p1_0 where p1_0.meeting_id=?
Hibernate: select p1_0.meeting_id,p1_0.id,p1_0.upload_date,p1_0.uploaded_by_id,p1_0.url from photos p1_0 where p1_0.meeting_id=?
2026-05-22T17:39:35.181+02:00 DEBUG 24844 --- [demo] [nio-8080-exec-5] org.hibernate.SQL                        : select d1_0.meeting_id,d1_0.id,d1_0.name,d1_0.url from documents d1_0 where d1_0.meeting_id=?
Hibernate: select d1_0.meeting_id,d1_0.id,d1_0.name,d1_0.url from documents d1_0 where d1_0.meeting_id=?
2026-05-22T17:39:35.182+02:00 DEBUG 24844 --- [demo] [nio-8080-exec-5] org.hibernate.SQL                        : select p1_0.meeting_id,p1_1.id,p1_1.email,p1_1.first_name,p1_1.last_name,p1_1.phone from meeting_participants p1_0 join participants p1_1 on p1_1.id=p1_0.participant_id where p1_0.meeting_id=?
Hibernate: select p1_0.meeting_id,p1_1.id,p1_1.email,p1_1.first_name,p1_1.last_name,p1_1.phone from meeting_participants p1_0 join participants p1_1 on p1_1.id=p1_0.participant_id where p1_0.meeting_id=?
2026-05-22T17:39:35.183+02:00 DEBUG 24844 --- [demo] [nio-8080-exec-5] org.hibernate.SQL                        : select s1_0.meeting_id,s1_1.id,s1_1.name,s1_1.type from meeting_services s1_0 join services s1_1 on s1_1.id=s1_0.service_id where s1_0.meeting_id=?
Hibernate: select s1_0.meeting_id,s1_1.id,s1_1.name,s1_1.type from meeting_services s1_0 join services s1_1 on s1_1.id=s1_0.service_id where s1_0.meeting_id=?
2026-05-22T17:39:35.184+02:00 DEBUG 24844 --- [demo] [nio-8080-exec-5] org.hibernate.SQL                        : select a1_0.meeting_id,a1_1.id,a1_1.description,a1_1.name from meeting_audiences a1_0 join audiences a1_1 on a1_1.id=a1_0.audience_id where a1_0.meeting_id=?
Hibernate: select a1_0.meeting_id,a1_1.id,a1_1.description,a1_1.name from meeting_audiences a1_0 join audiences a1_1 on a1_1.id=a1_0.audience_id where a1_0.meeting_id=?
2026-05-22T17:39:35.184+02:00 DEBUG 24844 --- [demo] [nio-8080-exec-5] org.hibernate.SQL                        : select p1_0.meeting_id,p1_0.id,p1_0.upload_date,p1_0.uploaded_by_id,p1_0.url from photos p1_0 where p1_0.meeting_id=?
Hibernate: select p1_0.meeting_id,p1_0.id,p1_0.upload_date,p1_0.uploaded_by_id,p1_0.url from photos p1_0 where p1_0.meeting_id=?
2026-05-22T17:39:35.185+02:00 DEBUG 24844 --- [demo] [nio-8080-exec-5] org.hibernate.SQL                        : select d1_0.meeting_id,d1_0.id,d1_0.name,d1_0.url from documents d1_0 where d1_0.meeting_id=?
Hibernate: select d1_0.meeting_id,d1_0.id,d1_0.name,d1_0.url from documents d1_0 where d1_0.meeting_id=?
2026-05-22T17:39:35.187+02:00 DEBUG 24844 --- [demo] [nio-8080-exec-5] o.s.w.s.m.m.a.HttpEntityMethodProcessor  : Using 'application/json', given [application/json, text/plain, */*] and supported [application/json, application/*+json]
2026-05-22T17:39:35.187+02:00 DEBUG 24844 --- [demo] [nio-8080-exec-5] o.s.w.s.m.m.a.HttpEntityMethodProcessor  : Writing [[MeetingResponse(id=1001, objective=Planifier le lancement du projet, type=Planning, description=Reu (truncated)...]
2026-05-22T17:39:35.188+02:00 DEBUG 24844 --- [demo] [nio-8080-exec-5] o.s.web.servlet.DispatcherServlet        : Completed 200 OK
2026-05-22T17:39:35.202+02:00 DEBUG 24844 --- [demo] [nio-8080-exec-2] org.hibernate.SQL                        : select u1_0.id,u1_0.email,u1_0.name,u1_0.password,u1_0.role from users u1_0 where u1_0.email=?
Hibernate: select u1_0.id,u1_0.email,u1_0.name,u1_0.password,u1_0.role from users u1_0 where u1_0.email=?
2026-05-22T17:39:35.205+02:00 DEBUG 24844 --- [demo] [nio-8080-exec-2] o.s.web.servlet.DispatcherServlet        : GET "/api/meetings", parameters={}
2026-05-22T17:39:35.205+02:00 DEBUG 24844 --- [demo] [nio-8080-exec-2] s.w.s.m.m.a.RequestMappingHandlerMapping : Mapped to com.example.demo.controller.MeetingController#findAll()
2026-05-22T17:39:35.206+02:00 DEBUG 24844 --- [demo] [nio-8080-exec-2] org.hibernate.SQL                        : select m1_0.id,m1_0.date,m1_0.description,m1_0.discussion,m1_0.end_time,m1_0.objective,m1_0.recommendation,m1_0.room,m1_0.start_time,m1_0.type from meetings m1_0
Hibernate: select m1_0.id,m1_0.date,m1_0.description,m1_0.discussion,m1_0.end_time,m1_0.objective,m1_0.recommendation,m1_0.room,m1_0.start_time,m1_0.type from meetings m1_0
2026-05-22T17:39:35.209+02:00 DEBUG 24844 --- [demo] [nio-8080-exec-2] org.hibernate.SQL                        : select p1_0.meeting_id,p1_1.id,p1_1.email,p1_1.first_name,p1_1.last_name,p1_1.phone from meeting_participants p1_0 join participants p1_1 on p1_1.id=p1_0.participant_id where p1_0.meeting_id=?
Hibernate: select p1_0.meeting_id,p1_1.id,p1_1.email,p1_1.first_name,p1_1.last_name,p1_1.phone from meeting_participants p1_0 join participants p1_1 on p1_1.id=p1_0.participant_id where p1_0.meeting_id=?
2026-05-22T17:39:35.210+02:00 DEBUG 24844 --- [demo] [nio-8080-exec-2] org.hibernate.SQL                        : select s1_0.meeting_id,s1_1.id,s1_1.name,s1_1.type from meeting_services s1_0 join services s1_1 on s1_1.id=s1_0.service_id where s1_0.meeting_id=?
Hibernate: select s1_0.meeting_id,s1_1.id,s1_1.name,s1_1.type from meeting_services s1_0 join services s1_1 on s1_1.id=s1_0.service_id where s1_0.meeting_id=?
2026-05-22T17:39:35.211+02:00 DEBUG 24844 --- [demo] [nio-8080-exec-2] org.hibernate.SQL                        : select a1_0.meeting_id,a1_1.id,a1_1.description,a1_1.name from meeting_audiences a1_0 join audiences a1_1 on a1_1.id=a1_0.audience_id where a1_0.meeting_id=?
Hibernate: select a1_0.meeting_id,a1_1.id,a1_1.description,a1_1.name from meeting_audiences a1_0 join audiences a1_1 on a1_1.id=a1_0.audience_id where a1_0.meeting_id=?
2026-05-22T17:39:35.211+02:00 DEBUG 24844 --- [demo] [nio-8080-exec-2] org.hibernate.SQL                        : select p1_0.meeting_id,p1_0.id,p1_0.upload_date,p1_0.uploaded_by_id,p1_0.url from photos p1_0 where p1_0.meeting_id=?
Hibernate: select p1_0.meeting_id,p1_0.id,p1_0.upload_date,p1_0.uploaded_by_id,p1_0.url from photos p1_0 where p1_0.meeting_id=?
2026-05-22T17:39:35.213+02:00 DEBUG 24844 --- [demo] [nio-8080-exec-2] org.hibernate.SQL                        : select d1_0.meeting_id,d1_0.id,d1_0.name,d1_0.url from documents d1_0 where d1_0.meeting_id=?
Hibernate: select d1_0.meeting_id,d1_0.id,d1_0.name,d1_0.url from documents d1_0 where d1_0.meeting_id=?
2026-05-22T17:39:35.214+02:00 DEBUG 24844 --- [demo] [nio-8080-exec-2] org.hibernate.SQL                        : select p1_0.meeting_id,p1_1.id,p1_1.email,p1_1.first_name,p1_1.last_name,p1_1.phone from meeting_participants p1_0 join participants p1_1 on p1_1.id=p1_0.participant_id where p1_0.meeting_id=?
Hibernate: select p1_0.meeting_id,p1_1.id,p1_1.email,p1_1.first_name,p1_1.last_name,p1_1.phone from meeting_participants p1_0 join participants p1_1 on p1_1.id=p1_0.participant_id where p1_0.meeting_id=?
2026-05-22T17:39:35.215+02:00 DEBUG 24844 --- [demo] [nio-8080-exec-2] org.hibernate.SQL                        : select s1_0.meeting_id,s1_1.id,s1_1.name,s1_1.type from meeting_services s1_0 join services s1_1 on s1_1.id=s1_0.service_id where s1_0.meeting_id=?
Hibernate: select s1_0.meeting_id,s1_1.id,s1_1.name,s1_1.type from meeting_services s1_0 join services s1_1 on s1_1.id=s1_0.service_id where s1_0.meeting_id=?
2026-05-22T17:39:35.216+02:00 DEBUG 24844 --- [demo] [nio-8080-exec-2] org.hibernate.SQL                        : select a1_0.meeting_id,a1_1.id,a1_1.description,a1_1.name from meeting_audiences a1_0 join audiences a1_1 on a1_1.id=a1_0.audience_id where a1_0.meeting_id=?
Hibernate: select a1_0.meeting_id,a1_1.id,a1_1.description,a1_1.name from meeting_audiences a1_0 join audiences a1_1 on a1_1.id=a1_0.audience_id where a1_0.meeting_id=?
2026-05-22T17:39:35.218+02:00 DEBUG 24844 --- [demo] [nio-8080-exec-2] org.hibernate.SQL                        : select p1_0.meeting_id,p1_0.id,p1_0.upload_date,p1_0.uploaded_by_id,p1_0.url from photos p1_0 where p1_0.meeting_id=?
Hibernate: select p1_0.meeting_id,p1_0.id,p1_0.upload_date,p1_0.uploaded_by_id,p1_0.url from photos p1_0 where p1_0.meeting_id=?
2026-05-22T17:39:35.219+02:00 DEBUG 24844 --- [demo] [nio-8080-exec-2] org.hibernate.SQL                        : select d1_0.meeting_id,d1_0.id,d1_0.name,d1_0.url from documents d1_0 where d1_0.meeting_id=?
Hibernate: select d1_0.meeting_id,d1_0.id,d1_0.name,d1_0.url from documents d1_0 where d1_0.meeting_id=?
2026-05-22T17:39:35.222+02:00 DEBUG 24844 --- [demo] [nio-8080-exec-2] o.s.w.s.m.m.a.HttpEntityMethodProcessor  : Using 'application/json', given [application/json, text/plain, */*] and supported [application/json, application/*+json]
2026-05-22T17:39:35.222+02:00 DEBUG 24844 --- [demo] [nio-8080-exec-2] o.s.w.s.m.m.a.HttpEntityMethodProcessor  : Writing [[MeetingResponse(id=1001, objective=Planifier le lancement du projet, type=Planning, description=Reu (truncated)...]
2026-05-22T17:39:35.223+02:00 DEBUG 24844 --- [demo] [nio-8080-exec-2] o.s.web.servlet.DispatcherServlet        : Completed 200 OK
2026-05-22T18:37:19.076+02:00 DEBUG 24844 --- [demo] [nio-8080-exec-9] org.hibernate.SQL                        : select u1_0.id,u1_0.email,u1_0.name,u1_0.password,u1_0.role from users u1_0 where u1_0.email=?
Hibernate: select u1_0.id,u1_0.email,u1_0.name,u1_0.password,u1_0.role from users u1_0 where u1_0.email=?
2026-05-22T18:37:19.085+02:00 DEBUG 24844 --- [demo] [nio-8080-exec-9] o.s.web.servlet.DispatcherServlet        : POST "/api/meetings", parameters={}
2026-05-22T18:37:19.086+02:00 DEBUG 24844 --- [demo] [nio-8080-exec-9] s.w.s.m.m.a.RequestMappingHandlerMapping : Mapped to com.example.demo.controller.MeetingController#create(MeetingRequest)
2026-05-22T18:37:19.091+02:00 DEBUG 24844 --- [demo] [nio-8080-exec-9] m.m.a.RequestResponseBodyMethodProcessor : Read "application/json;charset=UTF-8" to [MeetingRequest(objective=for what, type=préinstruction, description=null, date=2026-12-12, startTime (truncated)...]
2026-05-22T18:37:19.097+02:00 DEBUG 24844 --- [demo] [nio-8080-exec-9] org.hibernate.SQL                        : insert into meetings (date,description,discussion,end_time,objective,recommendation,room,start_time,type) values (?,?,?,?,?,?,?,?,?)
Hibernate: insert into meetings (date,description,discussion,end_time,objective,recommendation,room,start_time,type) values (?,?,?,?,?,?,?,?,?)
2026-05-22T18:37:19.108+02:00 DEBUG 24844 --- [demo] [nio-8080-exec-9] o.s.w.s.m.m.a.HttpEntityMethodProcessor  : Using 'application/json', given [application/json, text/plain, */*] and supported [application/json, application/*+json]
2026-05-22T18:37:19.109+02:00 DEBUG 24844 --- [demo] [nio-8080-exec-9] o.s.w.s.m.m.a.HttpEntityMethodProcessor  : Writing [MeetingResponse(id=1004, objective=for what, type=préinstruction, description=null, date=2026-12-12, (truncated)...]
2026-05-22T18:37:19.111+02:00 DEBUG 24844 --- [demo] [nio-8080-exec-9] o.s.web.servlet.DispatcherServlet        : Completed 201 CREATED
2026-05-22T18:37:19.151+02:00 DEBUG 24844 --- [demo] [nio-8080-exec-4] org.hibernate.SQL                        : select u1_0.id,u1_0.email,u1_0.name,u1_0.password,u1_0.role from users u1_0 where u1_0.email=?
Hibernate: select u1_0.id,u1_0.email,u1_0.name,u1_0.password,u1_0.role from users u1_0 where u1_0.email=?
2026-05-22T18:37:19.154+02:00 DEBUG 24844 --- [demo] [nio-8080-exec-4] o.s.web.servlet.DispatcherServlet        : GET "/api/meetings", parameters={}
2026-05-22T18:37:19.154+02:00 DEBUG 24844 --- [demo] [nio-8080-exec-4] s.w.s.m.m.a.RequestMappingHandlerMapping : Mapped to com.example.demo.controller.MeetingController#findAll()
2026-05-22T18:37:19.157+02:00 DEBUG 24844 --- [demo] [nio-8080-exec-4] org.hibernate.SQL                        : select m1_0.id,m1_0.date,m1_0.description,m1_0.discussion,m1_0.end_time,m1_0.objective,m1_0.recommendation,m1_0.room,m1_0.start_time,m1_0.type from meetings m1_0
Hibernate: select m1_0.id,m1_0.date,m1_0.description,m1_0.discussion,m1_0.end_time,m1_0.objective,m1_0.recommendation,m1_0.room,m1_0.start_time,m1_0.type from meetings m1_0
2026-05-22T18:37:19.160+02:00 DEBUG 24844 --- [demo] [nio-8080-exec-4] org.hibernate.SQL                        : select p1_0.meeting_id,p1_1.id,p1_1.email,p1_1.first_name,p1_1.last_name,p1_1.phone from meeting_participants p1_0 join participants p1_1 on p1_1.id=p1_0.participant_id where p1_0.meeting_id=?
Hibernate: select p1_0.meeting_id,p1_1.id,p1_1.email,p1_1.first_name,p1_1.last_name,p1_1.phone from meeting_participants p1_0 join participants p1_1 on p1_1.id=p1_0.participant_id where p1_0.meeting_id=?
2026-05-22T18:37:19.164+02:00 DEBUG 24844 --- [demo] [nio-8080-exec-4] org.hibernate.SQL                        : select s1_0.meeting_id,s1_1.id,s1_1.name,s1_1.type from meeting_services s1_0 join services s1_1 on s1_1.id=s1_0.service_id where s1_0.meeting_id=?
Hibernate: select s1_0.meeting_id,s1_1.id,s1_1.name,s1_1.type from meeting_services s1_0 join services s1_1 on s1_1.id=s1_0.service_id where s1_0.meeting_id=?
2026-05-22T18:37:19.167+02:00 DEBUG 24844 --- [demo] [nio-8080-exec-4] org.hibernate.SQL                        : select a1_0.meeting_id,a1_1.id,a1_1.description,a1_1.name from meeting_audiences a1_0 join audiences a1_1 on a1_1.id=a1_0.audience_id where a1_0.meeting_id=?
Hibernate: select a1_0.meeting_id,a1_1.id,a1_1.description,a1_1.name from meeting_audiences a1_0 join audiences a1_1 on a1_1.id=a1_0.audience_id where a1_0.meeting_id=?
2026-05-22T18:37:19.169+02:00 DEBUG 24844 --- [demo] [nio-8080-exec-4] org.hibernate.SQL                        : select p1_0.meeting_id,p1_0.id,p1_0.upload_date,p1_0.uploaded_by_id,p1_0.url from photos p1_0 where p1_0.meeting_id=?
Hibernate: select p1_0.meeting_id,p1_0.id,p1_0.upload_date,p1_0.uploaded_by_id,p1_0.url from photos p1_0 where p1_0.meeting_id=?
2026-05-22T18:37:19.171+02:00 DEBUG 24844 --- [demo] [nio-8080-exec-4] org.hibernate.SQL                        : select d1_0.meeting_id,d1_0.id,d1_0.name,d1_0.url from documents d1_0 where d1_0.meeting_id=?
Hibernate: select d1_0.meeting_id,d1_0.id,d1_0.name,d1_0.url from documents d1_0 where d1_0.meeting_id=?
2026-05-22T18:37:19.173+02:00 DEBUG 24844 --- [demo] [nio-8080-exec-4] org.hibernate.SQL                        : select p1_0.meeting_id,p1_1.id,p1_1.email,p1_1.first_name,p1_1.last_name,p1_1.phone from meeting_participants p1_0 join participants p1_1 on p1_1.id=p1_0.participant_id where p1_0.meeting_id=?
Hibernate: select p1_0.meeting_id,p1_1.id,p1_1.email,p1_1.first_name,p1_1.last_name,p1_1.phone from meeting_participants p1_0 join participants p1_1 on p1_1.id=p1_0.participant_id where p1_0.meeting_id=?
2026-05-22T18:37:19.174+02:00 DEBUG 24844 --- [demo] [nio-8080-exec-4] org.hibernate.SQL                        : select s1_0.meeting_id,s1_1.id,s1_1.name,s1_1.type from meeting_services s1_0 join services s1_1 on s1_1.id=s1_0.service_id where s1_0.meeting_id=?
Hibernate: select s1_0.meeting_id,s1_1.id,s1_1.name,s1_1.type from meeting_services s1_0 join services s1_1 on s1_1.id=s1_0.service_id where s1_0.meeting_id=?
2026-05-22T18:37:19.175+02:00 DEBUG 24844 --- [demo] [nio-8080-exec-4] org.hibernate.SQL                        : select a1_0.meeting_id,a1_1.id,a1_1.description,a1_1.name from meeting_audiences a1_0 join audiences a1_1 on a1_1.id=a1_0.audience_id where a1_0.meeting_id=?
Hibernate: select a1_0.meeting_id,a1_1.id,a1_1.description,a1_1.name from meeting_audiences a1_0 join audiences a1_1 on a1_1.id=a1_0.audience_id where a1_0.meeting_id=?
2026-05-22T18:37:19.176+02:00 DEBUG 24844 --- [demo] [nio-8080-exec-4] org.hibernate.SQL                        : select p1_0.meeting_id,p1_0.id,p1_0.upload_date,p1_0.uploaded_by_id,p1_0.url from photos p1_0 where p1_0.meeting_id=?
Hibernate: select p1_0.meeting_id,p1_0.id,p1_0.upload_date,p1_0.uploaded_by_id,p1_0.url from photos p1_0 where p1_0.meeting_id=?
2026-05-22T18:37:19.177+02:00 DEBUG 24844 --- [demo] [nio-8080-exec-4] org.hibernate.SQL                        : select d1_0.meeting_id,d1_0.id,d1_0.name,d1_0.url from documents d1_0 where d1_0.meeting_id=?
Hibernate: select d1_0.meeting_id,d1_0.id,d1_0.name,d1_0.url from documents d1_0 where d1_0.meeting_id=?
2026-05-22T18:37:19.178+02:00 DEBUG 24844 --- [demo] [nio-8080-exec-4] org.hibernate.SQL                        : select p1_0.meeting_id,p1_1.id,p1_1.email,p1_1.first_name,p1_1.last_name,p1_1.phone from meeting_participants p1_0 join participants p1_1 on p1_1.id=p1_0.participant_id where p1_0.meeting_id=?
Hibernate: select p1_0.meeting_id,p1_1.id,p1_1.email,p1_1.first_name,p1_1.last_name,p1_1.phone from meeting_participants p1_0 join participants p1_1 on p1_1.id=p1_0.participant_id where p1_0.meeting_id=?
2026-05-22T18:37:19.179+02:00 DEBUG 24844 --- [demo] [nio-8080-exec-4] org.hibernate.SQL                        : select s1_0.meeting_id,s1_1.id,s1_1.name,s1_1.type from meeting_services s1_0 join services s1_1 on s1_1.id=s1_0.service_id where s1_0.meeting_id=?
Hibernate: select s1_0.meeting_id,s1_1.id,s1_1.name,s1_1.type from meeting_services s1_0 join services s1_1 on s1_1.id=s1_0.service_id where s1_0.meeting_id=?
2026-05-22T18:37:19.180+02:00 DEBUG 24844 --- [demo] [nio-8080-exec-4] org.hibernate.SQL                        : select a1_0.meeting_id,a1_1.id,a1_1.description,a1_1.name from meeting_audiences a1_0 join audiences a1_1 on a1_1.id=a1_0.audience_id where a1_0.meeting_id=?
Hibernate: select a1_0.meeting_id,a1_1.id,a1_1.description,a1_1.name from meeting_audiences a1_0 join audiences a1_1 on a1_1.id=a1_0.audience_id where a1_0.meeting_id=?
2026-05-22T18:37:19.181+02:00 DEBUG 24844 --- [demo] [nio-8080-exec-4] org.hibernate.SQL                        : select p1_0.meeting_id,p1_0.id,p1_0.upload_date,p1_0.uploaded_by_id,p1_0.url from photos p1_0 where p1_0.meeting_id=?
Hibernate: select p1_0.meeting_id,p1_0.id,p1_0.upload_date,p1_0.uploaded_by_id,p1_0.url from photos p1_0 where p1_0.meeting_id=?
2026-05-22T18:37:19.182+02:00 DEBUG 24844 --- [demo] [nio-8080-exec-4] org.hibernate.SQL                        : select d1_0.meeting_id,d1_0.id,d1_0.name,d1_0.url from documents d1_0 where d1_0.meeting_id=?
Hibernate: select d1_0.meeting_id,d1_0.id,d1_0.name,d1_0.url from documents d1_0 where d1_0.meeting_id=?
2026-05-22T18:37:19.183+02:00 DEBUG 24844 --- [demo] [nio-8080-exec-4] o.s.w.s.m.m.a.HttpEntityMethodProcessor  : Using 'application/json', given [application/json, text/plain, */*] and supported [application/json, application/*+json]
2026-05-22T18:37:19.184+02:00 DEBUG 24844 --- [demo] [nio-8080-exec-4] o.s.w.s.m.m.a.HttpEntityMethodProcessor  : Writing [[MeetingResponse(id=1001, objective=Planifier le lancement du projet, type=Planning, description=Reu (truncated)...]
2026-05-22T18:37:19.187+02:00 DEBUG 24844 --- [demo] [nio-8080-exec-4] o.s.web.servlet.DispatcherServlet        : Completed 200 OK
2026-05-22T18:37:19.204+02:00 DEBUG 24844 --- [demo] [nio-8080-exec-6] org.hibernate.SQL                        : select u1_0.id,u1_0.email,u1_0.name,u1_0.password,u1_0.role from users u1_0 where u1_0.email=?
Hibernate: select u1_0.id,u1_0.email,u1_0.name,u1_0.password,u1_0.role from users u1_0 where u1_0.email=?
2026-05-22T18:37:19.207+02:00 DEBUG 24844 --- [demo] [nio-8080-exec-6] o.s.web.servlet.DispatcherServlet        : GET "/api/meetings", parameters={}
2026-05-22T18:37:19.207+02:00 DEBUG 24844 --- [demo] [nio-8080-exec-6] s.w.s.m.m.a.RequestMappingHandlerMapping : Mapped to com.example.demo.controller.MeetingController#findAll()
2026-05-22T18:37:19.210+02:00 DEBUG 24844 --- [demo] [nio-8080-exec-6] org.hibernate.SQL                        : select m1_0.id,m1_0.date,m1_0.description,m1_0.discussion,m1_0.end_time,m1_0.objective,m1_0.recommendation,m1_0.room,m1_0.start_time,m1_0.type from meetings m1_0
Hibernate: select m1_0.id,m1_0.date,m1_0.description,m1_0.discussion,m1_0.end_time,m1_0.objective,m1_0.recommendation,m1_0.room,m1_0.start_time,m1_0.type from meetings m1_0
2026-05-22T18:37:19.211+02:00 DEBUG 24844 --- [demo] [nio-8080-exec-6] org.hibernate.SQL                        : select p1_0.meeting_id,p1_1.id,p1_1.email,p1_1.first_name,p1_1.last_name,p1_1.phone from meeting_participants p1_0 join participants p1_1 on p1_1.id=p1_0.participant_id where p1_0.meeting_id=?
Hibernate: select p1_0.meeting_id,p1_1.id,p1_1.email,p1_1.first_name,p1_1.last_name,p1_1.phone from meeting_participants p1_0 join participants p1_1 on p1_1.id=p1_0.participant_id where p1_0.meeting_id=?
2026-05-22T18:37:19.212+02:00 DEBUG 24844 --- [demo] [nio-8080-exec-6] org.hibernate.SQL                        : select s1_0.meeting_id,s1_1.id,s1_1.name,s1_1.type from meeting_services s1_0 join services s1_1 on s1_1.id=s1_0.service_id where s1_0.meeting_id=?
Hibernate: select s1_0.meeting_id,s1_1.id,s1_1.name,s1_1.type from meeting_services s1_0 join services s1_1 on s1_1.id=s1_0.service_id where s1_0.meeting_id=?
2026-05-22T18:37:19.214+02:00 DEBUG 24844 --- [demo] [nio-8080-exec-6] org.hibernate.SQL                        : select a1_0.meeting_id,a1_1.id,a1_1.description,a1_1.name from meeting_audiences a1_0 join audiences a1_1 on a1_1.id=a1_0.audience_id where a1_0.meeting_id=?
Hibernate: select a1_0.meeting_id,a1_1.id,a1_1.description,a1_1.name from meeting_audiences a1_0 join audiences a1_1 on a1_1.id=a1_0.audience_id where a1_0.meeting_id=?
2026-05-22T18:37:19.216+02:00 DEBUG 24844 --- [demo] [nio-8080-exec-6] org.hibernate.SQL                        : select p1_0.meeting_id,p1_0.id,p1_0.upload_date,p1_0.uploaded_by_id,p1_0.url from photos p1_0 where p1_0.meeting_id=?
Hibernate: select p1_0.meeting_id,p1_0.id,p1_0.upload_date,p1_0.uploaded_by_id,p1_0.url from photos p1_0 where p1_0.meeting_id=?
2026-05-22T18:37:19.217+02:00 DEBUG 24844 --- [demo] [nio-8080-exec-6] org.hibernate.SQL                        : select d1_0.meeting_id,d1_0.id,d1_0.name,d1_0.url from documents d1_0 where d1_0.meeting_id=?
Hibernate: select d1_0.meeting_id,d1_0.id,d1_0.name,d1_0.url from documents d1_0 where d1_0.meeting_id=?
2026-05-22T18:37:19.219+02:00 DEBUG 24844 --- [demo] [nio-8080-exec-6] org.hibernate.SQL                        : select p1_0.meeting_id,p1_1.id,p1_1.email,p1_1.first_name,p1_1.last_name,p1_1.phone from meeting_participants p1_0 join participants p1_1 on p1_1.id=p1_0.participant_id where p1_0.meeting_id=?
Hibernate: select p1_0.meeting_id,p1_1.id,p1_1.email,p1_1.first_name,p1_1.last_name,p1_1.phone from meeting_participants p1_0 join participants p1_1 on p1_1.id=p1_0.participant_id where p1_0.meeting_id=?
2026-05-22T18:37:19.220+02:00 DEBUG 24844 --- [demo] [nio-8080-exec-6] org.hibernate.SQL                        : select s1_0.meeting_id,s1_1.id,s1_1.name,s1_1.type from meeting_services s1_0 join services s1_1 on s1_1.id=s1_0.service_id where s1_0.meeting_id=?
Hibernate: select s1_0.meeting_id,s1_1.id,s1_1.name,s1_1.type from meeting_services s1_0 join services s1_1 on s1_1.id=s1_0.service_id where s1_0.meeting_id=?
2026-05-22T18:37:19.222+02:00 DEBUG 24844 --- [demo] [nio-8080-exec-6] org.hibernate.SQL                        : select a1_0.meeting_id,a1_1.id,a1_1.description,a1_1.name from meeting_audiences a1_0 join audiences a1_1 on a1_1.id=a1_0.audience_id where a1_0.meeting_id=?
Hibernate: select a1_0.meeting_id,a1_1.id,a1_1.description,a1_1.name from meeting_audiences a1_0 join audiences a1_1 on a1_1.id=a1_0.audience_id where a1_0.meeting_id=?
2026-05-22T18:37:19.223+02:00 DEBUG 24844 --- [demo] [nio-8080-exec-6] org.hibernate.SQL                        : select p1_0.meeting_id,p1_0.id,p1_0.upload_date,p1_0.uploaded_by_id,p1_0.url from photos p1_0 where p1_0.meeting_id=?
Hibernate: select p1_0.meeting_id,p1_0.id,p1_0.upload_date,p1_0.uploaded_by_id,p1_0.url from photos p1_0 where p1_0.meeting_id=?
2026-05-22T18:37:19.225+02:00 DEBUG 24844 --- [demo] [nio-8080-exec-6] org.hibernate.SQL                        : select d1_0.meeting_id,d1_0.id,d1_0.name,d1_0.url from documents d1_0 where d1_0.meeting_id=?
Hibernate: select d1_0.meeting_id,d1_0.id,d1_0.name,d1_0.url from documents d1_0 where d1_0.meeting_id=?
2026-05-22T18:37:19.226+02:00 DEBUG 24844 --- [demo] [nio-8080-exec-6] org.hibernate.SQL                        : select p1_0.meeting_id,p1_1.id,p1_1.email,p1_1.first_name,p1_1.last_name,p1_1.phone from meeting_participants p1_0 join participants p1_1 on p1_1.id=p1_0.participant_id where p1_0.meeting_id=?
Hibernate: select p1_0.meeting_id,p1_1.id,p1_1.email,p1_1.first_name,p1_1.last_name,p1_1.phone from meeting_participants p1_0 join participants p1_1 on p1_1.id=p1_0.participant_id where p1_0.meeting_id=?
2026-05-22T18:37:19.226+02:00 DEBUG 24844 --- [demo] [nio-8080-exec-6] org.hibernate.SQL                        : select s1_0.meeting_id,s1_1.id,s1_1.name,s1_1.type from meeting_services s1_0 join services s1_1 on s1_1.id=s1_0.service_id where s1_0.meeting_id=?
Hibernate: select s1_0.meeting_id,s1_1.id,s1_1.name,s1_1.type from meeting_services s1_0 join services s1_1 on s1_1.id=s1_0.service_id where s1_0.meeting_id=?
2026-05-22T18:37:19.227+02:00 DEBUG 24844 --- [demo] [nio-8080-exec-6] org.hibernate.SQL                        : select a1_0.meeting_id,a1_1.id,a1_1.description,a1_1.name from meeting_audiences a1_0 join audiences a1_1 on a1_1.id=a1_0.audience_id where a1_0.meeting_id=?
Hibernate: select a1_0.meeting_id,a1_1.id,a1_1.description,a1_1.name from meeting_audiences a1_0 join audiences a1_1 on a1_1.id=a1_0.audience_id where a1_0.meeting_id=?
2026-05-22T18:37:19.228+02:00 DEBUG 24844 --- [demo] [nio-8080-exec-6] org.hibernate.SQL                        : select p1_0.meeting_id,p1_0.id,p1_0.upload_date,p1_0.uploaded_by_id,p1_0.url from photos p1_0 where p1_0.meeting_id=?
Hibernate: select p1_0.meeting_id,p1_0.id,p1_0.upload_date,p1_0.uploaded_by_id,p1_0.url from photos p1_0 where p1_0.meeting_id=?
2026-05-22T18:37:19.228+02:00 DEBUG 24844 --- [demo] [nio-8080-exec-6] org.hibernate.SQL                        : select d1_0.meeting_id,d1_0.id,d1_0.name,d1_0.url from documents d1_0 where d1_0.meeting_id=?
Hibernate: select d1_0.meeting_id,d1_0.id,d1_0.name,d1_0.url from documents d1_0 where d1_0.meeting_id=?
2026-05-22T18:37:19.230+02:00 DEBUG 24844 --- [demo] [nio-8080-exec-6] o.s.w.s.m.m.a.HttpEntityMethodProcessor  : Using 'application/json', given [application/json, text/plain, */*] and supported [application/json, application/*+json]
2026-05-22T18:37:19.230+02:00 DEBUG 24844 --- [demo] [nio-8080-exec-6] o.s.w.s.m.m.a.HttpEntityMethodProcessor  : Writing [[MeetingResponse(id=1001, objective=Planifier le lancement du projet, type=Planning, description=Reu (truncated)...]
2026-05-22T18:37:19.231+02:00 DEBUG 24844 --- [demo] [nio-8080-exec-6] o.s.web.servlet.DispatcherServlet        : Completed 200 OK
2026-05-22T18:42:29.824+02:00 DEBUG 24844 --- [demo] [nio-8080-exec-8] org.hibernate.SQL                        : select u1_0.id,u1_0.email,u1_0.name,u1_0.password,u1_0.role from users u1_0 where u1_0.email=?
Hibernate: select u1_0.id,u1_0.email,u1_0.name,u1_0.password,u1_0.role from users u1_0 where u1_0.email=?
2026-05-22T18:42:29.827+02:00 DEBUG 24844 --- [demo] [nio-8080-exec-8] o.s.web.servlet.DispatcherServlet        : GET "/api/stats/dashboard", parameters={}
2026-05-22T18:42:29.829+02:00 DEBUG 24844 --- [demo] [nio-8080-exec-8] o.s.w.s.handler.SimpleUrlHandlerMapping  : Mapped to ResourceHttpRequestHandler [classpath [static/], URL [file:uploads/], ServletContext [/]]
2026-05-22T18:42:29.835+02:00 DEBUG 24844 --- [demo] [nio-8080-exec-8] o.s.w.s.r.ResourceHttpRequestHandler     : Resource not found
2026-05-22T18:42:29.842+02:00 DEBUG 24844 --- [demo] [nio-8080-exec-8] .m.m.a.ExceptionHandlerExceptionResolver : Using @ExceptionHandler com.example.demo.exception.GlobalExceptionHandler#handleAll(Exception, HttpServletRequest)
2026-05-22T18:42:29.857+02:00 DEBUG 24844 --- [demo] [nio-8080-exec-8] o.s.w.s.m.m.a.HttpEntityMethodProcessor  : Using 'application/json', given [application/json, text/plain, */*] and supported [application/json, application/*+json]
2026-05-22T18:42:29.863+02:00 DEBUG 24844 --- [demo] [nio-8080-exec-8] o.s.w.s.m.m.a.HttpEntityMethodProcessor  : Writing [ErrorResponse(status=500, error=Internal Server Error, message=No static resource api/stats/dashboar (truncated)...]
2026-05-22T18:42:29.864+02:00 DEBUG 24844 --- [demo] [nio-8080-exec-8] .m.m.a.ExceptionHandlerExceptionResolver : Resolved [org.springframework.web.servlet.resource.NoResourceFoundException: No static resource api/stats/dashboard.]
2026-05-22T18:42:29.866+02:00 DEBUG 24844 --- [demo] [nio-8080-exec-8] o.s.web.servlet.DispatcherServlet        : Completed 500 INTERNAL_SERVER_ERROR
2026-05-22T18:50:53.918+02:00 DEBUG 24844 --- [demo] [nio-8080-exec-7] org.hibernate.SQL                        : select u1_0.id,u1_0.email,u1_0.name,u1_0.password,u1_0.role from users u1_0 where u1_0.email=?
Hibernate: select u1_0.id,u1_0.email,u1_0.name,u1_0.password,u1_0.role from users u1_0 where u1_0.email=?
2026-05-22T18:50:53.921+02:00 DEBUG 24844 --- [demo] [nio-8080-exec-7] o.s.web.servlet.DispatcherServlet        : GET "/api/meetings", parameters={}
2026-05-22T18:50:53.921+02:00 DEBUG 24844 --- [demo] [nio-8080-exec-7] s.w.s.m.m.a.RequestMappingHandlerMapping : Mapped to com.example.demo.controller.MeetingController#findAll()
2026-05-22T18:50:53.939+02:00 DEBUG 24844 --- [demo] [nio-8080-exec-7] org.hibernate.SQL                        : select m1_0.id,m1_0.date,m1_0.description,m1_0.discussion,m1_0.end_time,m1_0.objective,m1_0.recommendation,m1_0.room,m1_0.start_time,m1_0.type from meetings m1_0
Hibernate: select m1_0.id,m1_0.date,m1_0.description,m1_0.discussion,m1_0.end_time,m1_0.objective,m1_0.recommendation,m1_0.room,m1_0.start_time,m1_0.type from meetings m1_0
2026-05-22T18:50:53.941+02:00 DEBUG 24844 --- [demo] [nio-8080-exec-7] org.hibernate.SQL                        : select p1_0.meeting_id,p1_1.id,p1_1.email,p1_1.first_name,p1_1.last_name,p1_1.phone from meeting_participants p1_0 join participants p1_1 on p1_1.id=p1_0.participant_id where p1_0.meeting_id=?
Hibernate: select p1_0.meeting_id,p1_1.id,p1_1.email,p1_1.first_name,p1_1.last_name,p1_1.phone from meeting_participants p1_0 join participants p1_1 on p1_1.id=p1_0.participant_id where p1_0.meeting_id=?
2026-05-22T18:50:53.943+02:00 DEBUG 24844 --- [demo] [nio-8080-exec-7] org.hibernate.SQL                        : select s1_0.meeting_id,s1_1.id,s1_1.name,s1_1.type from meeting_services s1_0 join services s1_1 on s1_1.id=s1_0.service_id where s1_0.meeting_id=?
Hibernate: select s1_0.meeting_id,s1_1.id,s1_1.name,s1_1.type from meeting_services s1_0 join services s1_1 on s1_1.id=s1_0.service_id where s1_0.meeting_id=?
2026-05-22T18:50:53.945+02:00 DEBUG 24844 --- [demo] [nio-8080-exec-7] org.hibernate.SQL                        : select a1_0.meeting_id,a1_1.id,a1_1.description,a1_1.name from meeting_audiences a1_0 join audiences a1_1 on a1_1.id=a1_0.audience_id where a1_0.meeting_id=?
Hibernate: select a1_0.meeting_id,a1_1.id,a1_1.description,a1_1.name from meeting_audiences a1_0 join audiences a1_1 on a1_1.id=a1_0.audience_id where a1_0.meeting_id=?
2026-05-22T18:50:53.946+02:00 DEBUG 24844 --- [demo] [nio-8080-exec-7] org.hibernate.SQL                        : select p1_0.meeting_id,p1_0.id,p1_0.upload_date,p1_0.uploaded_by_id,p1_0.url from photos p1_0 where p1_0.meeting_id=?
Hibernate: select p1_0.meeting_id,p1_0.id,p1_0.upload_date,p1_0.uploaded_by_id,p1_0.url from photos p1_0 where p1_0.meeting_id=?
2026-05-22T18:50:53.948+02:00 DEBUG 24844 --- [demo] [nio-8080-exec-7] org.hibernate.SQL                        : select d1_0.meeting_id,d1_0.id,d1_0.name,d1_0.url from documents d1_0 where d1_0.meeting_id=?
Hibernate: select d1_0.meeting_id,d1_0.id,d1_0.name,d1_0.url from documents d1_0 where d1_0.meeting_id=?
2026-05-22T18:50:53.949+02:00 DEBUG 24844 --- [demo] [nio-8080-exec-7] org.hibernate.SQL                        : select p1_0.meeting_id,p1_1.id,p1_1.email,p1_1.first_name,p1_1.last_name,p1_1.phone from meeting_participants p1_0 join participants p1_1 on p1_1.id=p1_0.participant_id where p1_0.meeting_id=?
Hibernate: select p1_0.meeting_id,p1_1.id,p1_1.email,p1_1.first_name,p1_1.last_name,p1_1.phone from meeting_participants p1_0 join participants p1_1 on p1_1.id=p1_0.participant_id where p1_0.meeting_id=?
2026-05-22T18:50:53.950+02:00 DEBUG 24844 --- [demo] [nio-8080-exec-7] org.hibernate.SQL                        : select s1_0.meeting_id,s1_1.id,s1_1.name,s1_1.type from meeting_services s1_0 join services s1_1 on s1_1.id=s1_0.service_id where s1_0.meeting_id=?
Hibernate: select s1_0.meeting_id,s1_1.id,s1_1.name,s1_1.type from meeting_services s1_0 join services s1_1 on s1_1.id=s1_0.service_id where s1_0.meeting_id=?
2026-05-22T18:50:53.953+02:00 DEBUG 24844 --- [demo] [nio-8080-exec-7] org.hibernate.SQL                        : select a1_0.meeting_id,a1_1.id,a1_1.description,a1_1.name from meeting_audiences a1_0 join audiences a1_1 on a1_1.id=a1_0.audience_id where a1_0.meeting_id=?
Hibernate: select a1_0.meeting_id,a1_1.id,a1_1.description,a1_1.name from meeting_audiences a1_0 join audiences a1_1 on a1_1.id=a1_0.audience_id where a1_0.meeting_id=?
2026-05-22T18:50:53.954+02:00 DEBUG 24844 --- [demo] [nio-8080-exec-7] org.hibernate.SQL                        : select p1_0.meeting_id,p1_0.id,p1_0.upload_date,p1_0.uploaded_by_id,p1_0.url from photos p1_0 where p1_0.meeting_id=?
Hibernate: select p1_0.meeting_id,p1_0.id,p1_0.upload_date,p1_0.uploaded_by_id,p1_0.url from photos p1_0 where p1_0.meeting_id=?
2026-05-22T18:50:53.955+02:00 DEBUG 24844 --- [demo] [nio-8080-exec-7] org.hibernate.SQL                        : select d1_0.meeting_id,d1_0.id,d1_0.name,d1_0.url from documents d1_0 where d1_0.meeting_id=?
Hibernate: select d1_0.meeting_id,d1_0.id,d1_0.name,d1_0.url from documents d1_0 where d1_0.meeting_id=?
2026-05-22T18:50:53.956+02:00 DEBUG 24844 --- [demo] [nio-8080-exec-7] org.hibernate.SQL                        : select p1_0.meeting_id,p1_1.id,p1_1.email,p1_1.first_name,p1_1.last_name,p1_1.phone from meeting_participants p1_0 join participants p1_1 on p1_1.id=p1_0.participant_id where p1_0.meeting_id=?
Hibernate: select p1_0.meeting_id,p1_1.id,p1_1.email,p1_1.first_name,p1_1.last_name,p1_1.phone from meeting_participants p1_0 join participants p1_1 on p1_1.id=p1_0.participant_id where p1_0.meeting_id=?
2026-05-22T18:50:53.957+02:00 DEBUG 24844 --- [demo] [nio-8080-exec-7] org.hibernate.SQL                        : select s1_0.meeting_id,s1_1.id,s1_1.name,s1_1.type from meeting_services s1_0 join services s1_1 on s1_1.id=s1_0.service_id where s1_0.meeting_id=?
Hibernate: select s1_0.meeting_id,s1_1.id,s1_1.name,s1_1.type from meeting_services s1_0 join services s1_1 on s1_1.id=s1_0.service_id where s1_0.meeting_id=?
2026-05-22T18:50:53.958+02:00 DEBUG 24844 --- [demo] [nio-8080-exec-7] org.hibernate.SQL                        : select a1_0.meeting_id,a1_1.id,a1_1.description,a1_1.name from meeting_audiences a1_0 join audiences a1_1 on a1_1.id=a1_0.audience_id where a1_0.meeting_id=?
Hibernate: select a1_0.meeting_id,a1_1.id,a1_1.description,a1_1.name from meeting_audiences a1_0 join audiences a1_1 on a1_1.id=a1_0.audience_id where a1_0.meeting_id=?
2026-05-22T18:50:53.958+02:00 DEBUG 24844 --- [demo] [nio-8080-exec-7] org.hibernate.SQL                        : select p1_0.meeting_id,p1_0.id,p1_0.upload_date,p1_0.uploaded_by_id,p1_0.url from photos p1_0 where p1_0.meeting_id=?
Hibernate: select p1_0.meeting_id,p1_0.id,p1_0.upload_date,p1_0.uploaded_by_id,p1_0.url from photos p1_0 where p1_0.meeting_id=?
2026-05-22T18:50:53.959+02:00 DEBUG 24844 --- [demo] [nio-8080-exec-7] org.hibernate.SQL                        : select d1_0.meeting_id,d1_0.id,d1_0.name,d1_0.url from documents d1_0 where d1_0.meeting_id=?
Hibernate: select d1_0.meeting_id,d1_0.id,d1_0.name,d1_0.url from documents d1_0 where d1_0.meeting_id=?
2026-05-22T18:50:53.961+02:00 DEBUG 24844 --- [demo] [nio-8080-exec-7] o.s.w.s.m.m.a.HttpEntityMethodProcessor  : Using 'application/json', given [application/json, text/plain, */*] and supported [application/json, application/*+json]
2026-05-22T18:50:53.962+02:00 DEBUG 24844 --- [demo] [nio-8080-exec-7] o.s.w.s.m.m.a.HttpEntityMethodProcessor  : Writing [[MeetingResponse(id=1001, objective=Planifier le lancement du projet, type=Planning, description=Reu (truncated)...]
2026-05-22T18:50:53.967+02:00 DEBUG 24844 --- [demo] [nio-8080-exec-7] o.s.web.servlet.DispatcherServlet        : Completed 200 OK
2026-05-22T18:50:54.057+02:00 DEBUG 24844 --- [demo] [io-8080-exec-10] org.hibernate.SQL                        : select u1_0.id,u1_0.email,u1_0.name,u1_0.password,u1_0.role from users u1_0 where u1_0.email=?
Hibernate: select u1_0.id,u1_0.email,u1_0.name,u1_0.password,u1_0.role from users u1_0 where u1_0.email=?
2026-05-22T18:50:54.062+02:00 DEBUG 24844 --- [demo] [io-8080-exec-10] o.s.web.servlet.DispatcherServlet        : GET "/api/meetings", parameters={}
2026-05-22T18:50:54.063+02:00 DEBUG 24844 --- [demo] [io-8080-exec-10] s.w.s.m.m.a.RequestMappingHandlerMapping : Mapped to com.example.demo.controller.MeetingController#findAll()
2026-05-22T18:50:54.067+02:00 DEBUG 24844 --- [demo] [io-8080-exec-10] org.hibernate.SQL                        : select m1_0.id,m1_0.date,m1_0.description,m1_0.discussion,m1_0.end_time,m1_0.objective,m1_0.recommendation,m1_0.room,m1_0.start_time,m1_0.type from meetings m1_0
Hibernate: select m1_0.id,m1_0.date,m1_0.description,m1_0.discussion,m1_0.end_time,m1_0.objective,m1_0.recommendation,m1_0.room,m1_0.start_time,m1_0.type from meetings m1_0
2026-05-22T18:50:54.069+02:00 DEBUG 24844 --- [demo] [io-8080-exec-10] org.hibernate.SQL                        : select p1_0.meeting_id,p1_1.id,p1_1.email,p1_1.first_name,p1_1.last_name,p1_1.phone from meeting_participants p1_0 join participants p1_1 on p1_1.id=p1_0.participant_id where p1_0.meeting_id=?
Hibernate: select p1_0.meeting_id,p1_1.id,p1_1.email,p1_1.first_name,p1_1.last_name,p1_1.phone from meeting_participants p1_0 join participants p1_1 on p1_1.id=p1_0.participant_id where p1_0.meeting_id=?
2026-05-22T18:50:54.071+02:00 DEBUG 24844 --- [demo] [io-8080-exec-10] org.hibernate.SQL                        : select s1_0.meeting_id,s1_1.id,s1_1.name,s1_1.type from meeting_services s1_0 join services s1_1 on s1_1.id=s1_0.service_id where s1_0.meeting_id=?
Hibernate: select s1_0.meeting_id,s1_1.id,s1_1.name,s1_1.type from meeting_services s1_0 join services s1_1 on s1_1.id=s1_0.service_id where s1_0.meeting_id=?
2026-05-22T18:50:54.073+02:00 DEBUG 24844 --- [demo] [io-8080-exec-10] org.hibernate.SQL                        : select a1_0.meeting_id,a1_1.id,a1_1.description,a1_1.name from meeting_audiences a1_0 join audiences a1_1 on a1_1.id=a1_0.audience_id where a1_0.meeting_id=?
Hibernate: select a1_0.meeting_id,a1_1.id,a1_1.description,a1_1.name from meeting_audiences a1_0 join audiences a1_1 on a1_1.id=a1_0.audience_id where a1_0.meeting_id=?
2026-05-22T18:50:54.074+02:00 DEBUG 24844 --- [demo] [io-8080-exec-10] org.hibernate.SQL                        : select p1_0.meeting_id,p1_0.id,p1_0.upload_date,p1_0.uploaded_by_id,p1_0.url from photos p1_0 where p1_0.meeting_id=?
Hibernate: select p1_0.meeting_id,p1_0.id,p1_0.upload_date,p1_0.uploaded_by_id,p1_0.url from photos p1_0 where p1_0.meeting_id=?
2026-05-22T18:50:54.075+02:00 DEBUG 24844 --- [demo] [io-8080-exec-10] org.hibernate.SQL                        : select d1_0.meeting_id,d1_0.id,d1_0.name,d1_0.url from documents d1_0 where d1_0.meeting_id=?
Hibernate: select d1_0.meeting_id,d1_0.id,d1_0.name,d1_0.url from documents d1_0 where d1_0.meeting_id=?
2026-05-22T18:50:54.075+02:00 DEBUG 24844 --- [demo] [io-8080-exec-10] org.hibernate.SQL                        : select p1_0.meeting_id,p1_1.id,p1_1.email,p1_1.first_name,p1_1.last_name,p1_1.phone from meeting_participants p1_0 join participants p1_1 on p1_1.id=p1_0.participant_id where p1_0.meeting_id=?
Hibernate: select p1_0.meeting_id,p1_1.id,p1_1.email,p1_1.first_name,p1_1.last_name,p1_1.phone from meeting_participants p1_0 join participants p1_1 on p1_1.id=p1_0.participant_id where p1_0.meeting_id=?
2026-05-22T18:50:54.076+02:00 DEBUG 24844 --- [demo] [io-8080-exec-10] org.hibernate.SQL                        : select s1_0.meeting_id,s1_1.id,s1_1.name,s1_1.type from meeting_services s1_0 join services s1_1 on s1_1.id=s1_0.service_id where s1_0.meeting_id=?
Hibernate: select s1_0.meeting_id,s1_1.id,s1_1.name,s1_1.type from meeting_services s1_0 join services s1_1 on s1_1.id=s1_0.service_id where s1_0.meeting_id=?
2026-05-22T18:50:54.077+02:00 DEBUG 24844 --- [demo] [io-8080-exec-10] org.hibernate.SQL                        : select a1_0.meeting_id,a1_1.id,a1_1.description,a1_1.name from meeting_audiences a1_0 join audiences a1_1 on a1_1.id=a1_0.audience_id where a1_0.meeting_id=?
Hibernate: select a1_0.meeting_id,a1_1.id,a1_1.description,a1_1.name from meeting_audiences a1_0 join audiences a1_1 on a1_1.id=a1_0.audience_id where a1_0.meeting_id=?
2026-05-22T18:50:54.077+02:00 DEBUG 24844 --- [demo] [io-8080-exec-10] org.hibernate.SQL                        : select p1_0.meeting_id,p1_0.id,p1_0.upload_date,p1_0.uploaded_by_id,p1_0.url from photos p1_0 where p1_0.meeting_id=?
Hibernate: select p1_0.meeting_id,p1_0.id,p1_0.upload_date,p1_0.uploaded_by_id,p1_0.url from photos p1_0 where p1_0.meeting_id=?
2026-05-22T18:50:54.078+02:00 DEBUG 24844 --- [demo] [io-8080-exec-10] org.hibernate.SQL                        : select d1_0.meeting_id,d1_0.id,d1_0.name,d1_0.url from documents d1_0 where d1_0.meeting_id=?
Hibernate: select d1_0.meeting_id,d1_0.id,d1_0.name,d1_0.url from documents d1_0 where d1_0.meeting_id=?
2026-05-22T18:50:54.079+02:00 DEBUG 24844 --- [demo] [io-8080-exec-10] org.hibernate.SQL                        : select p1_0.meeting_id,p1_1.id,p1_1.email,p1_1.first_name,p1_1.last_name,p1_1.phone from meeting_participants p1_0 join participants p1_1 on p1_1.id=p1_0.participant_id where p1_0.meeting_id=?
Hibernate: select p1_0.meeting_id,p1_1.id,p1_1.email,p1_1.first_name,p1_1.last_name,p1_1.phone from meeting_participants p1_0 join participants p1_1 on p1_1.id=p1_0.participant_id where p1_0.meeting_id=?
2026-05-22T18:50:54.080+02:00 DEBUG 24844 --- [demo] [io-8080-exec-10] org.hibernate.SQL                        : select s1_0.meeting_id,s1_1.id,s1_1.name,s1_1.type from meeting_services s1_0 join services s1_1 on s1_1.id=s1_0.service_id where s1_0.meeting_id=?
Hibernate: select s1_0.meeting_id,s1_1.id,s1_1.name,s1_1.type from meeting_services s1_0 join services s1_1 on s1_1.id=s1_0.service_id where s1_0.meeting_id=?
2026-05-22T18:50:54.080+02:00 DEBUG 24844 --- [demo] [io-8080-exec-10] org.hibernate.SQL                        : select a1_0.meeting_id,a1_1.id,a1_1.description,a1_1.name from meeting_audiences a1_0 join audiences a1_1 on a1_1.id=a1_0.audience_id where a1_0.meeting_id=?
Hibernate: select a1_0.meeting_id,a1_1.id,a1_1.description,a1_1.name from meeting_audiences a1_0 join audiences a1_1 on a1_1.id=a1_0.audience_id where a1_0.meeting_id=?
2026-05-22T18:50:54.081+02:00 DEBUG 24844 --- [demo] [io-8080-exec-10] org.hibernate.SQL                        : select p1_0.meeting_id,p1_0.id,p1_0.upload_date,p1_0.uploaded_by_id,p1_0.url from photos p1_0 where p1_0.meeting_id=?
Hibernate: select p1_0.meeting_id,p1_0.id,p1_0.upload_date,p1_0.uploaded_by_id,p1_0.url from photos p1_0 where p1_0.meeting_id=?
2026-05-22T18:50:54.081+02:00 DEBUG 24844 --- [demo] [io-8080-exec-10] org.hibernate.SQL                        : select d1_0.meeting_id,d1_0.id,d1_0.name,d1_0.url from documents d1_0 where d1_0.meeting_id=?
Hibernate: select d1_0.meeting_id,d1_0.id,d1_0.name,d1_0.url from documents d1_0 where d1_0.meeting_id=?
2026-05-22T18:50:54.082+02:00 DEBUG 24844 --- [demo] [io-8080-exec-10] o.s.w.s.m.m.a.HttpEntityMethodProcessor  : Using 'application/json', given [application/json, text/plain, */*] and supported [application/json, application/*+json]
2026-05-22T18:50:54.082+02:00 DEBUG 24844 --- [demo] [io-8080-exec-10] o.s.w.s.m.m.a.HttpEntityMethodProcessor  : Writing [[MeetingResponse(id=1001, objective=Planifier le lancement du projet, type=Planning, description=Reu (truncated)...]
2026-05-22T18:50:54.083+02:00 DEBUG 24844 --- [demo] [io-8080-exec-10] o.s.web.servlet.DispatcherServlet        : Completed 200 OK
2026-05-22T18:50:56.357+02:00 DEBUG 24844 --- [demo] [nio-8080-exec-3] org.hibernate.SQL                        : select u1_0.id,u1_0.email,u1_0.name,u1_0.password,u1_0.role from users u1_0 where u1_0.email=?
Hibernate: select u1_0.id,u1_0.email,u1_0.name,u1_0.password,u1_0.role from users u1_0 where u1_0.email=?
2026-05-22T18:50:56.360+02:00 DEBUG 24844 --- [demo] [nio-8080-exec-3] o.s.web.servlet.DispatcherServlet        : GET "/api/meetings/1004", parameters={}
2026-05-22T18:50:56.360+02:00 DEBUG 24844 --- [demo] [nio-8080-exec-3] s.w.s.m.m.a.RequestMappingHandlerMapping : Mapped to com.example.demo.controller.MeetingController#findById(Long)
2026-05-22T18:50:56.370+02:00 DEBUG 24844 --- [demo] [nio-8080-exec-3] org.hibernate.SQL                        : select m1_0.id,m1_0.date,m1_0.description,m1_0.discussion,m1_0.end_time,m1_0.objective,m1_0.recommendation,m1_0.room,m1_0.start_time,m1_0.type from meetings m1_0 where m1_0.id=?
Hibernate: select m1_0.id,m1_0.date,m1_0.description,m1_0.discussion,m1_0.end_time,m1_0.objective,m1_0.recommendation,m1_0.room,m1_0.start_time,m1_0.type from meetings m1_0 where m1_0.id=?
2026-05-22T18:50:56.371+02:00 DEBUG 24844 --- [demo] [nio-8080-exec-3] org.hibernate.SQL                        : select p1_0.meeting_id,p1_1.id,p1_1.email,p1_1.first_name,p1_1.last_name,p1_1.phone from meeting_participants p1_0 join participants p1_1 on p1_1.id=p1_0.participant_id where p1_0.meeting_id=?
Hibernate: select p1_0.meeting_id,p1_1.id,p1_1.email,p1_1.first_name,p1_1.last_name,p1_1.phone from meeting_participants p1_0 join participants p1_1 on p1_1.id=p1_0.participant_id where p1_0.meeting_id=?
2026-05-22T18:50:56.372+02:00 DEBUG 24844 --- [demo] [nio-8080-exec-3] org.hibernate.SQL                        : select s1_0.meeting_id,s1_1.id,s1_1.name,s1_1.type from meeting_services s1_0 join services s1_1 on s1_1.id=s1_0.service_id where s1_0.meeting_id=?
Hibernate: select s1_0.meeting_id,s1_1.id,s1_1.name,s1_1.type from meeting_services s1_0 join services s1_1 on s1_1.id=s1_0.service_id where s1_0.meeting_id=?
2026-05-22T18:50:56.373+02:00 DEBUG 24844 --- [demo] [nio-8080-exec-3] org.hibernate.SQL                        : select a1_0.meeting_id,a1_1.id,a1_1.description,a1_1.name from meeting_audiences a1_0 join audiences a1_1 on a1_1.id=a1_0.audience_id where a1_0.meeting_id=?
Hibernate: select a1_0.meeting_id,a1_1.id,a1_1.description,a1_1.name from meeting_audiences a1_0 join audiences a1_1 on a1_1.id=a1_0.audience_id where a1_0.meeting_id=?
2026-05-22T18:50:56.374+02:00 DEBUG 24844 --- [demo] [nio-8080-exec-3] org.hibernate.SQL                        : select p1_0.meeting_id,p1_0.id,p1_0.upload_date,p1_0.uploaded_by_id,p1_0.url from photos p1_0 where p1_0.meeting_id=?
Hibernate: select p1_0.meeting_id,p1_0.id,p1_0.upload_date,p1_0.uploaded_by_id,p1_0.url from photos p1_0 where p1_0.meeting_id=?
2026-05-22T18:50:56.375+02:00 DEBUG 24844 --- [demo] [nio-8080-exec-3] org.hibernate.SQL                        : select d1_0.meeting_id,d1_0.id,d1_0.name,d1_0.url from documents d1_0 where d1_0.meeting_id=?
Hibernate: select d1_0.meeting_id,d1_0.id,d1_0.name,d1_0.url from documents d1_0 where d1_0.meeting_id=?
2026-05-22T18:50:56.376+02:00 DEBUG 24844 --- [demo] [nio-8080-exec-3] o.s.w.s.m.m.a.HttpEntityMethodProcessor  : Using 'application/json', given [application/json, text/plain, */*] and supported [application/json, application/*+json]
2026-05-22T18:50:56.377+02:00 DEBUG 24844 --- [demo] [nio-8080-exec-3] o.s.w.s.m.m.a.HttpEntityMethodProcessor  : Writing [MeetingResponse(id=1004, objective=for what, type=préinstruction, description=null, date=2026-12-12, (truncated)...]
2026-05-22T18:50:56.378+02:00 DEBUG 24844 --- [demo] [nio-8080-exec-3] o.s.web.servlet.DispatcherServlet        : Completed 200 OK
2026-05-22T18:50:56.397+02:00 DEBUG 24844 --- [demo] [nio-8080-exec-1] org.hibernate.SQL                        : select u1_0.id,u1_0.email,u1_0.name,u1_0.password,u1_0.role from users u1_0 where u1_0.email=?
Hibernate: select u1_0.id,u1_0.email,u1_0.name,u1_0.password,u1_0.role from users u1_0 where u1_0.email=?
2026-05-22T18:50:56.399+02:00 DEBUG 24844 --- [demo] [nio-8080-exec-1] o.s.web.servlet.DispatcherServlet        : GET "/api/meetings/1004", parameters={}
2026-05-22T18:50:56.400+02:00 DEBUG 24844 --- [demo] [nio-8080-exec-1] s.w.s.m.m.a.RequestMappingHandlerMapping : Mapped to com.example.demo.controller.MeetingController#findById(Long)
2026-05-22T18:50:56.401+02:00 DEBUG 24844 --- [demo] [nio-8080-exec-1] org.hibernate.SQL                        : select m1_0.id,m1_0.date,m1_0.description,m1_0.discussion,m1_0.end_time,m1_0.objective,m1_0.recommendation,m1_0.room,m1_0.start_time,m1_0.type from meetings m1_0 where m1_0.id=?
Hibernate: select m1_0.id,m1_0.date,m1_0.description,m1_0.discussion,m1_0.end_time,m1_0.objective,m1_0.recommendation,m1_0.room,m1_0.start_time,m1_0.type from meetings m1_0 where m1_0.id=?
2026-05-22T18:50:56.404+02:00 DEBUG 24844 --- [demo] [nio-8080-exec-1] org.hibernate.SQL                        : select p1_0.meeting_id,p1_1.id,p1_1.email,p1_1.first_name,p1_1.last_name,p1_1.phone from meeting_participants p1_0 join participants p1_1 on p1_1.id=p1_0.participant_id where p1_0.meeting_id=?
Hibernate: select p1_0.meeting_id,p1_1.id,p1_1.email,p1_1.first_name,p1_1.last_name,p1_1.phone from meeting_participants p1_0 join participants p1_1 on p1_1.id=p1_0.participant_id where p1_0.meeting_id=?
2026-05-22T18:50:56.405+02:00 DEBUG 24844 --- [demo] [nio-8080-exec-1] org.hibernate.SQL                        : select s1_0.meeting_id,s1_1.id,s1_1.name,s1_1.type from meeting_services s1_0 join services s1_1 on s1_1.id=s1_0.service_id where s1_0.meeting_id=?
Hibernate: select s1_0.meeting_id,s1_1.id,s1_1.name,s1_1.type from meeting_services s1_0 join services s1_1 on s1_1.id=s1_0.service_id where s1_0.meeting_id=?
2026-05-22T18:50:56.405+02:00 DEBUG 24844 --- [demo] [nio-8080-exec-1] org.hibernate.SQL                        : select a1_0.meeting_id,a1_1.id,a1_1.description,a1_1.name from meeting_audiences a1_0 join audiences a1_1 on a1_1.id=a1_0.audience_id where a1_0.meeting_id=?
Hibernate: select a1_0.meeting_id,a1_1.id,a1_1.description,a1_1.name from meeting_audiences a1_0 join audiences a1_1 on a1_1.id=a1_0.audience_id where a1_0.meeting_id=?
2026-05-22T18:50:56.406+02:00 DEBUG 24844 --- [demo] [nio-8080-exec-1] org.hibernate.SQL                        : select p1_0.meeting_id,p1_0.id,p1_0.upload_date,p1_0.uploaded_by_id,p1_0.url from photos p1_0 where p1_0.meeting_id=?
Hibernate: select p1_0.meeting_id,p1_0.id,p1_0.upload_date,p1_0.uploaded_by_id,p1_0.url from photos p1_0 where p1_0.meeting_id=?
2026-05-22T18:50:56.407+02:00 DEBUG 24844 --- [demo] [nio-8080-exec-1] org.hibernate.SQL                        : select d1_0.meeting_id,d1_0.id,d1_0.name,d1_0.url from documents d1_0 where d1_0.meeting_id=?
Hibernate: select d1_0.meeting_id,d1_0.id,d1_0.name,d1_0.url from documents d1_0 where d1_0.meeting_id=?
2026-05-22T18:50:56.408+02:00 DEBUG 24844 --- [demo] [nio-8080-exec-1] o.s.w.s.m.m.a.HttpEntityMethodProcessor  : Using 'application/json', given [application/json, text/plain, */*] and supported [application/json, application/*+json]
2026-05-22T18:50:56.408+02:00 DEBUG 24844 --- [demo] [nio-8080-exec-1] o.s.w.s.m.m.a.HttpEntityMethodProcessor  : Writing [MeetingResponse(id=1004, objective=for what, type=préinstruction, description=null, date=2026-12-12, (truncated)...]
2026-05-22T18:50:56.409+02:00 DEBUG 24844 --- [demo] [nio-8080-exec-1] o.s.web.servlet.DispatcherServlet        : Completed 200 OK
2026-05-22T18:51:02.271+02:00 DEBUG 24844 --- [demo] [nio-8080-exec-5] org.hibernate.SQL                        : select u1_0.id,u1_0.email,u1_0.name,u1_0.password,u1_0.role from users u1_0 where u1_0.email=?
Hibernate: select u1_0.id,u1_0.email,u1_0.name,u1_0.password,u1_0.role from users u1_0 where u1_0.email=?
2026-05-22T18:51:02.275+02:00 DEBUG 24844 --- [demo] [nio-8080-exec-5] o.s.web.servlet.DispatcherServlet        : GET "/api/meetings", parameters={}
2026-05-22T18:51:02.275+02:00 DEBUG 24844 --- [demo] [nio-8080-exec-5] s.w.s.m.m.a.RequestMappingHandlerMapping : Mapped to com.example.demo.controller.MeetingController#findAll()
2026-05-22T18:51:02.278+02:00 DEBUG 24844 --- [demo] [nio-8080-exec-5] org.hibernate.SQL                        : select m1_0.id,m1_0.date,m1_0.description,m1_0.discussion,m1_0.end_time,m1_0.objective,m1_0.recommendation,m1_0.room,m1_0.start_time,m1_0.type from meetings m1_0
Hibernate: select m1_0.id,m1_0.date,m1_0.description,m1_0.discussion,m1_0.end_time,m1_0.objective,m1_0.recommendation,m1_0.room,m1_0.start_time,m1_0.type from meetings m1_0
2026-05-22T18:51:02.279+02:00 DEBUG 24844 --- [demo] [nio-8080-exec-5] org.hibernate.SQL                        : select p1_0.meeting_id,p1_1.id,p1_1.email,p1_1.first_name,p1_1.last_name,p1_1.phone from meeting_participants p1_0 join participants p1_1 on p1_1.id=p1_0.participant_id where p1_0.meeting_id=?
Hibernate: select p1_0.meeting_id,p1_1.id,p1_1.email,p1_1.first_name,p1_1.last_name,p1_1.phone from meeting_participants p1_0 join participants p1_1 on p1_1.id=p1_0.participant_id where p1_0.meeting_id=?
2026-05-22T18:51:02.282+02:00 DEBUG 24844 --- [demo] [nio-8080-exec-5] org.hibernate.SQL                        : select s1_0.meeting_id,s1_1.id,s1_1.name,s1_1.type from meeting_services s1_0 join services s1_1 on s1_1.id=s1_0.service_id where s1_0.meeting_id=?
Hibernate: select s1_0.meeting_id,s1_1.id,s1_1.name,s1_1.type from meeting_services s1_0 join services s1_1 on s1_1.id=s1_0.service_id where s1_0.meeting_id=?
2026-05-22T18:51:02.283+02:00 DEBUG 24844 --- [demo] [nio-8080-exec-5] org.hibernate.SQL                        : select a1_0.meeting_id,a1_1.id,a1_1.description,a1_1.name from meeting_audiences a1_0 join audiences a1_1 on a1_1.id=a1_0.audience_id where a1_0.meeting_id=?
Hibernate: select a1_0.meeting_id,a1_1.id,a1_1.description,a1_1.name from meeting_audiences a1_0 join audiences a1_1 on a1_1.id=a1_0.audience_id where a1_0.meeting_id=?
2026-05-22T18:51:02.284+02:00 DEBUG 24844 --- [demo] [nio-8080-exec-5] org.hibernate.SQL                        : select p1_0.meeting_id,p1_0.id,p1_0.upload_date,p1_0.uploaded_by_id,p1_0.url from photos p1_0 where p1_0.meeting_id=?
Hibernate: select p1_0.meeting_id,p1_0.id,p1_0.upload_date,p1_0.uploaded_by_id,p1_0.url from photos p1_0 where p1_0.meeting_id=?
2026-05-22T18:51:02.286+02:00 DEBUG 24844 --- [demo] [nio-8080-exec-5] org.hibernate.SQL                        : select d1_0.meeting_id,d1_0.id,d1_0.name,d1_0.url from documents d1_0 where d1_0.meeting_id=?
Hibernate: select d1_0.meeting_id,d1_0.id,d1_0.name,d1_0.url from documents d1_0 where d1_0.meeting_id=?
2026-05-22T18:51:02.287+02:00 DEBUG 24844 --- [demo] [nio-8080-exec-5] org.hibernate.SQL                        : select p1_0.meeting_id,p1_1.id,p1_1.email,p1_1.first_name,p1_1.last_name,p1_1.phone from meeting_participants p1_0 join participants p1_1 on p1_1.id=p1_0.participant_id where p1_0.meeting_id=?
Hibernate: select p1_0.meeting_id,p1_1.id,p1_1.email,p1_1.first_name,p1_1.last_name,p1_1.phone from meeting_participants p1_0 join participants p1_1 on p1_1.id=p1_0.participant_id where p1_0.meeting_id=?
2026-05-22T18:51:02.288+02:00 DEBUG 24844 --- [demo] [nio-8080-exec-5] org.hibernate.SQL                        : select s1_0.meeting_id,s1_1.id,s1_1.name,s1_1.type from meeting_services s1_0 join services s1_1 on s1_1.id=s1_0.service_id where s1_0.meeting_id=?
Hibernate: select s1_0.meeting_id,s1_1.id,s1_1.name,s1_1.type from meeting_services s1_0 join services s1_1 on s1_1.id=s1_0.service_id where s1_0.meeting_id=?
2026-05-22T18:51:02.288+02:00 DEBUG 24844 --- [demo] [nio-8080-exec-5] org.hibernate.SQL                        : select a1_0.meeting_id,a1_1.id,a1_1.description,a1_1.name from meeting_audiences a1_0 join audiences a1_1 on a1_1.id=a1_0.audience_id where a1_0.meeting_id=?
Hibernate: select a1_0.meeting_id,a1_1.id,a1_1.description,a1_1.name from meeting_audiences a1_0 join audiences a1_1 on a1_1.id=a1_0.audience_id where a1_0.meeting_id=?
2026-05-22T18:51:02.289+02:00 DEBUG 24844 --- [demo] [nio-8080-exec-5] org.hibernate.SQL                        : select p1_0.meeting_id,p1_0.id,p1_0.upload_date,p1_0.uploaded_by_id,p1_0.url from photos p1_0 where p1_0.meeting_id=?
Hibernate: select p1_0.meeting_id,p1_0.id,p1_0.upload_date,p1_0.uploaded_by_id,p1_0.url from photos p1_0 where p1_0.meeting_id=?
2026-05-22T18:51:02.289+02:00 DEBUG 24844 --- [demo] [nio-8080-exec-5] org.hibernate.SQL                        : select d1_0.meeting_id,d1_0.id,d1_0.name,d1_0.url from documents d1_0 where d1_0.meeting_id=?
Hibernate: select d1_0.meeting_id,d1_0.id,d1_0.name,d1_0.url from documents d1_0 where d1_0.meeting_id=?
2026-05-22T18:51:02.290+02:00 DEBUG 24844 --- [demo] [nio-8080-exec-5] org.hibernate.SQL                        : select p1_0.meeting_id,p1_1.id,p1_1.email,p1_1.first_name,p1_1.last_name,p1_1.phone from meeting_participants p1_0 join participants p1_1 on p1_1.id=p1_0.participant_id where p1_0.meeting_id=?
Hibernate: select p1_0.meeting_id,p1_1.id,p1_1.email,p1_1.first_name,p1_1.last_name,p1_1.phone from meeting_participants p1_0 join participants p1_1 on p1_1.id=p1_0.participant_id where p1_0.meeting_id=?
2026-05-22T18:51:02.290+02:00 DEBUG 24844 --- [demo] [nio-8080-exec-5] org.hibernate.SQL                        : select s1_0.meeting_id,s1_1.id,s1_1.name,s1_1.type from meeting_services s1_0 join services s1_1 on s1_1.id=s1_0.service_id where s1_0.meeting_id=?
Hibernate: select s1_0.meeting_id,s1_1.id,s1_1.name,s1_1.type from meeting_services s1_0 join services s1_1 on s1_1.id=s1_0.service_id where s1_0.meeting_id=?
2026-05-22T18:51:02.290+02:00 DEBUG 24844 --- [demo] [nio-8080-exec-5] org.hibernate.SQL                        : select a1_0.meeting_id,a1_1.id,a1_1.description,a1_1.name from meeting_audiences a1_0 join audiences a1_1 on a1_1.id=a1_0.audience_id where a1_0.meeting_id=?
Hibernate: select a1_0.meeting_id,a1_1.id,a1_1.description,a1_1.name from meeting_audiences a1_0 join audiences a1_1 on a1_1.id=a1_0.audience_id where a1_0.meeting_id=?
2026-05-22T18:51:02.291+02:00 DEBUG 24844 --- [demo] [nio-8080-exec-5] org.hibernate.SQL                        : select p1_0.meeting_id,p1_0.id,p1_0.upload_date,p1_0.uploaded_by_id,p1_0.url from photos p1_0 where p1_0.meeting_id=?
Hibernate: select p1_0.meeting_id,p1_0.id,p1_0.upload_date,p1_0.uploaded_by_id,p1_0.url from photos p1_0 where p1_0.meeting_id=?
2026-05-22T18:51:02.291+02:00 DEBUG 24844 --- [demo] [nio-8080-exec-5] org.hibernate.SQL                        : select d1_0.meeting_id,d1_0.id,d1_0.name,d1_0.url from documents d1_0 where d1_0.meeting_id=?
Hibernate: select d1_0.meeting_id,d1_0.id,d1_0.name,d1_0.url from documents d1_0 where d1_0.meeting_id=?
2026-05-22T18:51:02.292+02:00 DEBUG 24844 --- [demo] [nio-8080-exec-5] o.s.w.s.m.m.a.HttpEntityMethodProcessor  : Using 'application/json', given [application/json, text/plain, */*] and supported [application/json, application/*+json]
2026-05-22T18:51:02.292+02:00 DEBUG 24844 --- [demo] [nio-8080-exec-5] o.s.w.s.m.m.a.HttpEntityMethodProcessor  : Writing [[MeetingResponse(id=1001, objective=Planifier le lancement du projet, type=Planning, description=Reu (truncated)...]
2026-05-22T18:51:02.295+02:00 DEBUG 24844 --- [demo] [nio-8080-exec-5] o.s.web.servlet.DispatcherServlet        : Completed 200 OK
2026-05-22T18:51:02.306+02:00 DEBUG 24844 --- [demo] [nio-8080-exec-2] org.hibernate.SQL                        : select u1_0.id,u1_0.email,u1_0.name,u1_0.password,u1_0.role from users u1_0 where u1_0.email=?
Hibernate: select u1_0.id,u1_0.email,u1_0.name,u1_0.password,u1_0.role from users u1_0 where u1_0.email=?
2026-05-22T18:51:02.308+02:00 DEBUG 24844 --- [demo] [nio-8080-exec-2] o.s.web.servlet.DispatcherServlet        : GET "/api/meetings", parameters={}
2026-05-22T18:51:02.308+02:00 DEBUG 24844 --- [demo] [nio-8080-exec-2] s.w.s.m.m.a.RequestMappingHandlerMapping : Mapped to com.example.demo.controller.MeetingController#findAll()
2026-05-22T18:51:02.310+02:00 DEBUG 24844 --- [demo] [nio-8080-exec-2] org.hibernate.SQL                        : select m1_0.id,m1_0.date,m1_0.description,m1_0.discussion,m1_0.end_time,m1_0.objective,m1_0.recommendation,m1_0.room,m1_0.start_time,m1_0.type from meetings m1_0
Hibernate: select m1_0.id,m1_0.date,m1_0.description,m1_0.discussion,m1_0.end_time,m1_0.objective,m1_0.recommendation,m1_0.room,m1_0.start_time,m1_0.type from meetings m1_0
2026-05-22T18:51:02.312+02:00 DEBUG 24844 --- [demo] [nio-8080-exec-2] org.hibernate.SQL                        : select p1_0.meeting_id,p1_1.id,p1_1.email,p1_1.first_name,p1_1.last_name,p1_1.phone from meeting_participants p1_0 join participants p1_1 on p1_1.id=p1_0.participant_id where p1_0.meeting_id=?
Hibernate: select p1_0.meeting_id,p1_1.id,p1_1.email,p1_1.first_name,p1_1.last_name,p1_1.phone from meeting_participants p1_0 join participants p1_1 on p1_1.id=p1_0.participant_id where p1_0.meeting_id=?
2026-05-22T18:51:02.313+02:00 DEBUG 24844 --- [demo] [nio-8080-exec-2] org.hibernate.SQL                        : select s1_0.meeting_id,s1_1.id,s1_1.name,s1_1.type from meeting_services s1_0 join services s1_1 on s1_1.id=s1_0.service_id where s1_0.meeting_id=?
Hibernate: select s1_0.meeting_id,s1_1.id,s1_1.name,s1_1.type from meeting_services s1_0 join services s1_1 on s1_1.id=s1_0.service_id where s1_0.meeting_id=?
2026-05-22T18:51:02.314+02:00 DEBUG 24844 --- [demo] [nio-8080-exec-2] org.hibernate.SQL                        : select a1_0.meeting_id,a1_1.id,a1_1.description,a1_1.name from meeting_audiences a1_0 join audiences a1_1 on a1_1.id=a1_0.audience_id where a1_0.meeting_id=?
Hibernate: select a1_0.meeting_id,a1_1.id,a1_1.description,a1_1.name from meeting_audiences a1_0 join audiences a1_1 on a1_1.id=a1_0.audience_id where a1_0.meeting_id=?
2026-05-22T18:51:02.315+02:00 DEBUG 24844 --- [demo] [nio-8080-exec-2] org.hibernate.SQL                        : select p1_0.meeting_id,p1_0.id,p1_0.upload_date,p1_0.uploaded_by_id,p1_0.url from photos p1_0 where p1_0.meeting_id=?
Hibernate: select p1_0.meeting_id,p1_0.id,p1_0.upload_date,p1_0.uploaded_by_id,p1_0.url from photos p1_0 where p1_0.meeting_id=?
2026-05-22T18:51:02.316+02:00 DEBUG 24844 --- [demo] [nio-8080-exec-2] org.hibernate.SQL                        : select d1_0.meeting_id,d1_0.id,d1_0.name,d1_0.url from documents d1_0 where d1_0.meeting_id=?
Hibernate: select d1_0.meeting_id,d1_0.id,d1_0.name,d1_0.url from documents d1_0 where d1_0.meeting_id=?
2026-05-22T18:51:02.317+02:00 DEBUG 24844 --- [demo] [nio-8080-exec-2] org.hibernate.SQL                        : select p1_0.meeting_id,p1_1.id,p1_1.email,p1_1.first_name,p1_1.last_name,p1_1.phone from meeting_participants p1_0 join participants p1_1 on p1_1.id=p1_0.participant_id where p1_0.meeting_id=?
Hibernate: select p1_0.meeting_id,p1_1.id,p1_1.email,p1_1.first_name,p1_1.last_name,p1_1.phone from meeting_participants p1_0 join participants p1_1 on p1_1.id=p1_0.participant_id where p1_0.meeting_id=?
2026-05-22T18:51:02.317+02:00 DEBUG 24844 --- [demo] [nio-8080-exec-2] org.hibernate.SQL                        : select s1_0.meeting_id,s1_1.id,s1_1.name,s1_1.type from meeting_services s1_0 join services s1_1 on s1_1.id=s1_0.service_id where s1_0.meeting_id=?
Hibernate: select s1_0.meeting_id,s1_1.id,s1_1.name,s1_1.type from meeting_services s1_0 join services s1_1 on s1_1.id=s1_0.service_id where s1_0.meeting_id=?
2026-05-22T18:51:02.318+02:00 DEBUG 24844 --- [demo] [nio-8080-exec-2] org.hibernate.SQL                        : select a1_0.meeting_id,a1_1.id,a1_1.description,a1_1.name from meeting_audiences a1_0 join audiences a1_1 on a1_1.id=a1_0.audience_id where a1_0.meeting_id=?
Hibernate: select a1_0.meeting_id,a1_1.id,a1_1.description,a1_1.name from meeting_audiences a1_0 join audiences a1_1 on a1_1.id=a1_0.audience_id where a1_0.meeting_id=?
2026-05-22T18:51:02.318+02:00 DEBUG 24844 --- [demo] [nio-8080-exec-2] org.hibernate.SQL                        : select p1_0.meeting_id,p1_0.id,p1_0.upload_date,p1_0.uploaded_by_id,p1_0.url from photos p1_0 where p1_0.meeting_id=?
Hibernate: select p1_0.meeting_id,p1_0.id,p1_0.upload_date,p1_0.uploaded_by_id,p1_0.url from photos p1_0 where p1_0.meeting_id=?
2026-05-22T18:51:02.319+02:00 DEBUG 24844 --- [demo] [nio-8080-exec-2] org.hibernate.SQL                        : select d1_0.meeting_id,d1_0.id,d1_0.name,d1_0.url from documents d1_0 where d1_0.meeting_id=?
Hibernate: select d1_0.meeting_id,d1_0.id,d1_0.name,d1_0.url from documents d1_0 where d1_0.meeting_id=?
2026-05-22T18:51:02.319+02:00 DEBUG 24844 --- [demo] [nio-8080-exec-2] org.hibernate.SQL                        : select p1_0.meeting_id,p1_1.id,p1_1.email,p1_1.first_name,p1_1.last_name,p1_1.phone from meeting_participants p1_0 join participants p1_1 on p1_1.id=p1_0.participant_id where p1_0.meeting_id=?
Hibernate: select p1_0.meeting_id,p1_1.id,p1_1.email,p1_1.first_name,p1_1.last_name,p1_1.phone from meeting_participants p1_0 join participants p1_1 on p1_1.id=p1_0.participant_id where p1_0.meeting_id=?
2026-05-22T18:51:02.320+02:00 DEBUG 24844 --- [demo] [nio-8080-exec-2] org.hibernate.SQL                        : select s1_0.meeting_id,s1_1.id,s1_1.name,s1_1.type from meeting_services s1_0 join services s1_1 on s1_1.id=s1_0.service_id where s1_0.meeting_id=?
Hibernate: select s1_0.meeting_id,s1_1.id,s1_1.name,s1_1.type from meeting_services s1_0 join services s1_1 on s1_1.id=s1_0.service_id where s1_0.meeting_id=?
2026-05-22T18:51:02.320+02:00 DEBUG 24844 --- [demo] [nio-8080-exec-2] org.hibernate.SQL                        : select a1_0.meeting_id,a1_1.id,a1_1.description,a1_1.name from meeting_audiences a1_0 join audiences a1_1 on a1_1.id=a1_0.audience_id where a1_0.meeting_id=?
Hibernate: select a1_0.meeting_id,a1_1.id,a1_1.description,a1_1.name from meeting_audiences a1_0 join audiences a1_1 on a1_1.id=a1_0.audience_id where a1_0.meeting_id=?
2026-05-22T18:51:02.321+02:00 DEBUG 24844 --- [demo] [nio-8080-exec-2] org.hibernate.SQL                        : select p1_0.meeting_id,p1_0.id,p1_0.upload_date,p1_0.uploaded_by_id,p1_0.url from photos p1_0 where p1_0.meeting_id=?
Hibernate: select p1_0.meeting_id,p1_0.id,p1_0.upload_date,p1_0.uploaded_by_id,p1_0.url from photos p1_0 where p1_0.meeting_id=?
2026-05-22T18:51:02.321+02:00 DEBUG 24844 --- [demo] [nio-8080-exec-2] org.hibernate.SQL                        : select d1_0.meeting_id,d1_0.id,d1_0.name,d1_0.url from documents d1_0 where d1_0.meeting_id=?
Hibernate: select d1_0.meeting_id,d1_0.id,d1_0.name,d1_0.url from documents d1_0 where d1_0.meeting_id=?
2026-05-22T18:51:02.322+02:00 DEBUG 24844 --- [demo] [nio-8080-exec-2] o.s.w.s.m.m.a.HttpEntityMethodProcessor  : Using 'application/json', given [application/json, text/plain, */*] and supported [application/json, application/*+json]
2026-05-22T18:51:02.322+02:00 DEBUG 24844 --- [demo] [nio-8080-exec-2] o.s.w.s.m.m.a.HttpEntityMethodProcessor  : Writing [[MeetingResponse(id=1001, objective=Planifier le lancement du projet, type=Planning, description=Reu (truncated)...]
2026-05-22T18:51:02.323+02:00 DEBUG 24844 --- [demo] [nio-8080-exec-2] o.s.web.servlet.DispatcherServlet        : Completed 200 OK
2026-05-22T19:00:41.137+02:00 DEBUG 24844 --- [demo] [nio-8080-exec-9] org.hibernate.SQL                        : select u1_0.id,u1_0.email,u1_0.name,u1_0.password,u1_0.role from users u1_0 where u1_0.email=?
Hibernate: select u1_0.id,u1_0.email,u1_0.name,u1_0.password,u1_0.role from users u1_0 where u1_0.email=?
2026-05-22T19:00:41.141+02:00 DEBUG 24844 --- [demo] [nio-8080-exec-9] o.s.web.servlet.DispatcherServlet        : GET "/api/stats/dashboard", parameters={}
2026-05-22T19:00:41.141+02:00 DEBUG 24844 --- [demo] [nio-8080-exec-9] o.s.w.s.handler.SimpleUrlHandlerMapping  : Mapped to ResourceHttpRequestHandler [classpath [static/], URL [file:uploads/], ServletContext [/]]
2026-05-22T19:00:41.164+02:00 DEBUG 24844 --- [demo] [nio-8080-exec-9] o.s.w.s.r.ResourceHttpRequestHandler     : Resource not found
2026-05-22T19:00:41.164+02:00 DEBUG 24844 --- [demo] [nio-8080-exec-9] .m.m.a.ExceptionHandlerExceptionResolver : Using @ExceptionHandler com.example.demo.exception.GlobalExceptionHandler#handleAll(Exception, HttpServletRequest)
2026-05-22T19:00:41.164+02:00 DEBUG 24844 --- [demo] [nio-8080-exec-9] o.s.w.s.m.m.a.HttpEntityMethodProcessor  : Using 'application/json', given [application/json, text/plain, */*] and supported [application/json, application/*+json]
2026-05-22T19:00:41.165+02:00 DEBUG 24844 --- [demo] [nio-8080-exec-9] o.s.w.s.m.m.a.HttpEntityMethodProcessor  : Writing [ErrorResponse(status=500, error=Internal Server Error, message=No static resource api/stats/dashboar (truncated)...]
2026-05-22T19:00:41.165+02:00 DEBUG 24844 --- [demo] [nio-8080-exec-9] .m.m.a.ExceptionHandlerExceptionResolver : Resolved [org.springframework.web.servlet.resource.NoResourceFoundException: No static resource api/stats/dashboard.]
2026-05-22T19:00:41.165+02:00 DEBUG 24844 --- [demo] [nio-8080-exec-9] o.s.web.servlet.DispatcherServlet        : Completed 500 INTERNAL_SERVER_ERROR
2026-05-22T19:00:41.184+02:00 DEBUG 24844 --- [demo] [nio-8080-exec-4] org.hibernate.SQL                        : select u1_0.id,u1_0.email,u1_0.name,u1_0.password,u1_0.role from users u1_0 where u1_0.email=?
Hibernate: select u1_0.id,u1_0.email,u1_0.name,u1_0.password,u1_0.role from users u1_0 where u1_0.email=?
2026-05-22T19:00:41.187+02:00 DEBUG 24844 --- [demo] [nio-8080-exec-4] o.s.web.servlet.DispatcherServlet        : GET "/api/stats/dashboard", parameters={}
2026-05-22T19:00:41.187+02:00 DEBUG 24844 --- [demo] [nio-8080-exec-4] o.s.w.s.handler.SimpleUrlHandlerMapping  : Mapped to ResourceHttpRequestHandler [classpath [static/], URL [file:uploads/], ServletContext [/]]
2026-05-22T19:00:41.188+02:00 DEBUG 24844 --- [demo] [nio-8080-exec-4] o.s.w.s.r.ResourceHttpRequestHandler     : Resource not found
2026-05-22T19:00:41.188+02:00 DEBUG 24844 --- [demo] [nio-8080-exec-4] .m.m.a.ExceptionHandlerExceptionResolver : Using @ExceptionHandler com.example.demo.exception.GlobalExceptionHandler#handleAll(Exception, HttpServletRequest)
2026-05-22T19:00:41.189+02:00 DEBUG 24844 --- [demo] [nio-8080-exec-4] o.s.w.s.m.m.a.HttpEntityMethodProcessor  : Using 'application/json', given [application/json, text/plain, */*] and supported [application/json, application/*+json]
2026-05-22T19:00:41.189+02:00 DEBUG 24844 --- [demo] [nio-8080-exec-4] o.s.w.s.m.m.a.HttpEntityMethodProcessor  : Writing [ErrorResponse(status=500, error=Internal Server Error, message=No static resource api/stats/dashboar (truncated)...]
2026-05-22T19:00:41.189+02:00 DEBUG 24844 --- [demo] [nio-8080-exec-4] .m.m.a.ExceptionHandlerExceptionResolver : Resolved [org.springframework.web.servlet.resource.NoResourceFoundException: No static resource api/stats/dashboard.]
2026-05-22T19:00:41.190+02:00 DEBUG 24844 --- [demo] [nio-8080-exec-4] o.s.web.servlet.DispatcherServlet        : Completed 500 INTERNAL_SERVER_ERROR
2026-05-22T19:00:52.244+02:00 DEBUG 24844 --- [demo] [nio-8080-exec-6] org.hibernate.SQL                        : select u1_0.id,u1_0.email,u1_0.name,u1_0.password,u1_0.role from users u1_0 where u1_0.email=?
Hibernate: select u1_0.id,u1_0.email,u1_0.name,u1_0.password,u1_0.role from users u1_0 where u1_0.email=?
2026-05-22T19:00:52.247+02:00 DEBUG 24844 --- [demo] [nio-8080-exec-6] o.s.web.servlet.DispatcherServlet        : GET "/api/meetings", parameters={}
2026-05-22T19:00:52.247+02:00 DEBUG 24844 --- [demo] [nio-8080-exec-6] s.w.s.m.m.a.RequestMappingHandlerMapping : Mapped to com.example.demo.controller.MeetingController#findAll()
2026-05-22T19:00:52.250+02:00 DEBUG 24844 --- [demo] [nio-8080-exec-6] org.hibernate.SQL                        : select m1_0.id,m1_0.date,m1_0.description,m1_0.discussion,m1_0.end_time,m1_0.objective,m1_0.recommendation,m1_0.room,m1_0.start_time,m1_0.type from meetings m1_0
Hibernate: select m1_0.id,m1_0.date,m1_0.description,m1_0.discussion,m1_0.end_time,m1_0.objective,m1_0.recommendation,m1_0.room,m1_0.start_time,m1_0.type from meetings m1_0
2026-05-22T19:00:52.251+02:00 DEBUG 24844 --- [demo] [nio-8080-exec-6] org.hibernate.SQL                        : select p1_0.meeting_id,p1_1.id,p1_1.email,p1_1.first_name,p1_1.last_name,p1_1.phone from meeting_participants p1_0 join participants p1_1 on p1_1.id=p1_0.participant_id where p1_0.meeting_id=?
Hibernate: select p1_0.meeting_id,p1_1.id,p1_1.email,p1_1.first_name,p1_1.last_name,p1_1.phone from meeting_participants p1_0 join participants p1_1 on p1_1.id=p1_0.participant_id where p1_0.meeting_id=?
2026-05-22T19:00:52.255+02:00 DEBUG 24844 --- [demo] [nio-8080-exec-6] org.hibernate.SQL                        : select s1_0.meeting_id,s1_1.id,s1_1.name,s1_1.type from meeting_services s1_0 join services s1_1 on s1_1.id=s1_0.service_id where s1_0.meeting_id=?
Hibernate: select s1_0.meeting_id,s1_1.id,s1_1.name,s1_1.type from meeting_services s1_0 join services s1_1 on s1_1.id=s1_0.service_id where s1_0.meeting_id=?
2026-05-22T19:00:52.256+02:00 DEBUG 24844 --- [demo] [nio-8080-exec-6] org.hibernate.SQL                        : select a1_0.meeting_id,a1_1.id,a1_1.description,a1_1.name from meeting_audiences a1_0 join audiences a1_1 on a1_1.id=a1_0.audience_id where a1_0.meeting_id=?
Hibernate: select a1_0.meeting_id,a1_1.id,a1_1.description,a1_1.name from meeting_audiences a1_0 join audiences a1_1 on a1_1.id=a1_0.audience_id where a1_0.meeting_id=?
2026-05-22T19:00:52.256+02:00 DEBUG 24844 --- [demo] [nio-8080-exec-6] org.hibernate.SQL                        : select p1_0.meeting_id,p1_0.id,p1_0.upload_date,p1_0.uploaded_by_id,p1_0.url from photos p1_0 where p1_0.meeting_id=?
Hibernate: select p1_0.meeting_id,p1_0.id,p1_0.upload_date,p1_0.uploaded_by_id,p1_0.url from photos p1_0 where p1_0.meeting_id=?
2026-05-22T19:00:52.258+02:00 DEBUG 24844 --- [demo] [nio-8080-exec-6] org.hibernate.SQL                        : select d1_0.meeting_id,d1_0.id,d1_0.name,d1_0.url from documents d1_0 where d1_0.meeting_id=?
Hibernate: select d1_0.meeting_id,d1_0.id,d1_0.name,d1_0.url from documents d1_0 where d1_0.meeting_id=?
2026-05-22T19:00:52.259+02:00 DEBUG 24844 --- [demo] [nio-8080-exec-6] org.hibernate.SQL                        : select p1_0.meeting_id,p1_1.id,p1_1.email,p1_1.first_name,p1_1.last_name,p1_1.phone from meeting_participants p1_0 join participants p1_1 on p1_1.id=p1_0.participant_id where p1_0.meeting_id=?
Hibernate: select p1_0.meeting_id,p1_1.id,p1_1.email,p1_1.first_name,p1_1.last_name,p1_1.phone from meeting_participants p1_0 join participants p1_1 on p1_1.id=p1_0.participant_id where p1_0.meeting_id=?
2026-05-22T19:00:52.260+02:00 DEBUG 24844 --- [demo] [nio-8080-exec-6] org.hibernate.SQL                        : select s1_0.meeting_id,s1_1.id,s1_1.name,s1_1.type from meeting_services s1_0 join services s1_1 on s1_1.id=s1_0.service_id where s1_0.meeting_id=?
Hibernate: select s1_0.meeting_id,s1_1.id,s1_1.name,s1_1.type from meeting_services s1_0 join services s1_1 on s1_1.id=s1_0.service_id where s1_0.meeting_id=?
2026-05-22T19:00:52.261+02:00 DEBUG 24844 --- [demo] [nio-8080-exec-6] org.hibernate.SQL                        : select a1_0.meeting_id,a1_1.id,a1_1.description,a1_1.name from meeting_audiences a1_0 join audiences a1_1 on a1_1.id=a1_0.audience_id where a1_0.meeting_id=?
Hibernate: select a1_0.meeting_id,a1_1.id,a1_1.description,a1_1.name from meeting_audiences a1_0 join audiences a1_1 on a1_1.id=a1_0.audience_id where a1_0.meeting_id=?
2026-05-22T19:00:52.262+02:00 DEBUG 24844 --- [demo] [nio-8080-exec-6] org.hibernate.SQL                        : select p1_0.meeting_id,p1_0.id,p1_0.upload_date,p1_0.uploaded_by_id,p1_0.url from photos p1_0 where p1_0.meeting_id=?
Hibernate: select p1_0.meeting_id,p1_0.id,p1_0.upload_date,p1_0.uploaded_by_id,p1_0.url from photos p1_0 where p1_0.meeting_id=?
2026-05-22T19:00:52.262+02:00 DEBUG 24844 --- [demo] [nio-8080-exec-6] org.hibernate.SQL                        : select d1_0.meeting_id,d1_0.id,d1_0.name,d1_0.url from documents d1_0 where d1_0.meeting_id=?
Hibernate: select d1_0.meeting_id,d1_0.id,d1_0.name,d1_0.url from documents d1_0 where d1_0.meeting_id=?
2026-05-22T19:00:52.263+02:00 DEBUG 24844 --- [demo] [nio-8080-exec-6] org.hibernate.SQL                        : select p1_0.meeting_id,p1_1.id,p1_1.email,p1_1.first_name,p1_1.last_name,p1_1.phone from meeting_participants p1_0 join participants p1_1 on p1_1.id=p1_0.participant_id where p1_0.meeting_id=?
Hibernate: select p1_0.meeting_id,p1_1.id,p1_1.email,p1_1.first_name,p1_1.last_name,p1_1.phone from meeting_participants p1_0 join participants p1_1 on p1_1.id=p1_0.participant_id where p1_0.meeting_id=?
2026-05-22T19:00:52.264+02:00 DEBUG 24844 --- [demo] [nio-8080-exec-6] org.hibernate.SQL                        : select s1_0.meeting_id,s1_1.id,s1_1.name,s1_1.type from meeting_services s1_0 join services s1_1 on s1_1.id=s1_0.service_id where s1_0.meeting_id=?
Hibernate: select s1_0.meeting_id,s1_1.id,s1_1.name,s1_1.type from meeting_services s1_0 join services s1_1 on s1_1.id=s1_0.service_id where s1_0.meeting_id=?
2026-05-22T19:00:52.265+02:00 DEBUG 24844 --- [demo] [nio-8080-exec-6] org.hibernate.SQL                        : select a1_0.meeting_id,a1_1.id,a1_1.description,a1_1.name from meeting_audiences a1_0 join audiences a1_1 on a1_1.id=a1_0.audience_id where a1_0.meeting_id=?
Hibernate: select a1_0.meeting_id,a1_1.id,a1_1.description,a1_1.name from meeting_audiences a1_0 join audiences a1_1 on a1_1.id=a1_0.audience_id where a1_0.meeting_id=?
2026-05-22T19:00:52.266+02:00 DEBUG 24844 --- [demo] [nio-8080-exec-6] org.hibernate.SQL                        : select p1_0.meeting_id,p1_0.id,p1_0.upload_date,p1_0.uploaded_by_id,p1_0.url from photos p1_0 where p1_0.meeting_id=?
Hibernate: select p1_0.meeting_id,p1_0.id,p1_0.upload_date,p1_0.uploaded_by_id,p1_0.url from photos p1_0 where p1_0.meeting_id=?
2026-05-22T19:00:52.266+02:00 DEBUG 24844 --- [demo] [nio-8080-exec-6] org.hibernate.SQL                        : select d1_0.meeting_id,d1_0.id,d1_0.name,d1_0.url from documents d1_0 where d1_0.meeting_id=?
Hibernate: select d1_0.meeting_id,d1_0.id,d1_0.name,d1_0.url from documents d1_0 where d1_0.meeting_id=?
2026-05-22T19:00:52.268+02:00 DEBUG 24844 --- [demo] [nio-8080-exec-6] o.s.w.s.m.m.a.HttpEntityMethodProcessor  : Using 'application/json', given [application/json, text/plain, */*] and supported [application/json, application/*+json]
2026-05-22T19:00:52.268+02:00 DEBUG 24844 --- [demo] [nio-8080-exec-6] o.s.w.s.m.m.a.HttpEntityMethodProcessor  : Writing [[MeetingResponse(id=1001, objective=Planifier le lancement du projet, type=Planning, description=Reu (truncated)...]
2026-05-22T19:00:52.269+02:00 DEBUG 24844 --- [demo] [nio-8080-exec-6] o.s.web.servlet.DispatcherServlet        : Completed 200 OK
2026-05-22T19:00:52.280+02:00 DEBUG 24844 --- [demo] [nio-8080-exec-8] org.hibernate.SQL                        : select u1_0.id,u1_0.email,u1_0.name,u1_0.password,u1_0.role from users u1_0 where u1_0.email=?
Hibernate: select u1_0.id,u1_0.email,u1_0.name,u1_0.password,u1_0.role from users u1_0 where u1_0.email=?
2026-05-22T19:00:52.283+02:00 DEBUG 24844 --- [demo] [nio-8080-exec-8] o.s.web.servlet.DispatcherServlet        : GET "/api/meetings", parameters={}
2026-05-22T19:00:52.283+02:00 DEBUG 24844 --- [demo] [nio-8080-exec-8] s.w.s.m.m.a.RequestMappingHandlerMapping : Mapped to com.example.demo.controller.MeetingController#findAll()
2026-05-22T19:00:52.285+02:00 DEBUG 24844 --- [demo] [nio-8080-exec-8] org.hibernate.SQL                        : select m1_0.id,m1_0.date,m1_0.description,m1_0.discussion,m1_0.end_time,m1_0.objective,m1_0.recommendation,m1_0.room,m1_0.start_time,m1_0.type from meetings m1_0
Hibernate: select m1_0.id,m1_0.date,m1_0.description,m1_0.discussion,m1_0.end_time,m1_0.objective,m1_0.recommendation,m1_0.room,m1_0.start_time,m1_0.type from meetings m1_0
2026-05-22T19:00:52.286+02:00 DEBUG 24844 --- [demo] [nio-8080-exec-8] org.hibernate.SQL                        : select p1_0.meeting_id,p1_1.id,p1_1.email,p1_1.first_name,p1_1.last_name,p1_1.phone from meeting_participants p1_0 join participants p1_1 on p1_1.id=p1_0.participant_id where p1_0.meeting_id=?
Hibernate: select p1_0.meeting_id,p1_1.id,p1_1.email,p1_1.first_name,p1_1.last_name,p1_1.phone from meeting_participants p1_0 join participants p1_1 on p1_1.id=p1_0.participant_id where p1_0.meeting_id=?
2026-05-22T19:00:52.287+02:00 DEBUG 24844 --- [demo] [nio-8080-exec-8] org.hibernate.SQL                        : select s1_0.meeting_id,s1_1.id,s1_1.name,s1_1.type from meeting_services s1_0 join services s1_1 on s1_1.id=s1_0.service_id where s1_0.meeting_id=?
Hibernate: select s1_0.meeting_id,s1_1.id,s1_1.name,s1_1.type from meeting_services s1_0 join services s1_1 on s1_1.id=s1_0.service_id where s1_0.meeting_id=?
2026-05-22T19:00:52.287+02:00 DEBUG 24844 --- [demo] [nio-8080-exec-8] org.hibernate.SQL                        : select a1_0.meeting_id,a1_1.id,a1_1.description,a1_1.name from meeting_audiences a1_0 join audiences a1_1 on a1_1.id=a1_0.audience_id where a1_0.meeting_id=?
Hibernate: select a1_0.meeting_id,a1_1.id,a1_1.description,a1_1.name from meeting_audiences a1_0 join audiences a1_1 on a1_1.id=a1_0.audience_id where a1_0.meeting_id=?
2026-05-22T19:00:52.289+02:00 DEBUG 24844 --- [demo] [nio-8080-exec-8] org.hibernate.SQL                        : select p1_0.meeting_id,p1_0.id,p1_0.upload_date,p1_0.uploaded_by_id,p1_0.url from photos p1_0 where p1_0.meeting_id=?
Hibernate: select p1_0.meeting_id,p1_0.id,p1_0.upload_date,p1_0.uploaded_by_id,p1_0.url from photos p1_0 where p1_0.meeting_id=?
2026-05-22T19:00:52.291+02:00 DEBUG 24844 --- [demo] [nio-8080-exec-8] org.hibernate.SQL                        : select d1_0.meeting_id,d1_0.id,d1_0.name,d1_0.url from documents d1_0 where d1_0.meeting_id=?
Hibernate: select d1_0.meeting_id,d1_0.id,d1_0.name,d1_0.url from documents d1_0 where d1_0.meeting_id=?
2026-05-22T19:00:52.292+02:00 DEBUG 24844 --- [demo] [nio-8080-exec-8] org.hibernate.SQL                        : select p1_0.meeting_id,p1_1.id,p1_1.email,p1_1.first_name,p1_1.last_name,p1_1.phone from meeting_participants p1_0 join participants p1_1 on p1_1.id=p1_0.participant_id where p1_0.meeting_id=?
Hibernate: select p1_0.meeting_id,p1_1.id,p1_1.email,p1_1.first_name,p1_1.last_name,p1_1.phone from meeting_participants p1_0 join participants p1_1 on p1_1.id=p1_0.participant_id where p1_0.meeting_id=?
2026-05-22T19:00:52.292+02:00 DEBUG 24844 --- [demo] [nio-8080-exec-8] org.hibernate.SQL                        : select s1_0.meeting_id,s1_1.id,s1_1.name,s1_1.type from meeting_services s1_0 join services s1_1 on s1_1.id=s1_0.service_id where s1_0.meeting_id=?
Hibernate: select s1_0.meeting_id,s1_1.id,s1_1.name,s1_1.type from meeting_services s1_0 join services s1_1 on s1_1.id=s1_0.service_id where s1_0.meeting_id=?
2026-05-22T19:00:52.292+02:00 DEBUG 24844 --- [demo] [nio-8080-exec-8] org.hibernate.SQL                        : select a1_0.meeting_id,a1_1.id,a1_1.description,a1_1.name from meeting_audiences a1_0 join audiences a1_1 on a1_1.id=a1_0.audience_id where a1_0.meeting_id=?
Hibernate: select a1_0.meeting_id,a1_1.id,a1_1.description,a1_1.name from meeting_audiences a1_0 join audiences a1_1 on a1_1.id=a1_0.audience_id where a1_0.meeting_id=?
2026-05-22T19:00:52.293+02:00 DEBUG 24844 --- [demo] [nio-8080-exec-8] org.hibernate.SQL                        : select p1_0.meeting_id,p1_0.id,p1_0.upload_date,p1_0.uploaded_by_id,p1_0.url from photos p1_0 where p1_0.meeting_id=?
Hibernate: select p1_0.meeting_id,p1_0.id,p1_0.upload_date,p1_0.uploaded_by_id,p1_0.url from photos p1_0 where p1_0.meeting_id=?
2026-05-22T19:00:52.294+02:00 DEBUG 24844 --- [demo] [nio-8080-exec-8] org.hibernate.SQL                        : select d1_0.meeting_id,d1_0.id,d1_0.name,d1_0.url from documents d1_0 where d1_0.meeting_id=?
Hibernate: select d1_0.meeting_id,d1_0.id,d1_0.name,d1_0.url from documents d1_0 where d1_0.meeting_id=?
2026-05-22T19:00:52.295+02:00 DEBUG 24844 --- [demo] [nio-8080-exec-8] org.hibernate.SQL                        : select p1_0.meeting_id,p1_1.id,p1_1.email,p1_1.first_name,p1_1.last_name,p1_1.phone from meeting_participants p1_0 join participants p1_1 on p1_1.id=p1_0.participant_id where p1_0.meeting_id=?
Hibernate: select p1_0.meeting_id,p1_1.id,p1_1.email,p1_1.first_name,p1_1.last_name,p1_1.phone from meeting_participants p1_0 join participants p1_1 on p1_1.id=p1_0.participant_id where p1_0.meeting_id=?
2026-05-22T19:00:52.296+02:00 DEBUG 24844 --- [demo] [nio-8080-exec-8] org.hibernate.SQL                        : select s1_0.meeting_id,s1_1.id,s1_1.name,s1_1.type from meeting_services s1_0 join services s1_1 on s1_1.id=s1_0.service_id where s1_0.meeting_id=?
Hibernate: select s1_0.meeting_id,s1_1.id,s1_1.name,s1_1.type from meeting_services s1_0 join services s1_1 on s1_1.id=s1_0.service_id where s1_0.meeting_id=?
2026-05-22T19:00:52.296+02:00 DEBUG 24844 --- [demo] [nio-8080-exec-8] org.hibernate.SQL                        : select a1_0.meeting_id,a1_1.id,a1_1.description,a1_1.name from meeting_audiences a1_0 join audiences a1_1 on a1_1.id=a1_0.audience_id where a1_0.meeting_id=?
Hibernate: select a1_0.meeting_id,a1_1.id,a1_1.description,a1_1.name from meeting_audiences a1_0 join audiences a1_1 on a1_1.id=a1_0.audience_id where a1_0.meeting_id=?
2026-05-22T19:00:52.297+02:00 DEBUG 24844 --- [demo] [nio-8080-exec-8] org.hibernate.SQL                        : select p1_0.meeting_id,p1_0.id,p1_0.upload_date,p1_0.uploaded_by_id,p1_0.url from photos p1_0 where p1_0.meeting_id=?
Hibernate: select p1_0.meeting_id,p1_0.id,p1_0.upload_date,p1_0.uploaded_by_id,p1_0.url from photos p1_0 where p1_0.meeting_id=?
2026-05-22T19:00:52.300+02:00 DEBUG 24844 --- [demo] [nio-8080-exec-8] org.hibernate.SQL                        : select d1_0.meeting_id,d1_0.id,d1_0.name,d1_0.url from documents d1_0 where d1_0.meeting_id=?
Hibernate: select d1_0.meeting_id,d1_0.id,d1_0.name,d1_0.url from documents d1_0 where d1_0.meeting_id=?
2026-05-22T19:00:52.301+02:00 DEBUG 24844 --- [demo] [nio-8080-exec-8] o.s.w.s.m.m.a.HttpEntityMethodProcessor  : Using 'application/json', given [application/json, text/plain, */*] and supported [application/json, application/*+json]
2026-05-22T19:00:52.302+02:00 DEBUG 24844 --- [demo] [nio-8080-exec-8] o.s.w.s.m.m.a.HttpEntityMethodProcessor  : Writing [[MeetingResponse(id=1001, objective=Planifier le lancement du projet, type=Planning, description=Reu (truncated)...]
2026-05-22T19:00:52.303+02:00 DEBUG 24844 --- [demo] [nio-8080-exec-8] o.s.web.servlet.DispatcherServlet        : Completed 200 OK
2026-05-22T19:00:54.861+02:00 DEBUG 24844 --- [demo] [nio-8080-exec-7] org.hibernate.SQL                        : select u1_0.id,u1_0.email,u1_0.name,u1_0.password,u1_0.role from users u1_0 where u1_0.email=?
Hibernate: select u1_0.id,u1_0.email,u1_0.name,u1_0.password,u1_0.role from users u1_0 where u1_0.email=?
2026-05-22T19:00:54.865+02:00 DEBUG 24844 --- [demo] [nio-8080-exec-7] o.s.web.servlet.DispatcherServlet        : GET "/api/meetings/1002", parameters={}
2026-05-22T19:00:54.866+02:00 DEBUG 24844 --- [demo] [nio-8080-exec-7] s.w.s.m.m.a.RequestMappingHandlerMapping : Mapped to com.example.demo.controller.MeetingController#findById(Long)
2026-05-22T19:00:54.872+02:00 DEBUG 24844 --- [demo] [nio-8080-exec-7] org.hibernate.SQL                        : select m1_0.id,m1_0.date,m1_0.description,m1_0.discussion,m1_0.end_time,m1_0.objective,m1_0.recommendation,m1_0.room,m1_0.start_time,m1_0.type from meetings m1_0 where m1_0.id=?
Hibernate: select m1_0.id,m1_0.date,m1_0.description,m1_0.discussion,m1_0.end_time,m1_0.objective,m1_0.recommendation,m1_0.room,m1_0.start_time,m1_0.type from meetings m1_0 where m1_0.id=?
2026-05-22T19:00:54.873+02:00 DEBUG 24844 --- [demo] [nio-8080-exec-7] org.hibernate.SQL                        : select p1_0.meeting_id,p1_1.id,p1_1.email,p1_1.first_name,p1_1.last_name,p1_1.phone from meeting_participants p1_0 join participants p1_1 on p1_1.id=p1_0.participant_id where p1_0.meeting_id=?
Hibernate: select p1_0.meeting_id,p1_1.id,p1_1.email,p1_1.first_name,p1_1.last_name,p1_1.phone from meeting_participants p1_0 join participants p1_1 on p1_1.id=p1_0.participant_id where p1_0.meeting_id=?
2026-05-22T19:00:54.874+02:00 DEBUG 24844 --- [demo] [nio-8080-exec-7] org.hibernate.SQL                        : select s1_0.meeting_id,s1_1.id,s1_1.name,s1_1.type from meeting_services s1_0 join services s1_1 on s1_1.id=s1_0.service_id where s1_0.meeting_id=?
Hibernate: select s1_0.meeting_id,s1_1.id,s1_1.name,s1_1.type from meeting_services s1_0 join services s1_1 on s1_1.id=s1_0.service_id where s1_0.meeting_id=?
2026-05-22T19:00:54.875+02:00 DEBUG 24844 --- [demo] [nio-8080-exec-7] org.hibernate.SQL                        : select a1_0.meeting_id,a1_1.id,a1_1.description,a1_1.name from meeting_audiences a1_0 join audiences a1_1 on a1_1.id=a1_0.audience_id where a1_0.meeting_id=?
Hibernate: select a1_0.meeting_id,a1_1.id,a1_1.description,a1_1.name from meeting_audiences a1_0 join audiences a1_1 on a1_1.id=a1_0.audience_id where a1_0.meeting_id=?
2026-05-22T19:00:54.875+02:00 DEBUG 24844 --- [demo] [nio-8080-exec-7] org.hibernate.SQL                        : select p1_0.meeting_id,p1_0.id,p1_0.upload_date,p1_0.uploaded_by_id,p1_0.url from photos p1_0 where p1_0.meeting_id=?
Hibernate: select p1_0.meeting_id,p1_0.id,p1_0.upload_date,p1_0.uploaded_by_id,p1_0.url from photos p1_0 where p1_0.meeting_id=?
2026-05-22T19:00:54.876+02:00 DEBUG 24844 --- [demo] [nio-8080-exec-7] org.hibernate.SQL                        : select d1_0.meeting_id,d1_0.id,d1_0.name,d1_0.url from documents d1_0 where d1_0.meeting_id=?
Hibernate: select d1_0.meeting_id,d1_0.id,d1_0.name,d1_0.url from documents d1_0 where d1_0.meeting_id=?
2026-05-22T19:00:54.877+02:00 DEBUG 24844 --- [demo] [nio-8080-exec-7] o.s.w.s.m.m.a.HttpEntityMethodProcessor  : Using 'application/json', given [application/json, text/plain, */*] and supported [application/json, application/*+json]
2026-05-22T19:00:54.877+02:00 DEBUG 24844 --- [demo] [nio-8080-exec-7] o.s.w.s.m.m.a.HttpEntityMethodProcessor  : Writing [MeetingResponse(id=1002, objective=Suivre les actions ouvertes, type=Follow-up, description=Point de (truncated)...]
2026-05-22T19:00:54.878+02:00 DEBUG 24844 --- [demo] [nio-8080-exec-7] o.s.web.servlet.DispatcherServlet        : Completed 200 OK
2026-05-22T19:00:54.892+02:00 DEBUG 24844 --- [demo] [io-8080-exec-10] org.hibernate.SQL                        : select u1_0.id,u1_0.email,u1_0.name,u1_0.password,u1_0.role from users u1_0 where u1_0.email=?
Hibernate: select u1_0.id,u1_0.email,u1_0.name,u1_0.password,u1_0.role from users u1_0 where u1_0.email=?
2026-05-22T19:00:54.894+02:00 DEBUG 24844 --- [demo] [io-8080-exec-10] o.s.web.servlet.DispatcherServlet        : GET "/api/meetings/1002", parameters={}
2026-05-22T19:00:54.895+02:00 DEBUG 24844 --- [demo] [io-8080-exec-10] s.w.s.m.m.a.RequestMappingHandlerMapping : Mapped to com.example.demo.controller.MeetingController#findById(Long)
2026-05-22T19:00:54.901+02:00 DEBUG 24844 --- [demo] [io-8080-exec-10] org.hibernate.SQL                        : select m1_0.id,m1_0.date,m1_0.description,m1_0.discussion,m1_0.end_time,m1_0.objective,m1_0.recommendation,m1_0.room,m1_0.start_time,m1_0.type from meetings m1_0 where m1_0.id=?
Hibernate: select m1_0.id,m1_0.date,m1_0.description,m1_0.discussion,m1_0.end_time,m1_0.objective,m1_0.recommendation,m1_0.room,m1_0.start_time,m1_0.type from meetings m1_0 where m1_0.id=?
2026-05-22T19:00:54.903+02:00 DEBUG 24844 --- [demo] [io-8080-exec-10] org.hibernate.SQL                        : select p1_0.meeting_id,p1_1.id,p1_1.email,p1_1.first_name,p1_1.last_name,p1_1.phone from meeting_participants p1_0 join participants p1_1 on p1_1.id=p1_0.participant_id where p1_0.meeting_id=?
Hibernate: select p1_0.meeting_id,p1_1.id,p1_1.email,p1_1.first_name,p1_1.last_name,p1_1.phone from meeting_participants p1_0 join participants p1_1 on p1_1.id=p1_0.participant_id where p1_0.meeting_id=?
2026-05-22T19:00:54.904+02:00 DEBUG 24844 --- [demo] [io-8080-exec-10] org.hibernate.SQL                        : select s1_0.meeting_id,s1_1.id,s1_1.name,s1_1.type from meeting_services s1_0 join services s1_1 on s1_1.id=s1_0.service_id where s1_0.meeting_id=?
Hibernate: select s1_0.meeting_id,s1_1.id,s1_1.name,s1_1.type from meeting_services s1_0 join services s1_1 on s1_1.id=s1_0.service_id where s1_0.meeting_id=?
2026-05-22T19:00:54.905+02:00 DEBUG 24844 --- [demo] [io-8080-exec-10] org.hibernate.SQL                        : select a1_0.meeting_id,a1_1.id,a1_1.description,a1_1.name from meeting_audiences a1_0 join audiences a1_1 on a1_1.id=a1_0.audience_id where a1_0.meeting_id=?
Hibernate: select a1_0.meeting_id,a1_1.id,a1_1.description,a1_1.name from meeting_audiences a1_0 join audiences a1_1 on a1_1.id=a1_0.audience_id where a1_0.meeting_id=?
2026-05-22T19:00:54.906+02:00 DEBUG 24844 --- [demo] [io-8080-exec-10] org.hibernate.SQL                        : select p1_0.meeting_id,p1_0.id,p1_0.upload_date,p1_0.uploaded_by_id,p1_0.url from photos p1_0 where p1_0.meeting_id=?
Hibernate: select p1_0.meeting_id,p1_0.id,p1_0.upload_date,p1_0.uploaded_by_id,p1_0.url from photos p1_0 where p1_0.meeting_id=?
2026-05-22T19:00:54.907+02:00 DEBUG 24844 --- [demo] [io-8080-exec-10] org.hibernate.SQL                        : select d1_0.meeting_id,d1_0.id,d1_0.name,d1_0.url from documents d1_0 where d1_0.meeting_id=?
Hibernate: select d1_0.meeting_id,d1_0.id,d1_0.name,d1_0.url from documents d1_0 where d1_0.meeting_id=?
2026-05-22T19:00:54.910+02:00 DEBUG 24844 --- [demo] [io-8080-exec-10] o.s.w.s.m.m.a.HttpEntityMethodProcessor  : Using 'application/json', given [application/json, text/plain, */*] and supported [application/json, application/*+json]
2026-05-22T19:00:54.910+02:00 DEBUG 24844 --- [demo] [io-8080-exec-10] o.s.w.s.m.m.a.HttpEntityMethodProcessor  : Writing [MeetingResponse(id=1002, objective=Suivre les actions ouvertes, type=Follow-up, description=Point de (truncated)...]
2026-05-22T19:00:54.911+02:00 DEBUG 24844 --- [demo] [io-8080-exec-10] o.s.web.servlet.DispatcherServlet        : Completed 200 OK

C:\Users\provincesettat\Desktop\les reunions\new-v\demo>if 1073807364 EQU 0 goto mainEnd 

C:\Users\provincesettat\Desktop\les reunions\new-v\demo>rem Set variable GRADLE_EXIT_CONSOLE if you need the _script_ return code instead of 

C:\Users\provincesettat\Desktop\les reunions\new-v\demo>rem the _cmd.exe /c_ return code! 

C:\Users\provincesettat\Desktop\les reunions\new-v\demo>set EXIT_CODE=1073807364 

C:\Users\provincesettat\Desktop\les reunions\new-v\demo>if 1073807364 EQU 0 set EXIT_CODE=1 

C:\Users\provincesettat\Desktop\les reunions\new-v\demo>if not "" == "" exit 1073807364 

C:\Users\provincesettat\Desktop\les reunions\new-v\demo>exit /b 1073807364 
