
  .   ____          _            __ _ _
 /\\ / ___'_ __ _ _(_)_ __  __ _ \ \ \ \
( ( )\___ | '_ | '_| | '_ \/ _` | \ \ \ \
 \\/  ___)| |_)| | | | | || (_| |  ) ) ) )
  '  |____| .__|_| |_|_| |_\__, | / / / /
 =========|_|==============|___/=/_/_/_/

 :: Spring Boot ::                (v3.3.7)

2026-06-01T16:38:44.214+02:00  INFO 21776 --- [demo] [           main] com.example.demo.DemoApplication         : Starting DemoApplication v0.0.1-SNAPSHOT using Java 17.0.12 with PID 21776 (C:\Users\provincesettat\Desktop\les reunions\new-v\demo\build\libs\demo-0.0.1-SNAPSHOT.jar started by provincesettat in C:\Users\provincesettat\Desktop\les reunions\new-v\demo)
2026-06-01T16:38:44.218+02:00  INFO 21776 --- [demo] [           main] com.example.demo.DemoApplication         : No active profile set, falling back to 1 default profile: "default"
2026-06-01T16:38:44.219+02:00 DEBUG 21776 --- [demo] [           main] o.s.boot.SpringApplication               : Loading source class com.example.demo.DemoApplication
2026-06-01T16:38:44.265+02:00 DEBUG 21776 --- [demo] [           main] ConfigServletWebServerApplicationContext : Refreshing org.springframework.boot.web.servlet.context.AnnotationConfigServletWebServerApplicationContext@404bbcbd
2026-06-01T16:38:45.327+02:00  INFO 21776 --- [demo] [           main] .s.d.r.c.RepositoryConfigurationDelegate : Bootstrapping Spring Data JPA repositories in DEFAULT mode.
2026-06-01T16:38:45.343+02:00 DEBUG 21776 --- [demo] [           main] o.s.b.a.AutoConfigurationPackages        : @EnableAutoConfiguration was declared on a class in the package 'com.example.demo'. Automatic @Repository and @Entity scanning is enabled.
2026-06-01T16:38:45.395+02:00  INFO 21776 --- [demo] [           main] .s.d.r.c.RepositoryConfigurationDelegate : Finished Spring Data repository scanning in 59 ms. Found 10 JPA repository interfaces.
2026-06-01T16:38:46.254+02:00 DEBUG 21776 --- [demo] [           main] .s.b.w.e.t.TomcatServletWebServerFactory : Code archive: C:\Users\provincesettat\Desktop\les reunions\new-v\demo\build\libs\demo-0.0.1-SNAPSHOT.jar
2026-06-01T16:38:46.257+02:00 DEBUG 21776 --- [demo] [           main] .s.b.w.e.t.TomcatServletWebServerFactory : Code archive: C:\Users\provincesettat\Desktop\les reunions\new-v\demo\build\libs\demo-0.0.1-SNAPSHOT.jar
2026-06-01T16:38:46.259+02:00 DEBUG 21776 --- [demo] [           main] .s.b.w.e.t.TomcatServletWebServerFactory : None of the document roots [src/main/webapp, public, static] point to a directory and will be ignored.
2026-06-01T16:38:46.342+02:00  INFO 21776 --- [demo] [           main] o.s.b.w.embedded.tomcat.TomcatWebServer  : Tomcat initialized with port 8080 (http)
2026-06-01T16:38:46.371+02:00  INFO 21776 --- [demo] [           main] o.apache.catalina.core.StandardService   : Starting service [Tomcat]
2026-06-01T16:38:46.372+02:00  INFO 21776 --- [demo] [           main] o.apache.catalina.core.StandardEngine    : Starting Servlet engine: [Apache Tomcat/10.1.34]
2026-06-01T16:38:46.479+02:00  INFO 21776 --- [demo] [           main] o.a.c.c.C.[Tomcat].[localhost].[/]       : Initializing Spring embedded WebApplicationContext
2026-06-01T16:38:46.484+02:00 DEBUG 21776 --- [demo] [           main] w.s.c.ServletWebServerApplicationContext : Published root WebApplicationContext as ServletContext attribute with name [org.springframework.web.context.WebApplicationContext.ROOT]
2026-06-01T16:38:46.486+02:00  INFO 21776 --- [demo] [           main] w.s.c.ServletWebServerApplicationContext : Root WebApplicationContext: initialization completed in 2219 ms
2026-06-01T16:38:46.824+02:00  INFO 21776 --- [demo] [           main] o.hibernate.jpa.internal.util.LogHelper  : HHH000204: Processing PersistenceUnitInfo [name: default]
2026-06-01T16:38:47.020+02:00  INFO 21776 --- [demo] [           main] org.hibernate.Version                    : HHH000412: Hibernate ORM core version 6.5.3.Final
2026-06-01T16:38:47.094+02:00  INFO 21776 --- [demo] [           main] o.h.c.internal.RegionFactoryInitiator    : HHH000026: Second-level cache disabled
2026-06-01T16:38:47.563+02:00  INFO 21776 --- [demo] [           main] o.s.o.j.p.SpringPersistenceUnitInfo      : No LoadTimeWeaver setup: ignoring JPA class transformer
2026-06-01T16:38:47.614+02:00  INFO 21776 --- [demo] [           main] com.zaxxer.hikari.HikariDataSource       : HikariPool-1 - Starting...
2026-06-01T16:38:47.858+02:00  INFO 21776 --- [demo] [           main] com.zaxxer.hikari.pool.HikariPool        : HikariPool-1 - Added connection com.mysql.cj.jdbc.ConnectionImpl@29699283
2026-06-01T16:38:47.862+02:00  INFO 21776 --- [demo] [           main] com.zaxxer.hikari.HikariDataSource       : HikariPool-1 - Start completed.
2026-06-01T16:38:47.908+02:00  WARN 21776 --- [demo] [           main] org.hibernate.orm.deprecation            : HHH90000025: MySQLDialect does not need to be specified explicitly using 'hibernate.dialect' (remove the property setting and it will be selected by default)
2026-06-01T16:38:48.945+02:00  INFO 21776 --- [demo] [           main] o.h.e.t.j.p.i.JtaPlatformInitiator       : HHH000489: No JTA platform available (set 'hibernate.transaction.jta.platform' to enable JTA platform integration)
2026-06-01T16:38:48.981+02:00 DEBUG 21776 --- [demo] [           main] org.hibernate.SQL                        : alter table audiences modify column description TEXT
Hibernate: alter table audiences modify column description TEXT
2026-06-01T16:38:48.993+02:00 DEBUG 21776 --- [demo] [           main] org.hibernate.SQL                        : alter table historique modify column description TEXT
Hibernate: alter table historique modify column description TEXT
2026-06-01T16:38:49.001+02:00 DEBUG 21776 --- [demo] [           main] org.hibernate.SQL                        : alter table historique modify column discussion TEXT
Hibernate: alter table historique modify column discussion TEXT
2026-06-01T16:38:49.010+02:00 DEBUG 21776 --- [demo] [           main] org.hibernate.SQL                        : alter table historique modify column recommendation TEXT
Hibernate: alter table historique modify column recommendation TEXT
2026-06-01T16:38:49.017+02:00 DEBUG 21776 --- [demo] [           main] org.hibernate.SQL                        : alter table meetings modify column description TEXT
Hibernate: alter table meetings modify column description TEXT
2026-06-01T16:38:49.030+02:00 DEBUG 21776 --- [demo] [           main] org.hibernate.SQL                        : alter table meetings modify column discussion TEXT
Hibernate: alter table meetings modify column discussion TEXT
2026-06-01T16:38:49.045+02:00 DEBUG 21776 --- [demo] [           main] org.hibernate.SQL                        : alter table meetings modify column recommendation TEXT
Hibernate: alter table meetings modify column recommendation TEXT
2026-06-01T16:38:49.115+02:00  INFO 21776 --- [demo] [           main] j.LocalContainerEntityManagerFactoryBean : Initialized JPA EntityManagerFactory for persistence unit 'default'
2026-06-01T16:38:49.440+02:00 DEBUG 21776 --- [demo] [           main] o.s.b.w.s.ServletContextInitializerBeans : Mapping filters: springSecurityFilterChain urls=[/*] order=-100, characterEncodingFilter urls=[/*] order=-2147483648, formContentFilter urls=[/*] order=-9900, requestContextFilter urls=[/*] order=-105, jwtAuthenticationFilter urls=[/*] order=2147483647
2026-06-01T16:38:49.443+02:00 DEBUG 21776 --- [demo] [           main] o.s.b.w.s.ServletContextInitializerBeans : Mapping servlets: dispatcherServlet urls=[/]
2026-06-01T16:38:49.487+02:00 DEBUG 21776 --- [demo] [           main] o.s.b.w.s.f.OrderedRequestContextFilter  : Filter 'requestContextFilter' configured for use
2026-06-01T16:38:49.493+02:00 DEBUG 21776 --- [demo] [           main] s.b.w.s.f.OrderedCharacterEncodingFilter : Filter 'characterEncodingFilter' configured for use
2026-06-01T16:38:49.493+02:00 DEBUG 21776 --- [demo] [           main] .DelegatingFilterProxyRegistrationBean$1 : Filter 'springSecurityFilterChain' configured for use
2026-06-01T16:38:49.494+02:00 DEBUG 21776 --- [demo] [           main] o.s.b.w.s.f.OrderedFormContentFilter     : Filter 'formContentFilter' configured for use
2026-06-01T16:38:49.642+02:00  INFO 21776 --- [demo] [           main] eAuthenticationProviderManagerConfigurer : Global AuthenticationManager configured with AuthenticationProvider bean with name authenticationProvider
2026-06-01T16:38:49.644+02:00  WARN 21776 --- [demo] [           main] r$InitializeUserDetailsManagerConfigurer : Global AuthenticationManager configured with an AuthenticationProvider bean. UserDetailsService beans will not be used for username/password login. Consider removing the AuthenticationProvider bean. Alternatively, consider using the UserDetailsService in a manually instantiated DaoAuthenticationProvider.
2026-06-01T16:38:49.791+02:00  INFO 21776 --- [demo] [           main] o.s.d.j.r.query.QueryEnhancerFactory     : Hibernate is in classpath; If applicable, HQL parser will be used.
2026-06-01T16:38:50.620+02:00  WARN 21776 --- [demo] [           main] JpaBaseConfiguration$JpaWebConfiguration : spring.jpa.open-in-view is enabled by default. Therefore, database queries may be performed during view rendering. Explicitly configure spring.jpa.open-in-view to disable this warning
2026-06-01T16:38:50.803+02:00 DEBUG 21776 --- [demo] [           main] s.w.s.m.m.a.RequestMappingHandlerMapping : 51 mappings in 'requestMappingHandlerMapping'
2026-06-01T16:38:51.029+02:00 DEBUG 21776 --- [demo] [           main] o.s.w.s.handler.SimpleUrlHandlerMapping  : Patterns [/webjars/**, /**, /uploads/**, /swagger-ui*/*swagger-initializer.js, /swagger-ui*/**] in 'resourceHandlerMapping'
2026-06-01T16:38:51.221+02:00 DEBUG 21776 --- [demo] [           main] s.w.s.m.m.a.RequestMappingHandlerAdapter : ControllerAdvice beans: 0 @ModelAttribute, 0 @InitBinder, 1 RequestBodyAdvice, 1 ResponseBodyAdvice
2026-06-01T16:38:51.294+02:00 DEBUG 21776 --- [demo] [           main] .m.m.a.ExceptionHandlerExceptionResolver : ControllerAdvice beans: 2 @ExceptionHandler, 1 ResponseBodyAdvice
2026-06-01T16:38:51.529+02:00  INFO 21776 --- [demo] [           main] o.s.b.w.embedded.tomcat.TomcatWebServer  : Tomcat started on port 8080 (http) with context path '/'
2026-06-01T16:38:51.542+02:00 DEBUG 21776 --- [demo] [           main] .s.b.a.l.ConditionEvaluationReportLogger : 


============================
CONDITIONS EVALUATION REPORT
============================


Positive matches:
-----------------

   AopAutoConfiguration matched:
      - @ConditionalOnProperty (spring.aop.auto=true) matched (OnPropertyCondition)

   AopAutoConfiguration.AspectJAutoProxyingConfiguration matched:
      - @ConditionalOnClass found required class 'org.aspectj.weaver.Advice' (OnClassCondition)

   AopAutoConfiguration.AspectJAutoProxyingConfiguration.CglibAutoProxyConfiguration matched:
      - @ConditionalOnProperty (spring.aop.proxy-target-class=true) matched (OnPropertyCondition)

   ApplicationAvailabilityAutoConfiguration#applicationAvailability matched:
      - @ConditionalOnMissingBean (types: org.springframework.boot.availability.ApplicationAvailability; SearchStrategy: all) did not find any beans (OnBeanCondition)

   DataSourceAutoConfiguration matched:
      - @ConditionalOnClass found required classes 'javax.sql.DataSource', 'org.springframework.jdbc.datasource.embedded.EmbeddedDatabaseType' (OnClassCondition)
      - @ConditionalOnMissingBean (types: io.r2dbc.spi.ConnectionFactory; SearchStrategy: all) did not find any beans (OnBeanCondition)

   DataSourceAutoConfiguration.PooledDataSourceConfiguration matched:
      - AnyNestedCondition 1 matched 1 did not; NestedCondition on DataSourceAutoConfiguration.PooledDataSourceCondition.PooledDataSourceAvailable PooledDataSource found supported DataSource; NestedCondition on DataSourceAutoConfiguration.PooledDataSourceCondition.ExplicitType @ConditionalOnProperty (spring.datasource.type) did not find property 'type' (DataSourceAutoConfiguration.PooledDataSourceCondition)
      - @ConditionalOnMissingBean (types: javax.sql.DataSource,javax.sql.XADataSource; SearchStrategy: all) did not find any beans (OnBeanCondition)

   DataSourceAutoConfiguration.PooledDataSourceConfiguration#jdbcConnectionDetails matched:
      - @ConditionalOnMissingBean (types: org.springframework.boot.autoconfigure.jdbc.JdbcConnectionDetails; SearchStrategy: all) did not find any beans (OnBeanCondition)

   DataSourceConfiguration.Hikari matched:
      - @ConditionalOnClass found required class 'com.zaxxer.hikari.HikariDataSource' (OnClassCondition)
      - @ConditionalOnProperty (spring.datasource.type=com.zaxxer.hikari.HikariDataSource) matched (OnPropertyCondition)
      - @ConditionalOnMissingBean (types: javax.sql.DataSource; SearchStrategy: all) did not find any beans (OnBeanCondition)

   DataSourceInitializationConfiguration matched:
      - @ConditionalOnClass found required class 'org.springframework.jdbc.datasource.init.DatabasePopulator' (OnClassCondition)
      - @ConditionalOnSingleCandidate (types: javax.sql.DataSource; SearchStrategy: all) found a single bean 'dataSource'; @ConditionalOnMissingBean (types: org.springframework.boot.autoconfigure.sql.init.SqlDataSourceScriptDatabaseInitializer,org.springframework.boot.autoconfigure.sql.init.SqlR2dbcScriptDatabaseInitializer; SearchStrategy: all) did not find any beans (OnBeanCondition)

   DataSourceJmxConfiguration matched:
      - @ConditionalOnProperty (spring.jmx.enabled=true) matched (OnPropertyCondition)

   DataSourceJmxConfiguration.Hikari matched:
      - @ConditionalOnClass found required class 'com.zaxxer.hikari.HikariDataSource' (OnClassCondition)
      - @ConditionalOnSingleCandidate (types: javax.sql.DataSource; SearchStrategy: all) found a single bean 'dataSource' (OnBeanCondition)

   DataSourcePoolMetadataProvidersConfiguration.HikariPoolDataSourceMetadataProviderConfiguration matched:
      - @ConditionalOnClass found required class 'com.zaxxer.hikari.HikariDataSource' (OnClassCondition)

   DataSourceTransactionManagerAutoConfiguration matched:
      - @ConditionalOnClass found required classes 'javax.sql.DataSource', 'org.springframework.jdbc.core.JdbcTemplate', 'org.springframework.transaction.TransactionManager' (OnClassCondition)

   DataSourceTransactionManagerAutoConfiguration.JdbcTransactionManagerConfiguration matched:
      - @ConditionalOnSingleCandidate (types: javax.sql.DataSource; SearchStrategy: all) found a single bean 'dataSource' (OnBeanCondition)

   DispatcherServletAutoConfiguration matched:
      - @ConditionalOnClass found required class 'org.springframework.web.servlet.DispatcherServlet' (OnClassCondition)
      - found 'session' scope (OnWebApplicationCondition)

   DispatcherServletAutoConfiguration.DispatcherServletConfiguration matched:
      - @ConditionalOnClass found required class 'jakarta.servlet.ServletRegistration' (OnClassCondition)
      - Default DispatcherServlet did not find dispatcher servlet beans (DispatcherServletAutoConfiguration.DefaultDispatcherServletCondition)

   DispatcherServletAutoConfiguration.DispatcherServletRegistrationConfiguration matched:
      - @ConditionalOnClass found required class 'jakarta.servlet.ServletRegistration' (OnClassCondition)
      - DispatcherServlet Registration did not find servlet registration bean (DispatcherServletAutoConfiguration.DispatcherServletRegistrationCondition)

   DispatcherServletAutoConfiguration.DispatcherServletRegistrationConfiguration#dispatcherServletRegistration matched:
      - @ConditionalOnBean (names: dispatcherServlet types: org.springframework.web.servlet.DispatcherServlet; SearchStrategy: all) found bean 'dispatcherServlet' (OnBeanCondition)

   EmbeddedWebServerFactoryCustomizerAutoConfiguration matched:
      - @ConditionalOnWebApplication (required) found 'session' scope (OnWebApplicationCondition)
      - @ConditionalOnWarDeployment the application is not deployed as a WAR file. (OnWarDeploymentCondition)

   EmbeddedWebServerFactoryCustomizerAutoConfiguration.TomcatWebServerFactoryCustomizerConfiguration matched:
      - @ConditionalOnClass found required classes 'org.apache.catalina.startup.Tomcat', 'org.apache.coyote.UpgradeProtocol' (OnClassCondition)

   ErrorMvcAutoConfiguration matched:
      - @ConditionalOnClass found required classes 'jakarta.servlet.Servlet', 'org.springframework.web.servlet.DispatcherServlet' (OnClassCondition)
      - found 'session' scope (OnWebApplicationCondition)

   ErrorMvcAutoConfiguration#basicErrorController matched:
      - @ConditionalOnMissingBean (types: org.springframework.boot.web.servlet.error.ErrorController; SearchStrategy: current) did not find any beans (OnBeanCondition)

   ErrorMvcAutoConfiguration#errorAttributes matched:
      - @ConditionalOnMissingBean (types: org.springframework.boot.web.servlet.error.ErrorAttributes; SearchStrategy: current) did not find any beans (OnBeanCondition)

   ErrorMvcAutoConfiguration.DefaultErrorViewResolverConfiguration#conventionErrorViewResolver matched:
      - @ConditionalOnBean (types: org.springframework.web.servlet.DispatcherServlet; SearchStrategy: all) found bean 'dispatcherServlet'; @ConditionalOnMissingBean (types: org.springframework.boot.autoconfigure.web.servlet.error.ErrorViewResolver; SearchStrategy: all) did not find any beans (OnBeanCondition)

   ErrorMvcAutoConfiguration.WhitelabelErrorViewConfiguration matched:
      - @ConditionalOnProperty (server.error.whitelabel.enabled) matched (OnPropertyCondition)
      - ErrorTemplate Missing did not find error template view (ErrorMvcAutoConfiguration.ErrorTemplateMissingCondition)

   ErrorMvcAutoConfiguration.WhitelabelErrorViewConfiguration#beanNameViewResolver matched:
      - @ConditionalOnMissingBean (types: org.springframework.web.servlet.view.BeanNameViewResolver; SearchStrategy: all) did not find any beans (OnBeanCondition)

   ErrorMvcAutoConfiguration.WhitelabelErrorViewConfiguration#defaultErrorView matched:
      - @ConditionalOnMissingBean (names: error; SearchStrategy: all) did not find any beans (OnBeanCondition)

   GenericCacheConfiguration matched:
      - Cache org.springframework.boot.autoconfigure.cache.GenericCacheConfiguration automatic cache type (CacheCondition)

   HibernateJpaAutoConfiguration matched:
      - @ConditionalOnClass found required classes 'org.springframework.orm.jpa.LocalContainerEntityManagerFactoryBean', 'jakarta.persistence.EntityManager', 'org.hibernate.engine.spi.SessionImplementor' (OnClassCondition)

   HibernateJpaConfiguration matched:
      - @ConditionalOnSingleCandidate (types: javax.sql.DataSource; SearchStrategy: all) found a single bean 'dataSource' (OnBeanCondition)

   HttpEncodingAutoConfiguration matched:
      - @ConditionalOnClass found required class 'org.springframework.web.filter.CharacterEncodingFilter' (OnClassCondition)
      - found 'session' scope (OnWebApplicationCondition)
      - @ConditionalOnProperty (server.servlet.encoding.enabled) matched (OnPropertyCondition)

   HttpEncodingAutoConfiguration#characterEncodingFilter matched:
      - @ConditionalOnMissingBean (types: org.springframework.web.filter.CharacterEncodingFilter; SearchStrategy: all) did not find any beans (OnBeanCondition)

   HttpMessageConvertersAutoConfiguration matched:
      - @ConditionalOnClass found required class 'org.springframework.http.converter.HttpMessageConverter' (OnClassCondition)
      - NoneNestedConditions 0 matched 1 did not; NestedCondition on HttpMessageConvertersAutoConfiguration.NotReactiveWebApplicationCondition.ReactiveWebApplication did not find reactive web application classes (HttpMessageConvertersAutoConfiguration.NotReactiveWebApplicationCondition)

   HttpMessageConvertersAutoConfiguration#messageConverters matched:
      - @ConditionalOnMissingBean (types: org.springframework.boot.autoconfigure.http.HttpMessageConverters; SearchStrategy: all) did not find any beans (OnBeanCondition)

   HttpMessageConvertersAutoConfiguration.StringHttpMessageConverterConfiguration matched:
      - @ConditionalOnClass found required class 'org.springframework.http.converter.StringHttpMessageConverter' (OnClassCondition)

   HttpMessageConvertersAutoConfiguration.StringHttpMessageConverterConfiguration#stringHttpMessageConverter matched:
      - @ConditionalOnMissingBean (types: org.springframework.http.converter.StringHttpMessageConverter; SearchStrategy: all) did not find any beans (OnBeanCondition)

   JacksonAutoConfiguration matched:
      - @ConditionalOnClass found required class 'com.fasterxml.jackson.databind.ObjectMapper' (OnClassCondition)

   JacksonAutoConfiguration.Jackson2ObjectMapperBuilderCustomizerConfiguration matched:
      - @ConditionalOnClass found required class 'org.springframework.http.converter.json.Jackson2ObjectMapperBuilder' (OnClassCondition)

   JacksonAutoConfiguration.JacksonObjectMapperBuilderConfiguration matched:
      - @ConditionalOnClass found required class 'org.springframework.http.converter.json.Jackson2ObjectMapperBuilder' (OnClassCondition)

   JacksonAutoConfiguration.JacksonObjectMapperBuilderConfiguration#jacksonObjectMapperBuilder matched:
      - @ConditionalOnMissingBean (types: org.springframework.http.converter.json.Jackson2ObjectMapperBuilder; SearchStrategy: all) did not find any beans (OnBeanCondition)

   JacksonAutoConfiguration.JacksonObjectMapperConfiguration matched:
      - @ConditionalOnClass found required class 'org.springframework.http.converter.json.Jackson2ObjectMapperBuilder' (OnClassCondition)

   JacksonAutoConfiguration.JacksonObjectMapperConfiguration#jacksonObjectMapper matched:
      - @ConditionalOnMissingBean (types: com.fasterxml.jackson.databind.ObjectMapper; SearchStrategy: all) did not find any beans (OnBeanCondition)

   JacksonAutoConfiguration.ParameterNamesModuleConfiguration matched:
      - @ConditionalOnClass found required class 'com.fasterxml.jackson.module.paramnames.ParameterNamesModule' (OnClassCondition)

   JacksonAutoConfiguration.ParameterNamesModuleConfiguration#parameterNamesModule matched:
      - @ConditionalOnMissingBean (types: com.fasterxml.jackson.module.paramnames.ParameterNamesModule; SearchStrategy: all) did not find any beans (OnBeanCondition)

   JacksonHttpMessageConvertersConfiguration.MappingJackson2HttpMessageConverterConfiguration matched:
      - @ConditionalOnClass found required class 'com.fasterxml.jackson.databind.ObjectMapper' (OnClassCondition)
      - @ConditionalOnProperty (spring.mvc.converters.preferred-json-mapper=jackson) matched (OnPropertyCondition)
      - @ConditionalOnBean (types: com.fasterxml.jackson.databind.ObjectMapper; SearchStrategy: all) found bean 'jacksonObjectMapper' (OnBeanCondition)

   JacksonHttpMessageConvertersConfiguration.MappingJackson2HttpMessageConverterConfiguration#mappingJackson2HttpMessageConverter matched:
      - @ConditionalOnMissingBean (types: org.springframework.http.converter.json.MappingJackson2HttpMessageConverter ignored: org.springframework.hateoas.server.mvc.TypeConstrainedMappingJackson2HttpMessageConverter,org.springframework.data.rest.webmvc.alps.AlpsJsonHttpMessageConverter; SearchStrategy: all) did not find any beans (OnBeanCondition)

   JdbcClientAutoConfiguration matched:
      - @ConditionalOnSingleCandidate (types: org.springframework.jdbc.core.namedparam.NamedParameterJdbcTemplate; SearchStrategy: all) found a single bean 'namedParameterJdbcTemplate'; @ConditionalOnMissingBean (types: org.springframework.jdbc.core.simple.JdbcClient; SearchStrategy: all) did not find any beans (OnBeanCondition)

   JdbcTemplateAutoConfiguration matched:
      - @ConditionalOnClass found required classes 'javax.sql.DataSource', 'org.springframework.jdbc.core.JdbcTemplate' (OnClassCondition)
      - @ConditionalOnSingleCandidate (types: javax.sql.DataSource; SearchStrategy: all) found a single bean 'dataSource' (OnBeanCondition)

   JdbcTemplateConfiguration matched:
      - @ConditionalOnMissingBean (types: org.springframework.jdbc.core.JdbcOperations; SearchStrategy: all) did not find any beans (OnBeanCondition)

   JpaBaseConfiguration#entityManagerFactory matched:
      - @ConditionalOnMissingBean (types: org.springframework.orm.jpa.LocalContainerEntityManagerFactoryBean,jakarta.persistence.EntityManagerFactory; SearchStrategy: all) did not find any beans (OnBeanCondition)

   JpaBaseConfiguration#entityManagerFactoryBuilder matched:
      - @ConditionalOnMissingBean (types: org.springframework.boot.orm.jpa.EntityManagerFactoryBuilder; SearchStrategy: all) did not find any beans (OnBeanCondition)

   JpaBaseConfiguration#jpaVendorAdapter matched:
      - @ConditionalOnMissingBean (types: org.springframework.orm.jpa.JpaVendorAdapter; SearchStrategy: all) did not find any beans (OnBeanCondition)

   JpaBaseConfiguration#transactionManager matched:
      - @ConditionalOnMissingBean (types: org.springframework.transaction.TransactionManager; SearchStrategy: all) did not find any beans (OnBeanCondition)

   JpaBaseConfiguration.JpaWebConfiguration matched:
      - @ConditionalOnClass found required class 'org.springframework.web.servlet.config.annotation.WebMvcConfigurer' (OnClassCondition)
      - found 'session' scope (OnWebApplicationCondition)
      - @ConditionalOnProperty (spring.jpa.open-in-view=true) matched (OnPropertyCondition)
      - @ConditionalOnMissingBean (types: org.springframework.orm.jpa.support.OpenEntityManagerInViewInterceptor,org.springframework.orm.jpa.support.OpenEntityManagerInViewFilter; SearchStrategy: all) did not find any beans (OnBeanCondition)

   JpaBaseConfiguration.PersistenceManagedTypesConfiguration matched:
      - @ConditionalOnMissingBean (types: org.springframework.orm.jpa.LocalContainerEntityManagerFactoryBean,jakarta.persistence.EntityManagerFactory; SearchStrategy: all) did not find any beans (OnBeanCondition)

   JpaBaseConfiguration.PersistenceManagedTypesConfiguration#persistenceManagedTypes matched:
      - @ConditionalOnMissingBean (types: org.springframework.orm.jpa.persistenceunit.PersistenceManagedTypes; SearchStrategy: all) did not find any beans (OnBeanCondition)

   JpaRepositoriesAutoConfiguration matched:
      - @ConditionalOnClass found required class 'org.springframework.data.jpa.repository.JpaRepository' (OnClassCondition)
      - @ConditionalOnProperty (spring.data.jpa.repositories.enabled=true) matched (OnPropertyCondition)
      - @ConditionalOnBean (types: javax.sql.DataSource; SearchStrategy: all) found bean 'dataSource'; @ConditionalOnMissingBean (types: org.springframework.data.jpa.repository.support.JpaRepositoryFactoryBean,org.springframework.data.jpa.repository.config.JpaRepositoryConfigExtension; SearchStrategy: all) did not find any beans (OnBeanCondition)

   JtaAutoConfiguration matched:
      - @ConditionalOnClass found required class 'jakarta.transaction.Transaction' (OnClassCondition)
      - @ConditionalOnProperty (spring.jta.enabled) matched (OnPropertyCondition)

   LifecycleAutoConfiguration#defaultLifecycleProcessor matched:
      - @ConditionalOnMissingBean (names: lifecycleProcessor; SearchStrategy: current) did not find any beans (OnBeanCondition)

   MultipartAutoConfiguration matched:
      - @ConditionalOnClass found required classes 'jakarta.servlet.Servlet', 'org.springframework.web.multipart.support.StandardServletMultipartResolver', 'jakarta.servlet.MultipartConfigElement' (OnClassCondition)
      - found 'session' scope (OnWebApplicationCondition)
      - @ConditionalOnProperty (spring.servlet.multipart.enabled) matched (OnPropertyCondition)

   MultipartAutoConfiguration#multipartConfigElement matched:
      - @ConditionalOnMissingBean (types: jakarta.servlet.MultipartConfigElement; SearchStrategy: all) did not find any beans (OnBeanCondition)

   MultipartAutoConfiguration#multipartResolver matched:
      - @ConditionalOnMissingBean (types: org.springframework.web.multipart.MultipartResolver; SearchStrategy: all) did not find any beans (OnBeanCondition)

   NamedParameterJdbcTemplateConfiguration matched:
      - @ConditionalOnSingleCandidate (types: org.springframework.jdbc.core.JdbcTemplate; SearchStrategy: all) found a single bean 'jdbcTemplate'; @ConditionalOnMissingBean (types: org.springframework.jdbc.core.namedparam.NamedParameterJdbcOperations; SearchStrategy: all) did not find any beans (OnBeanCondition)

   NoOpCacheConfiguration matched:
      - Cache org.springframework.boot.autoconfigure.cache.NoOpCacheConfiguration automatic cache type (CacheCondition)

   PersistenceExceptionTranslationAutoConfiguration matched:
      - @ConditionalOnClass found required class 'org.springframework.dao.annotation.PersistenceExceptionTranslationPostProcessor' (OnClassCondition)

   PersistenceExceptionTranslationAutoConfiguration#persistenceExceptionTranslationPostProcessor matched:
      - @ConditionalOnProperty (spring.dao.exceptiontranslation.enabled) matched (OnPropertyCondition)
      - @ConditionalOnMissingBean (types: org.springframework.dao.annotation.PersistenceExceptionTranslationPostProcessor; SearchStrategy: all) did not find any beans (OnBeanCondition)

   PropertyPlaceholderAutoConfiguration#propertySourcesPlaceholderConfigurer matched:
      - @ConditionalOnMissingBean (types: org.springframework.context.support.PropertySourcesPlaceholderConfigurer; SearchStrategy: current) did not find any beans (OnBeanCondition)

   RestClientAutoConfiguration matched:
      - @ConditionalOnClass found required class 'org.springframework.web.client.RestClient' (OnClassCondition)
      - NoneNestedConditions 0 matched 1 did not; NestedCondition on NotReactiveWebApplicationCondition.ReactiveWebApplication did not find reactive web application classes (NotReactiveWebApplicationCondition)

   RestClientAutoConfiguration#httpMessageConvertersRestClientCustomizer matched:
      - @ConditionalOnMissingBean (types: org.springframework.boot.autoconfigure.web.client.HttpMessageConvertersRestClientCustomizer; SearchStrategy: all) did not find any beans (OnBeanCondition)

   RestClientAutoConfiguration#restClientBuilder matched:
      - @ConditionalOnMissingBean (types: org.springframework.web.client.RestClient$Builder; SearchStrategy: all) did not find any beans (OnBeanCondition)

   RestClientAutoConfiguration#restClientBuilderConfigurer matched:
      - @ConditionalOnMissingBean (types: org.springframework.boot.autoconfigure.web.client.RestClientBuilderConfigurer; SearchStrategy: all) did not find any beans (OnBeanCondition)

   RestClientAutoConfiguration#restClientSsl matched:
      - @ConditionalOnBean (types: org.springframework.boot.ssl.SslBundles; SearchStrategy: all) found bean 'sslBundleRegistry'; @ConditionalOnMissingBean (types: org.springframework.boot.autoconfigure.web.client.RestClientSsl; SearchStrategy: all) did not find any beans (OnBeanCondition)

   RestTemplateAutoConfiguration matched:
      - @ConditionalOnClass found required class 'org.springframework.web.client.RestTemplate' (OnClassCondition)
      - NoneNestedConditions 0 matched 1 did not; NestedCondition on NotReactiveWebApplicationCondition.ReactiveWebApplication did not find reactive web application classes (NotReactiveWebApplicationCondition)

   RestTemplateAutoConfiguration#restTemplateBuilder matched:
      - @ConditionalOnMissingBean (types: org.springframework.boot.web.client.RestTemplateBuilder; SearchStrategy: all) did not find any beans (OnBeanCondition)

   SecurityAutoConfiguration matched:
      - @ConditionalOnClass found required class 'org.springframework.security.authentication.DefaultAuthenticationEventPublisher' (OnClassCondition)

   SecurityAutoConfiguration#authenticationEventPublisher matched:
      - @ConditionalOnMissingBean (types: org.springframework.security.authentication.AuthenticationEventPublisher; SearchStrategy: all) did not find any beans (OnBeanCondition)

   SecurityFilterAutoConfiguration matched:
      - @ConditionalOnClass found required classes 'org.springframework.security.web.context.AbstractSecurityWebApplicationInitializer', 'org.springframework.security.config.http.SessionCreationPolicy' (OnClassCondition)
      - found 'session' scope (OnWebApplicationCondition)

   SecurityFilterAutoConfiguration#securityFilterChainRegistration matched:
      - @ConditionalOnBean (names: springSecurityFilterChain; SearchStrategy: all) found bean 'springSecurityFilterChain' (OnBeanCondition)

   ServletWebServerFactoryAutoConfiguration matched:
      - @ConditionalOnClass found required class 'jakarta.servlet.ServletRequest' (OnClassCondition)
      - found 'session' scope (OnWebApplicationCondition)

   ServletWebServerFactoryAutoConfiguration#tomcatServletWebServerFactoryCustomizer matched:
      - @ConditionalOnClass found required class 'org.apache.catalina.startup.Tomcat' (OnClassCondition)

   ServletWebServerFactoryConfiguration.EmbeddedTomcat matched:
      - @ConditionalOnClass found required classes 'jakarta.servlet.Servlet', 'org.apache.catalina.startup.Tomcat', 'org.apache.coyote.UpgradeProtocol' (OnClassCondition)
      - @ConditionalOnMissingBean (types: org.springframework.boot.web.servlet.server.ServletWebServerFactory; SearchStrategy: current) did not find any beans (OnBeanCondition)

   SimpleCacheConfiguration matched:
      - Cache org.springframework.boot.autoconfigure.cache.SimpleCacheConfiguration automatic cache type (CacheCondition)

   SpringBootWebSecurityConfiguration matched:
      - found 'session' scope (OnWebApplicationCondition)

   SpringDataWebAutoConfiguration matched:
      - @ConditionalOnClass found required classes 'org.springframework.data.web.PageableHandlerMethodArgumentResolver', 'org.springframework.web.servlet.config.annotation.WebMvcConfigurer' (OnClassCondition)
      - found 'session' scope (OnWebApplicationCondition)
      - @ConditionalOnMissingBean (types: org.springframework.data.web.PageableHandlerMethodArgumentResolver; SearchStrategy: all) did not find any beans (OnBeanCondition)

   SpringDataWebAutoConfiguration#pageableCustomizer matched:
      - @ConditionalOnMissingBean (types: org.springframework.data.web.config.PageableHandlerMethodArgumentResolverCustomizer; SearchStrategy: all) did not find any beans (OnBeanCondition)

   SpringDataWebAutoConfiguration#sortCustomizer matched:
      - @ConditionalOnMissingBean (types: org.springframework.data.web.config.SortHandlerMethodArgumentResolverCustomizer; SearchStrategy: all) did not find any beans (OnBeanCondition)

   SpringDocConfigProperties matched:
      - @ConditionalOnProperty (springdoc.api-docs.enabled) matched (OnPropertyCondition)
      - @ConditionalOnBean (types: org.springdoc.core.configuration.SpringDocConfiguration; SearchStrategy: all) found bean 'org.springdoc.core.configuration.SpringDocConfiguration' (OnBeanCondition)

   SpringDocConfiguration matched:
      - @ConditionalOnWebApplication (required) found 'session' scope (OnWebApplicationCondition)
      - @ConditionalOnProperty (springdoc.api-docs.enabled) matched (OnPropertyCondition)

   SpringDocConfiguration#fileSupportConverter matched:
      - @ConditionalOnMissingBean (types: org.springdoc.core.converters.FileSupportConverter; SearchStrategy: all) did not find any beans (OnBeanCondition)

   SpringDocConfiguration#openAPIBuilder matched:
      - @ConditionalOnMissingBean (types: org.springdoc.core.service.OpenAPIService; SearchStrategy: all) did not find any beans (OnBeanCondition)

   SpringDocConfiguration#operationBuilder matched:
      - @ConditionalOnMissingBean (types: org.springdoc.core.service.OperationService; SearchStrategy: all) did not find any beans (OnBeanCondition)

   SpringDocConfiguration#parameterBuilder matched:
      - @ConditionalOnMissingBean (types: org.springdoc.core.service.GenericParameterService; SearchStrategy: all) did not find any beans (OnBeanCondition)

   SpringDocConfiguration#polymorphicModelConverter matched:
      - @ConditionalOnProperty (springdoc.model-converters.polymorphic-converter.enabled) matched (OnPropertyCondition)
      - @ConditionalOnMissingBean (types: org.springdoc.core.converters.PolymorphicModelConverter; SearchStrategy: all) did not find any beans (OnBeanCondition)

   SpringDocConfiguration#requestBodyBuilder matched:
      - @ConditionalOnMissingBean (types: org.springdoc.core.service.RequestBodyService; SearchStrategy: all) did not find any beans (OnBeanCondition)

   SpringDocConfiguration#responseSupportConverter matched:
      - @ConditionalOnMissingBean (types: org.springdoc.core.converters.ResponseSupportConverter; SearchStrategy: all) did not find any beans (OnBeanCondition)

   SpringDocConfiguration#schemaPropertyDeprecatingConverter matched:
      - @ConditionalOnProperty (springdoc.model-converters.deprecating-converter.enabled) matched (OnPropertyCondition)
      - @ConditionalOnMissingBean (types: org.springdoc.core.converters.SchemaPropertyDeprecatingConverter; SearchStrategy: all) did not find any beans (OnBeanCondition)

   SpringDocConfiguration#securityParser matched:
      - @ConditionalOnMissingBean (types: org.springdoc.core.service.SecurityService; SearchStrategy: all) did not find any beans (OnBeanCondition)

   SpringDocConfiguration#springDocCustomizers matched:
      - @ConditionalOnMissingBean (types: org.springdoc.core.customizers.SpringDocCustomizers; SearchStrategy: all) did not find any beans (OnBeanCondition)

   SpringDocConfiguration#springDocProviders matched:
      - @ConditionalOnMissingBean (types: org.springdoc.core.providers.SpringDocProviders; SearchStrategy: all) did not find any beans (OnBeanCondition)

   SpringDocConfiguration#springdocObjectMapperProvider matched:
      - @ConditionalOnMissingBean (types: org.springdoc.core.providers.ObjectMapperProvider; SearchStrategy: all) did not find any beans (OnBeanCondition)

   SpringDocConfiguration.QuerydslProvider matched:
      - @ConditionalOnClass found required class 'org.springframework.data.querydsl.binding.QuerydslBindingsFactory' (OnClassCondition)

   SpringDocConfiguration.QuerydslProvider#queryDslQuerydslPredicateOperationCustomizer matched:
      - @ConditionalOnMissingBean (types: org.springdoc.core.customizers.QuerydslPredicateOperationCustomizer; SearchStrategy: all) did not find any beans (OnBeanCondition)

   SpringDocConfiguration.SpringDocSpringDataWebPropertiesProvider matched:
      - @ConditionalOnClass found required class 'org.springframework.boot.autoconfigure.data.web.SpringDataWebProperties' (OnClassCondition)

   SpringDocConfiguration.SpringDocSpringDataWebPropertiesProvider#springDataWebPropertiesProvider matched:
      - @ConditionalOnMissingBean (types: org.springdoc.core.providers.SpringDataWebPropertiesProvider; SearchStrategy: all) did not find any beans (OnBeanCondition)

   SpringDocConfiguration.WebConversionServiceConfiguration matched:
      - @ConditionalOnClass found required class 'org.springframework.boot.autoconfigure.web.format.WebConversionService' (OnClassCondition)

   SpringDocPageableConfiguration matched:
      - @ConditionalOnClass found required class 'org.springframework.data.domain.Pageable' (OnClassCondition)
      - @ConditionalOnWebApplication (required) found 'session' scope (OnWebApplicationCondition)
      - @ConditionalOnProperty (springdoc.api-docs.enabled) matched (OnPropertyCondition)
      - @ConditionalOnBean (types: org.springdoc.core.configuration.SpringDocConfiguration; SearchStrategy: all) found bean 'org.springdoc.core.configuration.SpringDocConfiguration' (OnBeanCondition)

   SpringDocPageableConfiguration#delegatingMethodParameterCustomizer matched:
      - @ConditionalOnMissingBean (types: org.springdoc.core.customizers.DelegatingMethodParameterCustomizer; SearchStrategy: all) did not find any beans (OnBeanCondition)

   SpringDocPageableConfiguration#pageOpenAPIConverter matched:
      - @ConditionalOnClass found required classes 'org.springframework.data.web.PagedModel', 'org.springframework.data.web.config.SpringDataWebSettings' (OnClassCondition)
      - @ConditionalOnMissingBean (types: org.springdoc.core.converters.PageOpenAPIConverter; SearchStrategy: all) did not find any beans (OnBeanCondition)

   SpringDocPageableConfiguration#pageableOpenAPIConverter matched:
      - @ConditionalOnProperty (springdoc.model-converters.pageable-converter.enabled) matched (OnPropertyCondition)
      - @ConditionalOnMissingBean (types: org.springdoc.core.converters.PageableOpenAPIConverter; SearchStrategy: all) did not find any beans (OnBeanCondition)

   SpringDocSecurityConfiguration matched:
      - @ConditionalOnClass found required class 'org.springframework.security.web.SecurityFilterChain' (OnClassCondition)
      - @ConditionalOnWebApplication (required) found 'session' scope (OnWebApplicationCondition)
      - @ConditionalOnExpression (#{${springdoc.api-docs.enabled:true} and ${springdoc.enable-spring-security:true}}) resulted in true (OnExpressionCondition)
      - @ConditionalOnBean (types: org.springdoc.core.configuration.SpringDocConfiguration; SearchStrategy: all) found bean 'org.springdoc.core.configuration.SpringDocConfiguration' (OnBeanCondition)

   SpringDocSecurityConfiguration.SpringSecurityLoginEndpointConfiguration matched:
      - @ConditionalOnClass found required class 'jakarta.servlet.Filter' (OnClassCondition)

   SpringDocSortConfiguration matched:
      - @ConditionalOnClass found required class 'org.springframework.data.domain.Sort' (OnClassCondition)
      - @ConditionalOnWebApplication (required) found 'session' scope (OnWebApplicationCondition)
      - @ConditionalOnProperty (springdoc.api-docs.enabled) matched (OnPropertyCondition)
      - @ConditionalOnBean (types: org.springdoc.core.configuration.SpringDocConfiguration; SearchStrategy: all) found bean 'org.springdoc.core.configuration.SpringDocConfiguration' (OnBeanCondition)

   SpringDocSortConfiguration#sortOpenAPIConverter matched:
      - @ConditionalOnProperty (springdoc.sort-converter.enabled) matched (OnPropertyCondition)
      - @ConditionalOnMissingBean (types: org.springdoc.core.converters.SortOpenAPIConverter; SearchStrategy: all) did not find any beans (OnBeanCondition)

   SpringDocUIConfiguration matched:
      - @ConditionalOnWebApplication (required) found 'session' scope (OnWebApplicationCondition)
      - @ConditionalOnBean (types: org.springdoc.core.configuration.SpringDocConfiguration; SearchStrategy: all) found bean 'org.springdoc.core.configuration.SpringDocConfiguration' (OnBeanCondition)

   SpringDocWebMvcConfiguration matched:
      - found 'session' scope (OnWebApplicationCondition)
      - @ConditionalOnProperty (springdoc.api-docs.enabled) matched (OnPropertyCondition)
      - @ConditionalOnBean (types: org.springdoc.core.configuration.SpringDocConfiguration; SearchStrategy: all) found bean 'org.springdoc.core.configuration.SpringDocConfiguration' (OnBeanCondition)

   SpringDocWebMvcConfiguration#openApiResource matched:
      - @ConditionalOnExpression (#{(${springdoc.use-management-port:false} == false ) and ${springdoc.enable-default-api-docs:true}}) resulted in true (OnExpressionCondition)
      - @ConditionalOnMissingBean (types: org.springdoc.webmvc.api.OpenApiWebMvcResource; SearchStrategy: all) did not find any beans (OnBeanCondition)

   SpringDocWebMvcConfiguration#requestBuilder matched:
      - @ConditionalOnMissingBean (types: org.springdoc.webmvc.core.service.RequestService; SearchStrategy: all) did not find any beans (OnBeanCondition)

   SpringDocWebMvcConfiguration#responseBuilder matched:
      - @ConditionalOnMissingBean (types: org.springdoc.core.service.GenericResponseService; SearchStrategy: all) did not find any beans (OnBeanCondition)

   SpringDocWebMvcConfiguration#springWebProvider matched:
      - @ConditionalOnMissingBean (types: org.springdoc.core.providers.SpringWebProvider; SearchStrategy: all) did not find any beans (OnBeanCondition)

   SpringDocWebMvcConfiguration.SpringDocWebMvcRouterConfiguration matched:
      - @ConditionalOnClass found required class 'org.springframework.web.servlet.function.RouterFunction' (OnClassCondition)

   SpringDocWebMvcConfiguration.SpringDocWebMvcRouterConfiguration#routerFunctionProvider matched:
      - @ConditionalOnMissingBean (types: org.springdoc.webmvc.core.providers.RouterFunctionWebMvcProvider; SearchStrategy: all) did not find any beans (OnBeanCondition)

   SqlInitializationAutoConfiguration matched:
      - @ConditionalOnProperty (spring.sql.init.enabled) matched (OnPropertyCondition)
      - NoneNestedConditions 0 matched 1 did not; NestedCondition on SqlInitializationAutoConfiguration.SqlInitializationModeCondition.ModeIsNever @ConditionalOnProperty (spring.sql.init.mode=never) found different value in property 'mode' (SqlInitializationAutoConfiguration.SqlInitializationModeCondition)

   SslAutoConfiguration#sslBundleRegistry matched:
      - @ConditionalOnMissingBean (types: org.springframework.boot.ssl.SslBundleRegistry,org.springframework.boot.ssl.SslBundles; SearchStrategy: all) did not find any beans (OnBeanCondition)

   SwaggerConfig matched:
      - found 'session' scope (OnWebApplicationCondition)
      - @ConditionalOnProperty (springdoc.swagger-ui.enabled) matched (OnPropertyCondition)
      - @ConditionalOnBean (types: org.springdoc.core.configuration.SpringDocConfiguration; SearchStrategy: all) found bean 'org.springdoc.core.configuration.SpringDocConfiguration' (OnBeanCondition)

   SwaggerConfig#indexPageTransformer matched:
      - @ConditionalOnMissingBean (types: org.springdoc.webmvc.ui.SwaggerIndexTransformer; SearchStrategy: all) did not find any beans (OnBeanCondition)

   SwaggerConfig#swaggerConfigResource matched:
      - @ConditionalOnProperty (springdoc.use-management-port=false) matched (OnPropertyCondition)
      - @ConditionalOnMissingBean (types: org.springdoc.webmvc.ui.SwaggerConfigResource; SearchStrategy: all) did not find any beans (OnBeanCondition)

   SwaggerConfig#swaggerResourceResolver matched:
      - @ConditionalOnMissingBean (types: org.springdoc.webmvc.ui.SwaggerResourceResolver; SearchStrategy: all) did not find any beans (OnBeanCondition)

   SwaggerConfig#swaggerWebMvcConfigurer matched:
      - @ConditionalOnMissingBean (types: org.springdoc.webmvc.ui.SwaggerWebMvcConfigurer; SearchStrategy: all) did not find any beans (OnBeanCondition)

   SwaggerConfig#swaggerWelcome matched:
      - @ConditionalOnProperty (springdoc.use-management-port=false) matched (OnPropertyCondition)
      - @ConditionalOnMissingBean (types: org.springdoc.webmvc.ui.SwaggerWelcomeWebMvc; SearchStrategy: all) did not find any beans (OnBeanCondition)

   SwaggerUiConfigParameters matched:
      - @ConditionalOnProperty (springdoc.swagger-ui.enabled) matched (OnPropertyCondition)
      - @ConditionalOnBean (types: org.springdoc.core.configuration.SpringDocConfiguration; SearchStrategy: all) found bean 'org.springdoc.core.configuration.SpringDocConfiguration' (OnBeanCondition)

   SwaggerUiConfigProperties matched:
      - @ConditionalOnProperty (springdoc.swagger-ui.enabled) matched (OnPropertyCondition)
      - @ConditionalOnBean (types: org.springdoc.core.configuration.SpringDocConfiguration; SearchStrategy: all) found bean 'org.springdoc.core.configuration.SpringDocConfiguration' (OnBeanCondition)

   SwaggerUiOAuthProperties matched:
      - @ConditionalOnProperty (springdoc.swagger-ui.enabled) matched (OnPropertyCondition)
      - @ConditionalOnBean (types: org.springdoc.core.configuration.SpringDocConfiguration; SearchStrategy: all) found bean 'org.springdoc.core.configuration.SpringDocConfiguration' (OnBeanCondition)

   TaskExecutionAutoConfiguration matched:
      - @ConditionalOnClass found required class 'org.springframework.scheduling.concurrent.ThreadPoolTaskExecutor' (OnClassCondition)

   TaskExecutorConfigurations.SimpleAsyncTaskExecutorBuilderConfiguration#simpleAsyncTaskExecutorBuilder matched:
      - @ConditionalOnMissingBean (types: org.springframework.boot.task.SimpleAsyncTaskExecutorBuilder; SearchStrategy: all) did not find any beans (OnBeanCondition)
      - @ConditionalOnThreading found PLATFORM (OnThreadingCondition)

   TaskExecutorConfigurations.TaskExecutorBuilderConfiguration#taskExecutorBuilder matched:
      - @ConditionalOnMissingBean (types: org.springframework.boot.task.TaskExecutorBuilder; SearchStrategy: all) did not find any beans (OnBeanCondition)

   TaskExecutorConfigurations.TaskExecutorConfiguration matched:
      - @ConditionalOnMissingBean (types: java.util.concurrent.Executor; SearchStrategy: all) did not find any beans (OnBeanCondition)

   TaskExecutorConfigurations.TaskExecutorConfiguration#applicationTaskExecutor matched:
      - @ConditionalOnThreading found PLATFORM (OnThreadingCondition)

   TaskExecutorConfigurations.ThreadPoolTaskExecutorBuilderConfiguration#threadPoolTaskExecutorBuilder matched:
      - @ConditionalOnMissingBean (types: org.springframework.boot.task.TaskExecutorBuilder,org.springframework.boot.task.ThreadPoolTaskExecutorBuilder; SearchStrategy: all) did not find any beans (OnBeanCondition)

   TaskSchedulingAutoConfiguration matched:
      - @ConditionalOnClass found required class 'org.springframework.scheduling.concurrent.ThreadPoolTaskScheduler' (OnClassCondition)

   TaskSchedulingAutoConfiguration#scheduledBeanLazyInitializationExcludeFilter matched:
      - @ConditionalOnBean (names: org.springframework.context.annotation.internalScheduledAnnotationProcessor; SearchStrategy: all) found bean 'org.springframework.context.annotation.internalScheduledAnnotationProcessor' (OnBeanCondition)

   TaskSchedulingConfigurations.SimpleAsyncTaskSchedulerBuilderConfiguration#simpleAsyncTaskSchedulerBuilder matched:
      - @ConditionalOnMissingBean (types: org.springframework.boot.task.SimpleAsyncTaskSchedulerBuilder; SearchStrategy: all) did not find any beans (OnBeanCondition)
      - @ConditionalOnThreading found PLATFORM (OnThreadingCondition)

   TaskSchedulingConfigurations.TaskSchedulerBuilderConfiguration#taskSchedulerBuilder matched:
      - @ConditionalOnMissingBean (types: org.springframework.boot.task.TaskSchedulerBuilder; SearchStrategy: all) did not find any beans (OnBeanCondition)

   TaskSchedulingConfigurations.TaskSchedulerConfiguration matched:
      - @ConditionalOnBean (names: org.springframework.context.annotation.internalScheduledAnnotationProcessor; SearchStrategy: all) found bean 'org.springframework.context.annotation.internalScheduledAnnotationProcessor'; @ConditionalOnMissingBean (types: org.springframework.scheduling.TaskScheduler,java.util.concurrent.ScheduledExecutorService; SearchStrategy: all) did not find any beans (OnBeanCondition)

   TaskSchedulingConfigurations.TaskSchedulerConfiguration#taskScheduler matched:
      - @ConditionalOnThreading found PLATFORM (OnThreadingCondition)

   TaskSchedulingConfigurations.ThreadPoolTaskSchedulerBuilderConfiguration#threadPoolTaskSchedulerBuilder matched:
      - @ConditionalOnMissingBean (types: org.springframework.boot.task.TaskSchedulerBuilder,org.springframework.boot.task.ThreadPoolTaskSchedulerBuilder; SearchStrategy: all) did not find any beans (OnBeanCondition)

   TransactionAutoConfiguration matched:
      - @ConditionalOnClass found required class 'org.springframework.transaction.PlatformTransactionManager' (OnClassCondition)

   TransactionAutoConfiguration.EnableTransactionManagementConfiguration matched:
      - @ConditionalOnBean (types: org.springframework.transaction.TransactionManager; SearchStrategy: all) found bean 'transactionManager'; @ConditionalOnMissingBean (types: org.springframework.transaction.annotation.AbstractTransactionManagementConfiguration; SearchStrategy: all) did not find any beans (OnBeanCondition)

   TransactionAutoConfiguration.EnableTransactionManagementConfiguration.CglibAutoProxyConfiguration matched:
      - @ConditionalOnProperty (spring.aop.proxy-target-class=true) matched (OnPropertyCondition)

   TransactionAutoConfiguration.TransactionTemplateConfiguration matched:
      - @ConditionalOnSingleCandidate (types: org.springframework.transaction.PlatformTransactionManager; SearchStrategy: all) found a single bean 'transactionManager' (OnBeanCondition)

   TransactionAutoConfiguration.TransactionTemplateConfiguration#transactionTemplate matched:
      - @ConditionalOnMissingBean (types: org.springframework.transaction.support.TransactionOperations; SearchStrategy: all) did not find any beans (OnBeanCondition)

   TransactionManagerCustomizationAutoConfiguration matched:
      - @ConditionalOnClass found required class 'org.springframework.transaction.PlatformTransactionManager' (OnClassCondition)

   TransactionManagerCustomizationAutoConfiguration#platformTransactionManagerCustomizers matched:
      - @ConditionalOnMissingBean (types: org.springframework.boot.autoconfigure.transaction.TransactionManagerCustomizers; SearchStrategy: all) did not find any beans (OnBeanCondition)

   ValidationAutoConfiguration matched:
      - @ConditionalOnClass found required class 'jakarta.validation.executable.ExecutableValidator' (OnClassCondition)
      - @ConditionalOnResource found location classpath:META-INF/services/jakarta.validation.spi.ValidationProvider (OnResourceCondition)

   ValidationAutoConfiguration#defaultValidator matched:
      - @ConditionalOnMissingBean (types: jakarta.validation.Validator; SearchStrategy: all) did not find any beans (OnBeanCondition)

   ValidationAutoConfiguration#methodValidationPostProcessor matched:
      - @ConditionalOnMissingBean (types: org.springframework.validation.beanvalidation.MethodValidationPostProcessor; SearchStrategy: current) did not find any beans (OnBeanCondition)

   WebMvcAutoConfiguration matched:
      - @ConditionalOnClass found required classes 'jakarta.servlet.Servlet', 'org.springframework.web.servlet.DispatcherServlet', 'org.springframework.web.servlet.config.annotation.WebMvcConfigurer' (OnClassCondition)
      - found 'session' scope (OnWebApplicationCondition)
      - @ConditionalOnMissingBean (types: org.springframework.web.servlet.config.annotation.WebMvcConfigurationSupport; SearchStrategy: all) did not find any beans (OnBeanCondition)

   WebMvcAutoConfiguration#formContentFilter matched:
      - @ConditionalOnProperty (spring.mvc.formcontent.filter.enabled) matched (OnPropertyCondition)
      - @ConditionalOnMissingBean (types: org.springframework.web.filter.FormContentFilter; SearchStrategy: all) did not find any beans (OnBeanCondition)

   WebMvcAutoConfiguration.EnableWebMvcConfiguration#flashMapManager matched:
      - @ConditionalOnMissingBean (names: flashMapManager; SearchStrategy: all) did not find any beans (OnBeanCondition)

   WebMvcAutoConfiguration.EnableWebMvcConfiguration#localeResolver matched:
      - @ConditionalOnMissingBean (names: localeResolver; SearchStrategy: all) did not find any beans (OnBeanCondition)

   WebMvcAutoConfiguration.EnableWebMvcConfiguration#themeResolver matched:
      - @ConditionalOnMissingBean (names: themeResolver; SearchStrategy: all) did not find any beans (OnBeanCondition)

   WebMvcAutoConfiguration.WebMvcAutoConfigurationAdapter#defaultViewResolver matched:
      - @ConditionalOnMissingBean (types: org.springframework.web.servlet.view.InternalResourceViewResolver; SearchStrategy: all) did not find any beans (OnBeanCondition)

   WebMvcAutoConfiguration.WebMvcAutoConfigurationAdapter#requestContextFilter matched:
      - @ConditionalOnMissingBean (types: org.springframework.web.context.request.RequestContextListener,org.springframework.web.filter.RequestContextFilter; SearchStrategy: all) did not find any beans (OnBeanCondition)

   WebMvcAutoConfiguration.WebMvcAutoConfigurationAdapter#viewResolver matched:
      - @ConditionalOnBean (types: org.springframework.web.servlet.ViewResolver; SearchStrategy: all) found beans 'defaultViewResolver', 'beanNameViewResolver', 'mvcViewResolver'; @ConditionalOnMissingBean (names: viewResolver types: org.springframework.web.servlet.view.ContentNegotiatingViewResolver; SearchStrategy: all) did not find any beans (OnBeanCondition)

   WebSocketServletAutoConfiguration matched:
      - @ConditionalOnClass found required classes 'jakarta.servlet.Servlet', 'jakarta.websocket.server.ServerContainer' (OnClassCondition)
      - found 'session' scope (OnWebApplicationCondition)

   WebSocketServletAutoConfiguration.TomcatWebSocketConfiguration matched:
      - @ConditionalOnClass found required classes 'org.apache.catalina.startup.Tomcat', 'org.apache.tomcat.websocket.server.WsSci' (OnClassCondition)

   WebSocketServletAutoConfiguration.TomcatWebSocketConfiguration#websocketServletWebServerCustomizer matched:
      - @ConditionalOnMissingBean (names: websocketServletWebServerCustomizer; SearchStrategy: all) did not find any beans (OnBeanCondition)


Negative matches:
-----------------

   ActiveMQAutoConfiguration:
      Did not match:
         - @ConditionalOnClass did not find required class 'jakarta.jms.ConnectionFactory' (OnClassCondition)

   AopAutoConfiguration.AspectJAutoProxyingConfiguration.JdkDynamicAutoProxyConfiguration:
      Did not match:
         - @ConditionalOnProperty (spring.aop.proxy-target-class=false) did not find property 'proxy-target-class' (OnPropertyCondition)

   AopAutoConfiguration.ClassProxyingConfiguration:
      Did not match:
         - @ConditionalOnMissingClass found unwanted class 'org.aspectj.weaver.Advice' (OnClassCondition)

   ArtemisAutoConfiguration:
      Did not match:
         - @ConditionalOnClass did not find required class 'jakarta.jms.ConnectionFactory' (OnClassCondition)

   BatchAutoConfiguration:
      Did not match:
         - @ConditionalOnClass did not find required class 'org.springframework.batch.core.launch.JobLauncher' (OnClassCondition)

   Cache2kCacheConfiguration:
      Did not match:
         - @ConditionalOnClass did not find required class 'org.cache2k.Cache2kBuilder' (OnClassCondition)

   CacheAutoConfiguration:
      Did not match:
         - @ConditionalOnBean (types: org.springframework.cache.interceptor.CacheAspectSupport; SearchStrategy: all) did not find any beans of type org.springframework.cache.interceptor.CacheAspectSupport (OnBeanCondition)
      Matched:
         - @ConditionalOnClass found required class 'org.springframework.cache.CacheManager' (OnClassCondition)

   CacheAutoConfiguration.CacheManagerEntityManagerFactoryDependsOnPostProcessor:
      Did not match:
         - Ancestor org.springframework.boot.autoconfigure.cache.CacheAutoConfiguration did not match (ConditionEvaluationReport.AncestorsMatchedCondition)
      Matched:
         - @ConditionalOnClass found required class 'org.springframework.orm.jpa.LocalContainerEntityManagerFactoryBean' (OnClassCondition)

   CaffeineCacheConfiguration:
      Did not match:
         - @ConditionalOnClass did not find required class 'com.github.benmanes.caffeine.cache.Caffeine' (OnClassCondition)

   CassandraAutoConfiguration:
      Did not match:
         - @ConditionalOnClass did not find required class 'com.datastax.oss.driver.api.core.CqlSession' (OnClassCondition)

   CassandraDataAutoConfiguration:
      Did not match:
         - @ConditionalOnClass did not find required class 'com.datastax.oss.driver.api.core.CqlSession' (OnClassCondition)

   CassandraReactiveDataAutoConfiguration:
      Did not match:
         - @ConditionalOnClass did not find required class 'com.datastax.oss.driver.api.core.CqlSession' (OnClassCondition)

   CassandraReactiveRepositoriesAutoConfiguration:
      Did not match:
         - @ConditionalOnClass did not find required class 'org.springframework.data.cassandra.ReactiveSession' (OnClassCondition)

   CassandraRepositoriesAutoConfiguration:
      Did not match:
         - @ConditionalOnClass did not find required class 'com.datastax.oss.driver.api.core.CqlSession' (OnClassCondition)

   ClientHttpConnectorAutoConfiguration:
      Did not match:
         - @ConditionalOnClass did not find required class 'org.springframework.web.reactive.function.client.WebClient' (OnClassCondition)

   CodecsAutoConfiguration:
      Did not match:
         - @ConditionalOnClass did not find required class 'org.springframework.web.reactive.function.client.WebClient' (OnClassCondition)

   CouchbaseAutoConfiguration:
      Did not match:
         - @ConditionalOnClass did not find required class 'com.couchbase.client.java.Cluster' (OnClassCondition)

   CouchbaseCacheConfiguration:
      Did not match:
         - @ConditionalOnClass did not find required class 'com.couchbase.client.java.Cluster' (OnClassCondition)

   CouchbaseDataAutoConfiguration:
      Did not match:
         - @ConditionalOnClass did not find required class 'com.couchbase.client.java.Bucket' (OnClassCondition)

   CouchbaseReactiveDataAutoConfiguration:
      Did not match:
         - @ConditionalOnClass did not find required class 'com.couchbase.client.java.Cluster' (OnClassCondition)

   CouchbaseReactiveRepositoriesAutoConfiguration:
      Did not match:
         - @ConditionalOnClass did not find required class 'com.couchbase.client.java.Cluster' (OnClassCondition)

   CouchbaseRepositoriesAutoConfiguration:
      Did not match:
         - @ConditionalOnClass did not find required class 'com.couchbase.client.java.Bucket' (OnClassCondition)

   DataSourceAutoConfiguration.EmbeddedDatabaseConfiguration:
      Did not match:
         - EmbeddedDataSource spring.datasource.url is set (DataSourceAutoConfiguration.EmbeddedDatabaseCondition)

   DataSourceCheckpointRestoreConfiguration:
      Did not match:
         - @ConditionalOnClass did not find required class 'org.crac.Resource' (OnClassCondition)

   DataSourceConfiguration.Dbcp2:
      Did not match:
         - @ConditionalOnClass did not find required class 'org.apache.commons.dbcp2.BasicDataSource' (OnClassCondition)

   DataSourceConfiguration.Generic:
      Did not match:
         - @ConditionalOnProperty (spring.datasource.type) did not find property 'spring.datasource.type' (OnPropertyCondition)

   DataSourceConfiguration.OracleUcp:
      Did not match:
         - @ConditionalOnClass did not find required classes 'oracle.ucp.jdbc.PoolDataSourceImpl', 'oracle.jdbc.OracleConnection' (OnClassCondition)

   DataSourceConfiguration.Tomcat:
      Did not match:
         - @ConditionalOnClass did not find required class 'org.apache.tomcat.jdbc.pool.DataSource' (OnClassCondition)

   DataSourceJmxConfiguration.TomcatDataSourceJmxConfiguration:
      Did not match:
         - @ConditionalOnClass did not find required class 'org.apache.tomcat.jdbc.pool.DataSourceProxy' (OnClassCondition)

   DataSourcePoolMetadataProvidersConfiguration.CommonsDbcp2PoolDataSourceMetadataProviderConfiguration:
      Did not match:
         - @ConditionalOnClass did not find required class 'org.apache.commons.dbcp2.BasicDataSource' (OnClassCondition)

   DataSourcePoolMetadataProvidersConfiguration.OracleUcpPoolDataSourceMetadataProviderConfiguration:
      Did not match:
         - @ConditionalOnClass did not find required classes 'oracle.ucp.jdbc.PoolDataSource', 'oracle.jdbc.OracleConnection' (OnClassCondition)

   DataSourcePoolMetadataProvidersConfiguration.TomcatDataSourcePoolMetadataProviderConfiguration:
      Did not match:
         - @ConditionalOnClass did not find required class 'org.apache.tomcat.jdbc.pool.DataSource' (OnClassCondition)

   DataSourceTransactionManagerAutoConfiguration.JdbcTransactionManagerConfiguration#transactionManager:
      Did not match:
         - @ConditionalOnMissingBean (types: org.springframework.transaction.TransactionManager; SearchStrategy: all) found beans of type 'org.springframework.transaction.TransactionManager' transactionManager (OnBeanCondition)

   DispatcherServletAutoConfiguration.DispatcherServletConfiguration#multipartResolver:
      Did not match:
         - @ConditionalOnBean (types: org.springframework.web.multipart.MultipartResolver; SearchStrategy: all) did not find any beans of type org.springframework.web.multipart.MultipartResolver (OnBeanCondition)

   ElasticsearchClientAutoConfiguration:
      Did not match:
         - @ConditionalOnClass did not find required class 'co.elastic.clients.elasticsearch.ElasticsearchClient' (OnClassCondition)

   ElasticsearchDataAutoConfiguration:
      Did not match:
         - @ConditionalOnClass did not find required class 'org.springframework.data.elasticsearch.client.elc.ElasticsearchTemplate' (OnClassCondition)

   ElasticsearchRepositoriesAutoConfiguration:
      Did not match:
         - @ConditionalOnClass did not find required class 'org.springframework.data.elasticsearch.repository.ElasticsearchRepository' (OnClassCondition)

   ElasticsearchRestClientAutoConfiguration:
      Did not match:
         - @ConditionalOnClass did not find required class 'org.elasticsearch.client.RestClientBuilder' (OnClassCondition)

   EmbeddedLdapAutoConfiguration:
      Did not match:
         - @ConditionalOnClass did not find required class 'com.unboundid.ldap.listener.InMemoryDirectoryServer' (OnClassCondition)

   EmbeddedWebServerFactoryCustomizerAutoConfiguration.JettyWebServerFactoryCustomizerConfiguration:
      Did not match:
         - @ConditionalOnClass did not find required classes 'org.eclipse.jetty.server.Server', 'org.eclipse.jetty.util.Loader', 'org.eclipse.jetty.ee10.webapp.WebAppContext' (OnClassCondition)

   EmbeddedWebServerFactoryCustomizerAutoConfiguration.NettyWebServerFactoryCustomizerConfiguration:
      Did not match:
         - @ConditionalOnClass did not find required class 'reactor.netty.http.server.HttpServer' (OnClassCondition)

   EmbeddedWebServerFactoryCustomizerAutoConfiguration.TomcatWebServerFactoryCustomizerConfiguration#tomcatVirtualThreadsProtocolHandlerCustomizer:
      Did not match:
         - @ConditionalOnThreading did not find VIRTUAL (OnThreadingCondition)

   EmbeddedWebServerFactoryCustomizerAutoConfiguration.UndertowWebServerFactoryCustomizerConfiguration:
      Did not match:
         - @ConditionalOnClass did not find required classes 'io.undertow.Undertow', 'org.xnio.SslClientAuthMode' (OnClassCondition)

   ErrorWebFluxAutoConfiguration:
      Did not match:
         - @ConditionalOnClass did not find required class 'org.springframework.web.reactive.config.WebFluxConfigurer' (OnClassCondition)

   FlywayAutoConfiguration:
      Did not match:
         - @ConditionalOnClass did not find required class 'org.flywaydb.core.Flyway' (OnClassCondition)

   FreeMarkerAutoConfiguration:
      Did not match:
         - @ConditionalOnClass did not find required class 'freemarker.template.Configuration' (OnClassCondition)

   GraphQlAutoConfiguration:
      Did not match:
         - @ConditionalOnClass did not find required class 'graphql.GraphQL' (OnClassCondition)

   GraphQlQueryByExampleAutoConfiguration:
      Did not match:
         - @ConditionalOnClass did not find required class 'graphql.GraphQL' (OnClassCondition)

   GraphQlQuerydslAutoConfiguration:
      Did not match:
         - @ConditionalOnClass did not find required class 'com.querydsl.core.Query' (OnClassCondition)

   GraphQlRSocketAutoConfiguration:
      Did not match:
         - @ConditionalOnClass did not find required class 'graphql.GraphQL' (OnClassCondition)

   GraphQlReactiveQueryByExampleAutoConfiguration:
      Did not match:
         - @ConditionalOnClass did not find required class 'graphql.GraphQL' (OnClassCondition)

   GraphQlReactiveQuerydslAutoConfiguration:
      Did not match:
         - @ConditionalOnClass did not find required class 'com.querydsl.core.Query' (OnClassCondition)

   GraphQlWebFluxAutoConfiguration:
      Did not match:
         - @ConditionalOnClass did not find required class 'graphql.GraphQL' (OnClassCondition)

   GraphQlWebFluxSecurityAutoConfiguration:
      Did not match:
         - @ConditionalOnClass did not find required class 'graphql.GraphQL' (OnClassCondition)

   GraphQlWebMvcAutoConfiguration:
      Did not match:
         - @ConditionalOnClass did not find required class 'graphql.GraphQL' (OnClassCondition)

   GraphQlWebMvcSecurityAutoConfiguration:
      Did not match:
         - @ConditionalOnClass did not find required class 'graphql.GraphQL' (OnClassCondition)

   GroovyTemplateAutoConfiguration:
      Did not match:
         - @ConditionalOnClass did not find required class 'groovy.text.markup.MarkupTemplateEngine' (OnClassCondition)

   GsonAutoConfiguration:
      Did not match:
         - @ConditionalOnClass did not find required class 'com.google.gson.Gson' (OnClassCondition)

   GsonHttpMessageConvertersConfiguration:
      Did not match:
         - @ConditionalOnClass did not find required class 'com.google.gson.Gson' (OnClassCondition)

   H2ConsoleAutoConfiguration:
      Did not match:
         - @ConditionalOnClass did not find required class 'org.h2.server.web.JakartaWebServlet' (OnClassCondition)

   HazelcastAutoConfiguration:
      Did not match:
         - @ConditionalOnClass did not find required class 'com.hazelcast.core.HazelcastInstance' (OnClassCondition)

   HazelcastCacheConfiguration:
      Did not match:
         - @ConditionalOnClass did not find required class 'com.hazelcast.core.HazelcastInstance' (OnClassCondition)

   HazelcastJpaDependencyAutoConfiguration:
      Did not match:
         - @ConditionalOnClass did not find required class 'com.hazelcast.core.HazelcastInstance' (OnClassCondition)

   HttpHandlerAutoConfiguration:
      Did not match:
         - @ConditionalOnClass did not find required class 'org.springframework.web.reactive.DispatcherHandler' (OnClassCondition)

   HypermediaAutoConfiguration:
      Did not match:
         - @ConditionalOnClass did not find required class 'org.springframework.hateoas.EntityModel' (OnClassCondition)

   InfinispanCacheConfiguration:
      Did not match:
         - @ConditionalOnClass did not find required class 'org.infinispan.spring.embedded.provider.SpringEmbeddedCacheManager' (OnClassCondition)

   InfluxDbAutoConfiguration:
      Did not match:
         - @ConditionalOnClass did not find required class 'org.influxdb.InfluxDB' (OnClassCondition)

   IntegrationAutoConfiguration:
      Did not match:
         - @ConditionalOnClass did not find required class 'org.springframework.integration.config.EnableIntegration' (OnClassCondition)

   JCacheCacheConfiguration:
      Did not match:
         - @ConditionalOnClass did not find required class 'javax.cache.Caching' (OnClassCondition)

   JacksonHttpMessageConvertersConfiguration.MappingJackson2XmlHttpMessageConverterConfiguration:
      Did not match:
         - @ConditionalOnClass did not find required class 'com.fasterxml.jackson.dataformat.xml.XmlMapper' (OnClassCondition)

   JdbcRepositoriesAutoConfiguration:
      Did not match:
         - @ConditionalOnClass did not find required class 'org.springframework.data.jdbc.repository.config.AbstractJdbcConfiguration' (OnClassCondition)

   JerseyAutoConfiguration:
      Did not match:
         - @ConditionalOnClass did not find required class 'org.glassfish.jersey.server.spring.SpringComponentProvider' (OnClassCondition)

   JmsAutoConfiguration:
      Did not match:
         - @ConditionalOnClass did not find required class 'jakarta.jms.Message' (OnClassCondition)

   JmxAutoConfiguration:
      Did not match:
         - @ConditionalOnProperty (spring.jmx.enabled=true) did not find property 'enabled' (OnPropertyCondition)
      Matched:
         - @ConditionalOnClass found required class 'org.springframework.jmx.export.MBeanExporter' (OnClassCondition)

   JndiConnectionFactoryAutoConfiguration:
      Did not match:
         - @ConditionalOnClass did not find required class 'org.springframework.jms.core.JmsTemplate' (OnClassCondition)

   JndiDataSourceAutoConfiguration:
      Did not match:
         - @ConditionalOnProperty (spring.datasource.jndi-name) did not find property 'jndi-name' (OnPropertyCondition)
      Matched:
         - @ConditionalOnClass found required classes 'javax.sql.DataSource', 'org.springframework.jdbc.datasource.embedded.EmbeddedDatabaseType' (OnClassCondition)

   JndiJtaConfiguration:
      Did not match:
         - @ConditionalOnJndi JNDI environment is not available (OnJndiCondition)
      Matched:
         - @ConditionalOnClass found required class 'org.springframework.transaction.jta.JtaTransactionManager' (OnClassCondition)

   JooqAutoConfiguration:
      Did not match:
         - @ConditionalOnClass did not find required class 'org.jooq.DSLContext' (OnClassCondition)

   JpaRepositoriesAutoConfiguration#entityManagerFactoryBootstrapExecutorCustomizer:
      Did not match:
         - AnyNestedCondition 0 matched 2 did not; NestedCondition on JpaRepositoriesAutoConfiguration.BootstrapExecutorCondition.LazyBootstrapMode @ConditionalOnProperty (spring.data.jpa.repositories.bootstrap-mode=lazy) did not find property 'bootstrap-mode'; NestedCondition on JpaRepositoriesAutoConfiguration.BootstrapExecutorCondition.DeferredBootstrapMode @ConditionalOnProperty (spring.data.jpa.repositories.bootstrap-mode=deferred) did not find property 'bootstrap-mode' (JpaRepositoriesAutoConfiguration.BootstrapExecutorCondition)

   JsonbAutoConfiguration:
      Did not match:
         - @ConditionalOnClass did not find required class 'jakarta.json.bind.Jsonb' (OnClassCondition)

   JsonbHttpMessageConvertersConfiguration:
      Did not match:
         - @ConditionalOnClass did not find required class 'jakarta.json.bind.Jsonb' (OnClassCondition)

   KafkaAutoConfiguration:
      Did not match:
         - @ConditionalOnClass did not find required class 'org.springframework.kafka.core.KafkaTemplate' (OnClassCondition)

   LdapAutoConfiguration:
      Did not match:
         - @ConditionalOnClass did not find required class 'org.springframework.ldap.core.ContextSource' (OnClassCondition)

   LdapRepositoriesAutoConfiguration:
      Did not match:
         - @ConditionalOnClass did not find required class 'org.springframework.data.ldap.repository.LdapRepository' (OnClassCondition)

   LiquibaseAutoConfiguration:
      Did not match:
         - @ConditionalOnClass did not find required class 'liquibase.change.DatabaseChange' (OnClassCondition)

   MailSenderAutoConfiguration:
      Did not match:
         - @ConditionalOnClass did not find required class 'jakarta.mail.internet.MimeMessage' (OnClassCondition)

   MailSenderValidatorAutoConfiguration:
      Did not match:
         - @ConditionalOnSingleCandidate did not find required type 'org.springframework.mail.javamail.JavaMailSenderImpl' (OnBeanCondition)

   MessageSourceAutoConfiguration:
      Did not match:
         - ResourceBundle did not find bundle with basename messages (MessageSourceAutoConfiguration.ResourceBundleCondition)

   MongoAutoConfiguration:
      Did not match:
         - @ConditionalOnClass did not find required class 'com.mongodb.client.MongoClient' (OnClassCondition)

   MongoDataAutoConfiguration:
      Did not match:
         - @ConditionalOnClass did not find required class 'com.mongodb.client.MongoClient' (OnClassCondition)

   MongoReactiveAutoConfiguration:
      Did not match:
         - @ConditionalOnClass did not find required class 'com.mongodb.reactivestreams.client.MongoClient' (OnClassCondition)

   MongoReactiveDataAutoConfiguration:
      Did not match:
         - @ConditionalOnClass did not find required class 'com.mongodb.reactivestreams.client.MongoClient' (OnClassCondition)

   MongoReactiveRepositoriesAutoConfiguration:
      Did not match:
         - @ConditionalOnClass did not find required class 'com.mongodb.reactivestreams.client.MongoClient' (OnClassCondition)

   MongoRepositoriesAutoConfiguration:
      Did not match:
         - @ConditionalOnClass did not find required class 'com.mongodb.client.MongoClient' (OnClassCondition)

   MultipleOpenApiSupportConfiguration:
      Did not match:
         - AnyNestedCondition 0 matched 2 did not; NestedCondition on MultipleOpenApiSupportCondition.OnActuatorDifferentPort @ConditionalOnProperty (springdoc.show-actuator) did not find property 'springdoc.show-actuator'; NestedCondition on MultipleOpenApiSupportCondition.OnMultipleOpenApiSupportCondition AnyNestedCondition 0 matched 3 did not; NestedCondition on MultipleOpenApiGroupsCondition.OnListGroupedOpenApiBean @ConditionalOnBean (types: org.springdoc.core.models.GroupedOpenApi; SearchStrategy: all) did not find any beans of type org.springdoc.core.models.GroupedOpenApi; NestedCondition on MultipleOpenApiGroupsCondition.OnGroupConfigProperty @ConditionalOnProperty (springdoc.group-configs[0].group) did not find property 'springdoc.group-configs[0].group'; NestedCondition on MultipleOpenApiGroupsCondition.OnGroupedOpenApiBean @ConditionalOnBean (types: org.springdoc.core.models.GroupedOpenApi; SearchStrategy: all) did not find any beans of type org.springdoc.core.models.GroupedOpenApi (MultipleOpenApiSupportCondition)
      Matched:
         - found 'session' scope (OnWebApplicationCondition)
         - @ConditionalOnProperty (springdoc.api-docs.enabled) matched (OnPropertyCondition)

   MultipleOpenApiSupportConfiguration.SpringDocWebMvcActuatorDifferentConfiguration:
      Did not match:
         - @ConditionalOnClass did not find required class 'org.springframework.boot.actuate.endpoint.web.servlet.WebMvcEndpointHandlerMapping' (OnClassCondition)
         - Ancestor org.springdoc.webmvc.core.configuration.MultipleOpenApiSupportConfiguration did not match (ConditionEvaluationReport.AncestorsMatchedCondition)

   MustacheAutoConfiguration:
      Did not match:
         - @ConditionalOnClass did not find required class 'com.samskivert.mustache.Mustache' (OnClassCondition)

   Neo4jAutoConfiguration:
      Did not match:
         - @ConditionalOnClass did not find required class 'org.neo4j.driver.Driver' (OnClassCondition)

   Neo4jDataAutoConfiguration:
      Did not match:
         - @ConditionalOnClass did not find required class 'org.neo4j.driver.Driver' (OnClassCondition)

   Neo4jReactiveDataAutoConfiguration:
      Did not match:
         - @ConditionalOnClass did not find required class 'org.neo4j.driver.Driver' (OnClassCondition)

   Neo4jReactiveRepositoriesAutoConfiguration:
      Did not match:
         - @ConditionalOnClass did not find required class 'org.neo4j.driver.Driver' (OnClassCondition)

   Neo4jRepositoriesAutoConfiguration:
      Did not match:
         - @ConditionalOnClass did not find required class 'org.neo4j.driver.Driver' (OnClassCondition)

   NettyAutoConfiguration:
      Did not match:
         - @ConditionalOnClass did not find required class 'io.netty.util.NettyRuntime' (OnClassCondition)

   OAuth2AuthorizationServerAutoConfiguration:
      Did not match:
         - @ConditionalOnClass did not find required class 'org.springframework.security.oauth2.server.authorization.OAuth2Authorization' (OnClassCondition)

   OAuth2AuthorizationServerJwtAutoConfiguration:
      Did not match:
         - @ConditionalOnClass did not find required class 'org.springframework.security.oauth2.server.authorization.OAuth2Authorization' (OnClassCondition)

   OAuth2ClientAutoConfiguration:
      Did not match:
         - @ConditionalOnClass did not find required class 'org.springframework.security.oauth2.client.registration.ClientRegistration' (OnClassCondition)

   OAuth2ResourceServerAutoConfiguration:
      Did not match:
         - @ConditionalOnClass did not find required class 'org.springframework.security.oauth2.server.resource.authentication.BearerTokenAuthenticationToken' (OnClassCondition)

   ProjectInfoAutoConfiguration#buildProperties:
      Did not match:
         - @ConditionalOnResource did not find resource '${spring.info.build.location:classpath:META-INF/build-info.properties}' (OnResourceCondition)

   ProjectInfoAutoConfiguration#gitProperties:
      Did not match:
         - GitResource did not find git info at classpath:git.properties (ProjectInfoAutoConfiguration.GitResourceAvailableCondition)

   PulsarAutoConfiguration:
      Did not match:
         - @ConditionalOnClass did not find required class 'org.apache.pulsar.client.api.PulsarClient' (OnClassCondition)

   PulsarReactiveAutoConfiguration:
      Did not match:
         - @ConditionalOnClass did not find required class 'org.apache.pulsar.client.api.PulsarClient' (OnClassCondition)

   QuartzAutoConfiguration:
      Did not match:
         - @ConditionalOnClass did not find required class 'org.quartz.Scheduler' (OnClassCondition)

   R2dbcAutoConfiguration:
      Did not match:
         - @ConditionalOnClass did not find required class 'io.r2dbc.spi.ConnectionFactory' (OnClassCondition)

   R2dbcDataAutoConfiguration:
      Did not match:
         - @ConditionalOnClass did not find required class 'org.springframework.data.r2dbc.core.R2dbcEntityTemplate' (OnClassCondition)

   R2dbcInitializationConfiguration:
      Did not match:
         - @ConditionalOnClass did not find required classes 'io.r2dbc.spi.ConnectionFactory', 'org.springframework.r2dbc.connection.init.DatabasePopulator' (OnClassCondition)

   R2dbcRepositoriesAutoConfiguration:
      Did not match:
         - @ConditionalOnClass did not find required class 'io.r2dbc.spi.ConnectionFactory' (OnClassCondition)

   R2dbcTransactionManagerAutoConfiguration:
      Did not match:
         - @ConditionalOnClass did not find required class 'org.springframework.r2dbc.connection.R2dbcTransactionManager' (OnClassCondition)

   RSocketGraphQlClientAutoConfiguration:
      Did not match:
         - @ConditionalOnClass did not find required class 'graphql.GraphQL' (OnClassCondition)

   RSocketMessagingAutoConfiguration:
      Did not match:
         - @ConditionalOnClass did not find required class 'io.rsocket.RSocket' (OnClassCondition)

   RSocketRequesterAutoConfiguration:
      Did not match:
         - @ConditionalOnClass did not find required class 'io.rsocket.RSocket' (OnClassCondition)

   RSocketSecurityAutoConfiguration:
      Did not match:
         - @ConditionalOnClass did not find required class 'org.springframework.security.rsocket.core.SecuritySocketAcceptorInterceptor' (OnClassCondition)

   RSocketServerAutoConfiguration:
      Did not match:
         - @ConditionalOnClass did not find required class 'io.rsocket.core.RSocketServer' (OnClassCondition)

   RSocketStrategiesAutoConfiguration:
      Did not match:
         - @ConditionalOnClass did not find required class 'io.netty.buffer.PooledByteBufAllocator' (OnClassCondition)

   RabbitAutoConfiguration:
      Did not match:
         - @ConditionalOnClass did not find required class 'com.rabbitmq.client.Channel' (OnClassCondition)

   ReactiveElasticsearchClientAutoConfiguration:
      Did not match:
         - @ConditionalOnClass did not find required class 'co.elastic.clients.transport.ElasticsearchTransport' (OnClassCondition)

   ReactiveElasticsearchRepositoriesAutoConfiguration:
      Did not match:
         - @ConditionalOnClass did not find required class 'reactor.core.publisher.Mono' (OnClassCondition)

   ReactiveMultipartAutoConfiguration:
      Did not match:
         - @ConditionalOnClass did not find required class 'org.springframework.web.reactive.config.WebFluxConfigurer' (OnClassCondition)

   ReactiveOAuth2ClientAutoConfiguration:
      Did not match:
         - @ConditionalOnClass did not find required class 'reactor.core.publisher.Flux' (OnClassCondition)

   ReactiveOAuth2ResourceServerAutoConfiguration:
      Did not match:
         - @ConditionalOnWebApplication did not find reactive web application classes (OnWebApplicationCondition)

   ReactiveSecurityAutoConfiguration:
      Did not match:
         - @ConditionalOnClass did not find required class 'reactor.core.publisher.Flux' (OnClassCondition)

   ReactiveUserDetailsServiceAutoConfiguration:
      Did not match:
         - AnyNestedCondition 0 matched 2 did not; NestedCondition on ReactiveUserDetailsServiceAutoConfiguration.RSocketEnabledOrReactiveWebApplication.ReactiveWebApplicationCondition did not find reactive web application classes; NestedCondition on ReactiveUserDetailsServiceAutoConfiguration.RSocketEnabledOrReactiveWebApplication.RSocketSecurityEnabledCondition @ConditionalOnBean (types: org.springframework.messaging.rsocket.annotation.support.RSocketMessageHandler; SearchStrategy: all) did not find any beans of type org.springframework.messaging.rsocket.annotation.support.RSocketMessageHandler (ReactiveUserDetailsServiceAutoConfiguration.RSocketEnabledOrReactiveWebApplication)
      Matched:
         - @ConditionalOnClass found required class 'org.springframework.security.authentication.ReactiveAuthenticationManager' (OnClassCondition)
         - AnyNestedCondition 1 matched 2 did not; NestedCondition on ReactiveUserDetailsServiceAutoConfiguration.MissingAlternativeOrUserPropertiesConfigured.PasswordConfigured @ConditionalOnProperty (spring.security.user.password) did not find property 'password'; NestedCondition on ReactiveUserDetailsServiceAutoConfiguration.MissingAlternativeOrUserPropertiesConfigured.NameConfigured @ConditionalOnProperty (spring.security.user.name) did not find property 'name'; NestedCondition on ReactiveUserDetailsServiceAutoConfiguration.MissingAlternativeOrUserPropertiesConfigured.MissingAlternative @ConditionalOnMissingClass did not find unwanted classes 'org.springframework.security.oauth2.client.registration.ClientRegistrationRepository', 'org.springframework.security.oauth2.server.resource.introspection.ReactiveOpaqueTokenIntrospector' (ReactiveUserDetailsServiceAutoConfiguration.MissingAlternativeOrUserPropertiesConfigured)

   ReactiveWebServerFactoryAutoConfiguration:
      Did not match:
         - @ConditionalOnWebApplication did not find reactive web application classes (OnWebApplicationCondition)

   ReactorAutoConfiguration:
      Did not match:
         - @ConditionalOnClass did not find required class 'reactor.core.publisher.Hooks' (OnClassCondition)

   RedisAutoConfiguration:
      Did not match:
         - @ConditionalOnClass did not find required class 'org.springframework.data.redis.core.RedisOperations' (OnClassCondition)

   RedisCacheConfiguration:
      Did not match:
         - @ConditionalOnClass did not find required class 'org.springframework.data.redis.connection.RedisConnectionFactory' (OnClassCondition)

   RedisReactiveAutoConfiguration:
      Did not match:
         - @ConditionalOnClass did not find required class 'reactor.core.publisher.Flux' (OnClassCondition)

   RedisRepositoriesAutoConfiguration:
      Did not match:
         - @ConditionalOnClass did not find required class 'org.springframework.data.redis.repository.configuration.EnableRedisRepositories' (OnClassCondition)

   RepositoryRestMvcAutoConfiguration:
      Did not match:
         - @ConditionalOnClass did not find required class 'org.springframework.data.rest.webmvc.config.RepositoryRestMvcConfiguration' (OnClassCondition)

   Saml2RelyingPartyAutoConfiguration:
      Did not match:
         - @ConditionalOnClass did not find required class 'org.springframework.security.saml2.provider.service.registration.RelyingPartyRegistrationRepository' (OnClassCondition)

   SecurityDataConfiguration:
      Did not match:
         - @ConditionalOnClass did not find required class 'org.springframework.security.data.repository.query.SecurityEvaluationContextExtension' (OnClassCondition)

   SendGridAutoConfiguration:
      Did not match:
         - @ConditionalOnClass did not find required class 'com.sendgrid.SendGrid' (OnClassCondition)

   ServletWebServerFactoryAutoConfiguration.ForwardedHeaderFilterConfiguration:
      Did not match:
         - @ConditionalOnProperty (server.forward-headers-strategy=framework) did not find property 'server.forward-headers-strategy' (OnPropertyCondition)

   ServletWebServerFactoryConfiguration.EmbeddedJetty:
      Did not match:
         - @ConditionalOnClass did not find required classes 'org.eclipse.jetty.server.Server', 'org.eclipse.jetty.util.Loader', 'org.eclipse.jetty.ee10.webapp.WebAppContext' (OnClassCondition)

   ServletWebServerFactoryConfiguration.EmbeddedUndertow:
      Did not match:
         - @ConditionalOnClass did not find required classes 'io.undertow.Undertow', 'org.xnio.SslClientAuthMode' (OnClassCondition)

   SessionAutoConfiguration:
      Did not match:
         - @ConditionalOnClass did not find required class 'org.springframework.session.Session' (OnClassCondition)

   SpringApplicationAdminJmxAutoConfiguration:
      Did not match:
         - @ConditionalOnProperty (spring.application.admin.enabled=true) did not find property 'enabled' (OnPropertyCondition)

   SpringBootWebSecurityConfiguration.SecurityFilterChainConfiguration:
      Did not match:
         - AllNestedConditions 1 matched 1 did not; NestedCondition on DefaultWebSecurityCondition.Beans @ConditionalOnMissingBean (types: org.springframework.security.web.SecurityFilterChain; SearchStrategy: all) found beans of type 'org.springframework.security.web.SecurityFilterChain' securityFilterChain; NestedCondition on DefaultWebSecurityCondition.Classes @ConditionalOnClass found required classes 'org.springframework.security.web.SecurityFilterChain', 'org.springframework.security.config.annotation.web.builders.HttpSecurity' (DefaultWebSecurityCondition)

   SpringBootWebSecurityConfiguration.WebSecurityEnablerConfiguration:
      Did not match:
         - @ConditionalOnMissingBean (names: springSecurityFilterChain; SearchStrategy: all) found beans named springSecurityFilterChain (OnBeanCondition)
      Matched:
         - @ConditionalOnClass found required class 'org.springframework.security.config.annotation.web.configuration.EnableWebSecurity' (OnClassCondition)

   SpringDocConfiguration#propertiesResolverForSchema:
      Did not match:
         - @ConditionalOnProperty (springdoc.api-docs.resolve-schema-properties) did not find property 'springdoc.api-docs.resolve-schema-properties' (OnPropertyCondition)

   SpringDocConfiguration#propertyCustomizingConverter:
      Did not match:
         - @ConditionalOnBean (types: org.springdoc.core.customizers.PropertyCustomizer; SearchStrategy: all) did not find any beans of type org.springdoc.core.customizers.PropertyCustomizer (OnBeanCondition)

   SpringDocConfiguration#springdocBeanFactoryPostProcessor:
      Did not match:
         - AnyNestedCondition 0 matched 2 did not; NestedCondition on CacheOrGroupedOpenApiCondition.OnCacheDisabled found non-matching nested conditions @ConditionalOnProperty (springdoc.cache.disabled) did not find property 'springdoc.cache.disabled'; NestedCondition on CacheOrGroupedOpenApiCondition.OnMultipleOpenApiSupportCondition AnyNestedCondition 0 matched 2 did not; NestedCondition on MultipleOpenApiSupportCondition.OnActuatorDifferentPort @ConditionalOnProperty (springdoc.show-actuator) did not find property 'springdoc.show-actuator'; NestedCondition on MultipleOpenApiSupportCondition.OnMultipleOpenApiSupportCondition AnyNestedCondition 0 matched 3 did not; NestedCondition on MultipleOpenApiGroupsCondition.OnListGroupedOpenApiBean @ConditionalOnBean (types: org.springdoc.core.models.GroupedOpenApi; SearchStrategy: all) did not find any beans of type org.springdoc.core.models.GroupedOpenApi; NestedCondition on MultipleOpenApiGroupsCondition.OnGroupConfigProperty @ConditionalOnProperty (springdoc.group-configs[0].group) did not find property 'springdoc.group-configs[0].group'; NestedCondition on MultipleOpenApiGroupsCondition.OnGroupedOpenApiBean @ConditionalOnBean (types: org.springdoc.core.models.GroupedOpenApi; SearchStrategy: all) did not find any beans of type org.springdoc.core.models.GroupedOpenApi (CacheOrGroupedOpenApiCondition)
      Matched:
         - @ConditionalOnClass found required class 'org.springframework.boot.context.properties.bind.BindResult' (OnClassCondition)

   SpringDocConfiguration#springdocBeanFactoryPostProcessor2:
      Did not match:
         - @ConditionalOnMissingClass found unwanted class 'org.springframework.boot.context.properties.bind.BindResult' (OnClassCondition)

   SpringDocConfiguration.SpringDocActuatorConfiguration:
      Did not match:
         - @ConditionalOnClass did not find required class 'org.springframework.boot.actuate.autoconfigure.endpoint.web.WebEndpointProperties' (OnClassCondition)

   SpringDocConfiguration.SpringDocRepositoryRestConfiguration:
      Did not match:
         - @ConditionalOnClass did not find required class 'org.springframework.data.rest.core.config.RepositoryRestConfiguration' (OnClassCondition)

   SpringDocConfiguration.SpringDocWebFluxSupportConfiguration:
      Did not match:
         - @ConditionalOnClass did not find required class 'reactor.core.publisher.Flux' (OnClassCondition)

   SpringDocDataRestConfiguration:
      Did not match:
         - @ConditionalOnClass did not find required class 'org.springframework.data.rest.core.config.RepositoryRestConfiguration' (OnClassCondition)

   SpringDocFunctionCatalogConfiguration:
      Did not match:
         - @ConditionalOnClass did not find required class 'org.springframework.cloud.function.web.function.FunctionEndpointInitializer' (OnClassCondition)

   SpringDocGroovyConfiguration:
      Did not match:
         - @ConditionalOnClass did not find required class 'groovy.lang.MetaClass' (OnClassCondition)

   SpringDocHateoasConfiguration:
      Did not match:
         - @ConditionalOnClass did not find required class 'org.springframework.hateoas.server.LinkRelationProvider' (OnClassCondition)

   SpringDocJacksonKotlinModuleConfiguration:
      Did not match:
         - @ConditionalOnClass did not find required class 'com.fasterxml.jackson.module.kotlin.KotlinModule' (OnClassCondition)

   SpringDocJavadocConfiguration:
      Did not match:
         - @ConditionalOnClass did not find required class 'com.github.therapi.runtimejavadoc.CommentFormatter' (OnClassCondition)

   SpringDocKotlinConfiguration:
      Did not match:
         - @ConditionalOnClass did not find required class 'kotlin.coroutines.Continuation' (OnClassCondition)

   SpringDocKotlinxConfiguration:
      Did not match:
         - @ConditionalOnClass did not find required class 'kotlinx.coroutines.flow.Flow' (OnClassCondition)

   SpringDocSecurityConfiguration.SpringDocSecurityOAuth2ClientConfiguration:
      Did not match:
         - @ConditionalOnClass did not find required class 'org.springframework.security.oauth2.client.annotation.RegisteredOAuth2AuthorizedClient' (OnClassCondition)

   SpringDocSecurityConfiguration.SpringDocSecurityOAuth2Configuration:
      Did not match:
         - @ConditionalOnClass did not find required class 'org.springframework.security.oauth2.server.authorization.OAuth2AuthorizationService' (OnClassCondition)

   SpringDocSecurityConfiguration.SpringSecurityLoginEndpointConfiguration#springSecurityLoginEndpointCustomiser:
      Did not match:
         - @ConditionalOnProperty (springdoc.show-login-endpoint) did not find property 'springdoc.show-login-endpoint' (OnPropertyCondition)

   SpringDocSortConfiguration#delegatingMethodParameterCustomizer:
      Did not match:
         - @ConditionalOnMissingBean (types: org.springdoc.core.customizers.DelegatingMethodParameterCustomizer; SearchStrategy: all) found beans of type 'org.springdoc.core.customizers.DelegatingMethodParameterCustomizer' delegatingMethodParameterCustomizer (OnBeanCondition)

   SpringDocWebMvcConfiguration.SpringDocWebMvcActuatorConfiguration:
      Did not match:
         - @ConditionalOnClass did not find required class 'org.springframework.boot.actuate.endpoint.web.servlet.WebMvcEndpointHandlerMapping' (OnClassCondition)

   SwaggerConfig#springWebProvider:
      Did not match:
         - @ConditionalOnMissingBean (types: org.springdoc.core.providers.SpringWebProvider; SearchStrategy: all) found beans of type 'org.springdoc.core.providers.SpringWebProvider' springWebProvider (OnBeanCondition)

   SwaggerConfig#swaggerUiConfigParameters:
      Did not match:
         - @ConditionalOnMissingBean (types: org.springdoc.core.properties.SwaggerUiConfigParameters; SearchStrategy: all) found beans of type 'org.springdoc.core.properties.SwaggerUiConfigParameters' org.springdoc.core.properties.SwaggerUiConfigParameters (OnBeanCondition)

   SwaggerConfig#swaggerUiHome:
      Did not match:
         - @ConditionalOnProperty (springdoc.swagger-ui.use-root-path=true) did not find property 'springdoc.swagger-ui.use-root-path' (OnPropertyCondition)

   SwaggerConfig.SwaggerActuatorWelcomeConfiguration:
      Did not match:
         - @ConditionalOnClass did not find required class 'org.springframework.boot.actuate.endpoint.web.servlet.WebMvcEndpointHandlerMapping' (OnClassCondition)

   TaskExecutorConfigurations.SimpleAsyncTaskExecutorBuilderConfiguration#simpleAsyncTaskExecutorBuilderVirtualThreads:
      Did not match:
         - @ConditionalOnMissingBean (types: org.springframework.boot.task.SimpleAsyncTaskExecutorBuilder; SearchStrategy: all) found beans of type 'org.springframework.boot.task.SimpleAsyncTaskExecutorBuilder' simpleAsyncTaskExecutorBuilder (OnBeanCondition)

   TaskExecutorConfigurations.TaskExecutorConfiguration#applicationTaskExecutorVirtualThreads:
      Did not match:
         - @ConditionalOnThreading did not find VIRTUAL (OnThreadingCondition)

   TaskSchedulingConfigurations.SimpleAsyncTaskSchedulerBuilderConfiguration#simpleAsyncTaskSchedulerBuilderVirtualThreads:
      Did not match:
         - @ConditionalOnMissingBean (types: org.springframework.boot.task.SimpleAsyncTaskSchedulerBuilder; SearchStrategy: all) found beans of type 'org.springframework.boot.task.SimpleAsyncTaskSchedulerBuilder' simpleAsyncTaskSchedulerBuilder (OnBeanCondition)

   TaskSchedulingConfigurations.TaskSchedulerConfiguration#taskSchedulerVirtualThreads:
      Did not match:
         - @ConditionalOnThreading did not find VIRTUAL (OnThreadingCondition)

   ThymeleafAutoConfiguration:
      Did not match:
         - @ConditionalOnClass did not find required class 'org.thymeleaf.spring6.SpringTemplateEngine' (OnClassCondition)

   TransactionAutoConfiguration#transactionalOperator:
      Did not match:
         - @ConditionalOnSingleCandidate (types: org.springframework.transaction.ReactiveTransactionManager; SearchStrategy: all) did not find any beans (OnBeanCondition)

   TransactionAutoConfiguration.AspectJTransactionManagementConfiguration:
      Did not match:
         - @ConditionalOnBean (types: org.springframework.transaction.aspectj.AbstractTransactionAspect; SearchStrategy: all) did not find any beans of type org.springframework.transaction.aspectj.AbstractTransactionAspect (OnBeanCondition)

   TransactionAutoConfiguration.EnableTransactionManagementConfiguration.JdkDynamicAutoProxyConfiguration:
      Did not match:
         - @ConditionalOnProperty (spring.aop.proxy-target-class=false) did not find property 'proxy-target-class' (OnPropertyCondition)

   UserDetailsServiceAutoConfiguration:
      Did not match:
         - @ConditionalOnMissingBean (types: org.springframework.security.authentication.AuthenticationManager,org.springframework.security.authentication.AuthenticationProvider,org.springframework.security.core.userdetails.UserDetailsService,org.springframework.security.authentication.AuthenticationManagerResolver,org.springframework.security.oauth2.jwt.JwtDecoder; SearchStrategy: all) found beans of type 'org.springframework.security.authentication.AuthenticationManager' authenticationManager and found beans of type 'org.springframework.security.core.userdetails.UserDetailsService' customUserDetailsService and found beans of type 'org.springframework.security.authentication.AuthenticationProvider' authenticationProvider (OnBeanCondition)
      Matched:
         - @ConditionalOnClass found required class 'org.springframework.security.authentication.AuthenticationManager' (OnClassCondition)
         - AnyNestedCondition 1 matched 2 did not; NestedCondition on UserDetailsServiceAutoConfiguration.MissingAlternativeOrUserPropertiesConfigured.PasswordConfigured @ConditionalOnProperty (spring.security.user.password) did not find property 'password'; NestedCondition on UserDetailsServiceAutoConfiguration.MissingAlternativeOrUserPropertiesConfigured.NameConfigured @ConditionalOnProperty (spring.security.user.name) did not find property 'name'; NestedCondition on UserDetailsServiceAutoConfiguration.MissingAlternativeOrUserPropertiesConfigured.MissingAlternative @ConditionalOnMissingClass did not find unwanted classes 'org.springframework.security.oauth2.client.registration.ClientRegistrationRepository', 'org.springframework.security.oauth2.server.resource.introspection.OpaqueTokenIntrospector', 'org.springframework.security.saml2.provider.service.registration.RelyingPartyRegistrationRepository' (UserDetailsServiceAutoConfiguration.MissingAlternativeOrUserPropertiesConfigured)

   WebClientAutoConfiguration:
      Did not match:
         - @ConditionalOnClass did not find required class 'org.springframework.web.reactive.function.client.WebClient' (OnClassCondition)

   WebFluxAutoConfiguration:
      Did not match:
         - @ConditionalOnClass did not find required class 'org.springframework.web.reactive.config.WebFluxConfigurer' (OnClassCondition)

   WebMvcAutoConfiguration#hiddenHttpMethodFilter:
      Did not match:
         - @ConditionalOnProperty (spring.mvc.hiddenmethod.filter.enabled) did not find property 'enabled' (OnPropertyCondition)

   WebMvcAutoConfiguration.ProblemDetailsErrorHandlingConfiguration:
      Did not match:
         - @ConditionalOnProperty (spring.mvc.problemdetails.enabled=true) did not find property 'enabled' (OnPropertyCondition)

   WebMvcAutoConfiguration.ResourceChainCustomizerConfiguration:
      Did not match:
         - @ConditionalOnEnabledResourceChain did not find class org.webjars.WebJarAssetLocator (OnEnabledResourceChainCondition)

   WebMvcAutoConfiguration.WebMvcAutoConfigurationAdapter#beanNameViewResolver:
      Did not match:
         - @ConditionalOnMissingBean (types: org.springframework.web.servlet.view.BeanNameViewResolver; SearchStrategy: all) found beans of type 'org.springframework.web.servlet.view.BeanNameViewResolver' beanNameViewResolver (OnBeanCondition)

   WebServiceTemplateAutoConfiguration:
      Did not match:
         - @ConditionalOnClass did not find required class 'org.springframework.oxm.Marshaller' (OnClassCondition)

   WebServicesAutoConfiguration:
      Did not match:
         - @ConditionalOnClass did not find required class 'org.springframework.ws.transport.http.MessageDispatcherServlet' (OnClassCondition)

   WebSessionIdResolverAutoConfiguration:
      Did not match:
         - @ConditionalOnClass did not find required class 'reactor.core.publisher.Mono' (OnClassCondition)

   WebSocketMessagingAutoConfiguration:
      Did not match:
         - @ConditionalOnClass did not find required class 'org.springframework.web.socket.config.annotation.WebSocketMessageBrokerConfigurer' (OnClassCondition)

   WebSocketReactiveAutoConfiguration:
      Did not match:
         - @ConditionalOnWebApplication did not find reactive web application classes (OnWebApplicationCondition)

   WebSocketServletAutoConfiguration.JettyWebSocketConfiguration:
      Did not match:
         - @ConditionalOnClass did not find required class 'org.eclipse.jetty.ee10.websocket.jakarta.server.config.JakartaWebSocketServletContainerInitializer' (OnClassCondition)

   WebSocketServletAutoConfiguration.UndertowWebSocketConfiguration:
      Did not match:
         - @ConditionalOnClass did not find required class 'io.undertow.websockets.jsr.Bootstrap' (OnClassCondition)

   XADataSourceAutoConfiguration:
      Did not match:
         - @ConditionalOnBean (types: org.springframework.boot.jdbc.XADataSourceWrapper; SearchStrategy: all) did not find any beans of type org.springframework.boot.jdbc.XADataSourceWrapper (OnBeanCondition)
      Matched:
         - @ConditionalOnClass found required classes 'javax.sql.DataSource', 'jakarta.transaction.TransactionManager', 'org.springframework.jdbc.datasource.embedded.EmbeddedDatabaseType' (OnClassCondition)


Exclusions:
-----------

    None


Unconditional classes:
----------------------

    org.springframework.boot.autoconfigure.context.ConfigurationPropertiesAutoConfiguration

    org.springframework.boot.autoconfigure.ssl.SslAutoConfiguration

    org.springframework.boot.autoconfigure.context.PropertyPlaceholderAutoConfiguration

    org.springframework.boot.autoconfigure.context.LifecycleAutoConfiguration

    org.springdoc.core.configuration.SpringDocSpecPropertiesConfiguration

    org.springframework.boot.autoconfigure.availability.ApplicationAvailabilityAutoConfiguration

    org.springframework.boot.autoconfigure.info.ProjectInfoAutoConfiguration



2026-06-01T16:38:51.556+02:00  INFO 21776 --- [demo] [           main] com.example.demo.DemoApplication         : Started DemoApplication in 7.754 seconds (process running for 8.306)
2026-06-01T16:38:51.557+02:00 DEBUG 21776 --- [demo] [           main] o.s.b.a.ApplicationAvailabilityBean      : Application availability state LivenessState changed to CORRECT
2026-06-01T16:38:51.560+02:00 DEBUG 21776 --- [demo] [           main] o.s.b.a.ApplicationAvailabilityBean      : Application availability state ReadinessState changed to ACCEPTING_TRAFFIC
2026-06-01T16:39:28.903+02:00  INFO 21776 --- [demo] [nio-8080-exec-1] o.a.c.c.C.[Tomcat].[localhost].[/]       : Initializing Spring DispatcherServlet 'dispatcherServlet'
2026-06-01T16:39:28.904+02:00  INFO 21776 --- [demo] [nio-8080-exec-1] o.s.web.servlet.DispatcherServlet        : Initializing Servlet 'dispatcherServlet'
2026-06-01T16:39:28.904+02:00 DEBUG 21776 --- [demo] [nio-8080-exec-1] o.s.web.servlet.DispatcherServlet        : Detected StandardServletMultipartResolver
2026-06-01T16:39:28.905+02:00 DEBUG 21776 --- [demo] [nio-8080-exec-1] o.s.web.servlet.DispatcherServlet        : Detected AcceptHeaderLocaleResolver
2026-06-01T16:39:28.905+02:00 DEBUG 21776 --- [demo] [nio-8080-exec-1] o.s.web.servlet.DispatcherServlet        : Detected FixedThemeResolver
2026-06-01T16:39:28.907+02:00 DEBUG 21776 --- [demo] [nio-8080-exec-1] o.s.web.servlet.DispatcherServlet        : Detected org.springframework.web.servlet.view.DefaultRequestToViewNameTranslator@15d6f0e1
2026-06-01T16:39:28.908+02:00 DEBUG 21776 --- [demo] [nio-8080-exec-1] o.s.web.servlet.DispatcherServlet        : Detected org.springframework.web.servlet.support.SessionFlashMapManager@5d4f0fd5
2026-06-01T16:39:28.908+02:00 DEBUG 21776 --- [demo] [nio-8080-exec-1] o.s.web.servlet.DispatcherServlet        : enableLoggingRequestDetails='false': request parameters and headers will be masked to prevent unsafe logging of potentially sensitive data
2026-06-01T16:39:28.909+02:00  INFO 21776 --- [demo] [nio-8080-exec-1] o.s.web.servlet.DispatcherServlet        : Completed initialization in 5 ms
2026-06-01T16:39:29.115+02:00 DEBUG 21776 --- [demo] [nio-8080-exec-1] org.hibernate.SQL                        : select u1_0.id,u1_0.active,u1_0.email,u1_0.name,u1_0.password,u1_0.role from users u1_0 where u1_0.email=?
Hibernate: select u1_0.id,u1_0.active,u1_0.email,u1_0.name,u1_0.password,u1_0.role from users u1_0 where u1_0.email=?
2026-06-01T16:39:29.144+02:00 DEBUG 21776 --- [demo] [nio-8080-exec-1] o.s.web.servlet.DispatcherServlet        : GET "/api/historique", parameters={}
2026-06-01T16:39:29.147+02:00 DEBUG 21776 --- [demo] [nio-8080-exec-1] s.w.s.m.m.a.RequestMappingHandlerMapping : Mapped to com.example.demo.controller.HistoriqueController#getAll()
2026-06-01T16:39:29.169+02:00 DEBUG 21776 --- [demo] [nio-8080-exec-1] org.hibernate.SQL                        : select h1_0.id,h1_0.date,h1_0.deleted_at,h1_0.dependences,h1_0.description,h1_0.discussion,h1_0.duration_minutes,h1_0.end_time,h1_0.meeting_id,h1_0.objective,h1_0.objet,h1_0.presidente,h1_0.rapporteur,h1_0.recommendation,h1_0.room,h1_0.start_time,h1_0.type from historique h1_0 order by h1_0.deleted_at desc
Hibernate: select h1_0.id,h1_0.date,h1_0.deleted_at,h1_0.dependences,h1_0.description,h1_0.discussion,h1_0.duration_minutes,h1_0.end_time,h1_0.meeting_id,h1_0.objective,h1_0.objet,h1_0.presidente,h1_0.rapporteur,h1_0.recommendation,h1_0.room,h1_0.start_time,h1_0.type from historique h1_0 order by h1_0.deleted_at desc
2026-06-01T16:39:29.192+02:00 DEBUG 21776 --- [demo] [nio-8080-exec-1] o.s.w.s.m.m.a.HttpEntityMethodProcessor  : Using 'application/json', given [application/json, text/plain, */*] and supported [application/json, application/*+json]
2026-06-01T16:39:29.204+02:00 DEBUG 21776 --- [demo] [nio-8080-exec-1] o.s.w.s.m.m.a.HttpEntityMethodProcessor  : Writing [[Historique(id=3, meetingId=1002, objective=Suivre les actions ouvertes, type=Follow-up, description (truncated)...]
2026-06-01T16:39:29.240+02:00 DEBUG 21776 --- [demo] [nio-8080-exec-1] o.s.web.servlet.DispatcherServlet        : Completed 200 OK
2026-06-01T16:39:29.255+02:00 DEBUG 21776 --- [demo] [nio-8080-exec-2] org.hibernate.SQL                        : select u1_0.id,u1_0.active,u1_0.email,u1_0.name,u1_0.password,u1_0.role from users u1_0 where u1_0.email=?
Hibernate: select u1_0.id,u1_0.active,u1_0.email,u1_0.name,u1_0.password,u1_0.role from users u1_0 where u1_0.email=?
2026-06-01T16:39:29.259+02:00 DEBUG 21776 --- [demo] [nio-8080-exec-2] o.s.web.servlet.DispatcherServlet        : GET "/api/historique", parameters={}
2026-06-01T16:39:29.260+02:00 DEBUG 21776 --- [demo] [nio-8080-exec-2] s.w.s.m.m.a.RequestMappingHandlerMapping : Mapped to com.example.demo.controller.HistoriqueController#getAll()
2026-06-01T16:39:29.262+02:00 DEBUG 21776 --- [demo] [nio-8080-exec-2] org.hibernate.SQL                        : select h1_0.id,h1_0.date,h1_0.deleted_at,h1_0.dependences,h1_0.description,h1_0.discussion,h1_0.duration_minutes,h1_0.end_time,h1_0.meeting_id,h1_0.objective,h1_0.objet,h1_0.presidente,h1_0.rapporteur,h1_0.recommendation,h1_0.room,h1_0.start_time,h1_0.type from historique h1_0 order by h1_0.deleted_at desc
Hibernate: select h1_0.id,h1_0.date,h1_0.deleted_at,h1_0.dependences,h1_0.description,h1_0.discussion,h1_0.duration_minutes,h1_0.end_time,h1_0.meeting_id,h1_0.objective,h1_0.objet,h1_0.presidente,h1_0.rapporteur,h1_0.recommendation,h1_0.room,h1_0.start_time,h1_0.type from historique h1_0 order by h1_0.deleted_at desc
2026-06-01T16:39:29.265+02:00 DEBUG 21776 --- [demo] [nio-8080-exec-2] o.s.w.s.m.m.a.HttpEntityMethodProcessor  : Using 'application/json', given [application/json, text/plain, */*] and supported [application/json, application/*+json]
2026-06-01T16:39:29.266+02:00 DEBUG 21776 --- [demo] [nio-8080-exec-2] o.s.w.s.m.m.a.HttpEntityMethodProcessor  : Writing [[Historique(id=3, meetingId=1002, objective=Suivre les actions ouvertes, type=Follow-up, description (truncated)...]
2026-06-01T16:39:29.267+02:00 DEBUG 21776 --- [demo] [nio-8080-exec-2] o.s.web.servlet.DispatcherServlet        : Completed 200 OK
2026-06-01T16:39:30.477+02:00 DEBUG 21776 --- [demo] [nio-8080-exec-3] org.hibernate.SQL                        : select u1_0.id,u1_0.active,u1_0.email,u1_0.name,u1_0.password,u1_0.role from users u1_0 where u1_0.email=?
Hibernate: select u1_0.id,u1_0.active,u1_0.email,u1_0.name,u1_0.password,u1_0.role from users u1_0 where u1_0.email=?
2026-06-01T16:39:30.481+02:00 DEBUG 21776 --- [demo] [nio-8080-exec-3] o.s.web.servlet.DispatcherServlet        : GET "/api/historique/3", parameters={}
2026-06-01T16:39:30.482+02:00 DEBUG 21776 --- [demo] [nio-8080-exec-3] s.w.s.m.m.a.RequestMappingHandlerMapping : Mapped to com.example.demo.controller.HistoriqueController#getById(Long)
2026-06-01T16:39:30.500+02:00 DEBUG 21776 --- [demo] [nio-8080-exec-3] org.hibernate.SQL                        : select h1_0.id,h1_0.date,h1_0.deleted_at,h1_0.dependences,h1_0.description,h1_0.discussion,h1_0.duration_minutes,h1_0.end_time,h1_0.meeting_id,h1_0.objective,h1_0.objet,h1_0.presidente,h1_0.rapporteur,h1_0.recommendation,h1_0.room,h1_0.start_time,h1_0.type from historique h1_0 where h1_0.id=?
Hibernate: select h1_0.id,h1_0.date,h1_0.deleted_at,h1_0.dependences,h1_0.description,h1_0.discussion,h1_0.duration_minutes,h1_0.end_time,h1_0.meeting_id,h1_0.objective,h1_0.objet,h1_0.presidente,h1_0.rapporteur,h1_0.recommendation,h1_0.room,h1_0.start_time,h1_0.type from historique h1_0 where h1_0.id=?
2026-06-01T16:39:30.506+02:00 DEBUG 21776 --- [demo] [nio-8080-exec-3] o.s.w.s.m.m.a.HttpEntityMethodProcessor  : Using 'application/json', given [application/json, text/plain, */*] and supported [application/json, application/*+json]
2026-06-01T16:39:30.506+02:00 DEBUG 21776 --- [demo] [nio-8080-exec-3] o.s.w.s.m.m.a.HttpEntityMethodProcessor  : Writing [Historique(id=3, meetingId=1002, objective=Suivre les actions ouvertes, type=Follow-up, description= (truncated)...]
2026-06-01T16:39:30.508+02:00 DEBUG 21776 --- [demo] [nio-8080-exec-3] o.s.web.servlet.DispatcherServlet        : Completed 200 OK
2026-06-01T16:39:30.520+02:00 DEBUG 21776 --- [demo] [nio-8080-exec-4] org.hibernate.SQL                        : select u1_0.id,u1_0.active,u1_0.email,u1_0.name,u1_0.password,u1_0.role from users u1_0 where u1_0.email=?
Hibernate: select u1_0.id,u1_0.active,u1_0.email,u1_0.name,u1_0.password,u1_0.role from users u1_0 where u1_0.email=?
2026-06-01T16:39:30.523+02:00 DEBUG 21776 --- [demo] [nio-8080-exec-4] o.s.web.servlet.DispatcherServlet        : GET "/api/historique/3", parameters={}
2026-06-01T16:39:30.524+02:00 DEBUG 21776 --- [demo] [nio-8080-exec-4] s.w.s.m.m.a.RequestMappingHandlerMapping : Mapped to com.example.demo.controller.HistoriqueController#getById(Long)
2026-06-01T16:39:30.525+02:00 DEBUG 21776 --- [demo] [nio-8080-exec-4] org.hibernate.SQL                        : select h1_0.id,h1_0.date,h1_0.deleted_at,h1_0.dependences,h1_0.description,h1_0.discussion,h1_0.duration_minutes,h1_0.end_time,h1_0.meeting_id,h1_0.objective,h1_0.objet,h1_0.presidente,h1_0.rapporteur,h1_0.recommendation,h1_0.room,h1_0.start_time,h1_0.type from historique h1_0 where h1_0.id=?
Hibernate: select h1_0.id,h1_0.date,h1_0.deleted_at,h1_0.dependences,h1_0.description,h1_0.discussion,h1_0.duration_minutes,h1_0.end_time,h1_0.meeting_id,h1_0.objective,h1_0.objet,h1_0.presidente,h1_0.rapporteur,h1_0.recommendation,h1_0.room,h1_0.start_time,h1_0.type from historique h1_0 where h1_0.id=?
2026-06-01T16:39:30.529+02:00 DEBUG 21776 --- [demo] [nio-8080-exec-4] o.s.w.s.m.m.a.HttpEntityMethodProcessor  : Using 'application/json', given [application/json, text/plain, */*] and supported [application/json, application/*+json]
2026-06-01T16:39:30.530+02:00 DEBUG 21776 --- [demo] [nio-8080-exec-4] o.s.w.s.m.m.a.HttpEntityMethodProcessor  : Writing [Historique(id=3, meetingId=1002, objective=Suivre les actions ouvertes, type=Follow-up, description= (truncated)...]
2026-06-01T16:39:30.531+02:00 DEBUG 21776 --- [demo] [nio-8080-exec-4] o.s.web.servlet.DispatcherServlet        : Completed 200 OK
2026-06-01T16:56:43.293+02:00 DEBUG 21776 --- [demo] [nio-8080-exec-5] org.hibernate.SQL                        : select u1_0.id,u1_0.active,u1_0.email,u1_0.name,u1_0.password,u1_0.role from users u1_0 where u1_0.email=?
Hibernate: select u1_0.id,u1_0.active,u1_0.email,u1_0.name,u1_0.password,u1_0.role from users u1_0 where u1_0.email=?
2026-06-01T16:56:43.305+02:00 DEBUG 21776 --- [demo] [nio-8080-exec-5] o.s.web.servlet.DispatcherServlet        : GET "/api/meetings", parameters={}
2026-06-01T16:56:43.306+02:00 DEBUG 21776 --- [demo] [nio-8080-exec-5] s.w.s.m.m.a.RequestMappingHandlerMapping : Mapped to com.example.demo.controller.MeetingController#findAll(String, String, String, String, String)
2026-06-01T16:56:43.320+02:00 DEBUG 21776 --- [demo] [nio-8080-exec-5] org.hibernate.SQL                        : select m1_0.id,m1_0.date,m1_0.dependences,m1_0.description,m1_0.discussion,m1_0.end_time,m1_0.objective,m1_0.objet,m1_0.presidente,m1_0.rapporteur,m1_0.recommendation,m1_0.room,m1_0.start_time,m1_0.type from meetings m1_0
Hibernate: select m1_0.id,m1_0.date,m1_0.dependences,m1_0.description,m1_0.discussion,m1_0.end_time,m1_0.objective,m1_0.objet,m1_0.presidente,m1_0.rapporteur,m1_0.recommendation,m1_0.room,m1_0.start_time,m1_0.type from meetings m1_0
2026-06-01T16:56:43.341+02:00 DEBUG 21776 --- [demo] [nio-8080-exec-5] org.hibernate.SQL                        : select p1_0.meeting_id,p1_1.id,p1_1.email,p1_1.first_name,p1_1.last_name,p1_1.phone from meeting_participants p1_0 join participants p1_1 on p1_1.id=p1_0.participant_id where p1_0.meeting_id=?
Hibernate: select p1_0.meeting_id,p1_1.id,p1_1.email,p1_1.first_name,p1_1.last_name,p1_1.phone from meeting_participants p1_0 join participants p1_1 on p1_1.id=p1_0.participant_id where p1_0.meeting_id=?
2026-06-01T16:56:43.349+02:00 DEBUG 21776 --- [demo] [nio-8080-exec-5] org.hibernate.SQL                        : select a1_0.meeting_id,a1_1.id,a1_1.description,a1_1.name from meeting_audiences a1_0 join audiences a1_1 on a1_1.id=a1_0.audience_id where a1_0.meeting_id=?
Hibernate: select a1_0.meeting_id,a1_1.id,a1_1.description,a1_1.name from meeting_audiences a1_0 join audiences a1_1 on a1_1.id=a1_0.audience_id where a1_0.meeting_id=?
2026-06-01T16:56:43.354+02:00 DEBUG 21776 --- [demo] [nio-8080-exec-5] org.hibernate.SQL                        : select p1_0.meeting_id,p1_0.id,p1_0.upload_date,p1_0.uploaded_by_id,p1_0.url from photos p1_0 where p1_0.meeting_id=?
Hibernate: select p1_0.meeting_id,p1_0.id,p1_0.upload_date,p1_0.uploaded_by_id,p1_0.url from photos p1_0 where p1_0.meeting_id=?
2026-06-01T16:56:43.361+02:00 DEBUG 21776 --- [demo] [nio-8080-exec-5] org.hibernate.SQL                        : select d1_0.meeting_id,d1_0.id,d1_0.name,d1_0.url from documents d1_0 where d1_0.meeting_id=?
Hibernate: select d1_0.meeting_id,d1_0.id,d1_0.name,d1_0.url from documents d1_0 where d1_0.meeting_id=?
2026-06-01T16:56:43.365+02:00 DEBUG 21776 --- [demo] [nio-8080-exec-5] org.hibernate.SQL                        : select p1_0.meeting_id,p1_1.id,p1_1.email,p1_1.first_name,p1_1.last_name,p1_1.phone from meeting_participants p1_0 join participants p1_1 on p1_1.id=p1_0.participant_id where p1_0.meeting_id=?
Hibernate: select p1_0.meeting_id,p1_1.id,p1_1.email,p1_1.first_name,p1_1.last_name,p1_1.phone from meeting_participants p1_0 join participants p1_1 on p1_1.id=p1_0.participant_id where p1_0.meeting_id=?
2026-06-01T16:56:43.368+02:00 DEBUG 21776 --- [demo] [nio-8080-exec-5] org.hibernate.SQL                        : select a1_0.meeting_id,a1_1.id,a1_1.description,a1_1.name from meeting_audiences a1_0 join audiences a1_1 on a1_1.id=a1_0.audience_id where a1_0.meeting_id=?
Hibernate: select a1_0.meeting_id,a1_1.id,a1_1.description,a1_1.name from meeting_audiences a1_0 join audiences a1_1 on a1_1.id=a1_0.audience_id where a1_0.meeting_id=?
2026-06-01T16:56:43.370+02:00 DEBUG 21776 --- [demo] [nio-8080-exec-5] org.hibernate.SQL                        : select p1_0.meeting_id,p1_0.id,p1_0.upload_date,p1_0.uploaded_by_id,p1_0.url from photos p1_0 where p1_0.meeting_id=?
Hibernate: select p1_0.meeting_id,p1_0.id,p1_0.upload_date,p1_0.uploaded_by_id,p1_0.url from photos p1_0 where p1_0.meeting_id=?
2026-06-01T16:56:43.373+02:00 DEBUG 21776 --- [demo] [nio-8080-exec-5] org.hibernate.SQL                        : select d1_0.meeting_id,d1_0.id,d1_0.name,d1_0.url from documents d1_0 where d1_0.meeting_id=?
Hibernate: select d1_0.meeting_id,d1_0.id,d1_0.name,d1_0.url from documents d1_0 where d1_0.meeting_id=?
2026-06-01T16:56:43.377+02:00 DEBUG 21776 --- [demo] [nio-8080-exec-5] org.hibernate.SQL                        : select p1_0.meeting_id,p1_1.id,p1_1.email,p1_1.first_name,p1_1.last_name,p1_1.phone from meeting_participants p1_0 join participants p1_1 on p1_1.id=p1_0.participant_id where p1_0.meeting_id=?
Hibernate: select p1_0.meeting_id,p1_1.id,p1_1.email,p1_1.first_name,p1_1.last_name,p1_1.phone from meeting_participants p1_0 join participants p1_1 on p1_1.id=p1_0.participant_id where p1_0.meeting_id=?
2026-06-01T16:56:43.380+02:00 DEBUG 21776 --- [demo] [nio-8080-exec-5] org.hibernate.SQL                        : select a1_0.meeting_id,a1_1.id,a1_1.description,a1_1.name from meeting_audiences a1_0 join audiences a1_1 on a1_1.id=a1_0.audience_id where a1_0.meeting_id=?
Hibernate: select a1_0.meeting_id,a1_1.id,a1_1.description,a1_1.name from meeting_audiences a1_0 join audiences a1_1 on a1_1.id=a1_0.audience_id where a1_0.meeting_id=?
2026-06-01T16:56:43.382+02:00 DEBUG 21776 --- [demo] [nio-8080-exec-5] org.hibernate.SQL                        : select p1_0.meeting_id,p1_0.id,p1_0.upload_date,p1_0.uploaded_by_id,p1_0.url from photos p1_0 where p1_0.meeting_id=?
Hibernate: select p1_0.meeting_id,p1_0.id,p1_0.upload_date,p1_0.uploaded_by_id,p1_0.url from photos p1_0 where p1_0.meeting_id=?
2026-06-01T16:56:43.384+02:00 DEBUG 21776 --- [demo] [nio-8080-exec-5] org.hibernate.SQL                        : select d1_0.meeting_id,d1_0.id,d1_0.name,d1_0.url from documents d1_0 where d1_0.meeting_id=?
Hibernate: select d1_0.meeting_id,d1_0.id,d1_0.name,d1_0.url from documents d1_0 where d1_0.meeting_id=?
2026-06-01T16:56:43.385+02:00 DEBUG 21776 --- [demo] [nio-8080-exec-5] org.hibernate.SQL                        : select p1_0.meeting_id,p1_1.id,p1_1.email,p1_1.first_name,p1_1.last_name,p1_1.phone from meeting_participants p1_0 join participants p1_1 on p1_1.id=p1_0.participant_id where p1_0.meeting_id=?
Hibernate: select p1_0.meeting_id,p1_1.id,p1_1.email,p1_1.first_name,p1_1.last_name,p1_1.phone from meeting_participants p1_0 join participants p1_1 on p1_1.id=p1_0.participant_id where p1_0.meeting_id=?
2026-06-01T16:56:43.387+02:00 DEBUG 21776 --- [demo] [nio-8080-exec-5] org.hibernate.SQL                        : select a1_0.meeting_id,a1_1.id,a1_1.description,a1_1.name from meeting_audiences a1_0 join audiences a1_1 on a1_1.id=a1_0.audience_id where a1_0.meeting_id=?
Hibernate: select a1_0.meeting_id,a1_1.id,a1_1.description,a1_1.name from meeting_audiences a1_0 join audiences a1_1 on a1_1.id=a1_0.audience_id where a1_0.meeting_id=?
2026-06-01T16:56:43.389+02:00 DEBUG 21776 --- [demo] [nio-8080-exec-5] org.hibernate.SQL                        : select p1_0.meeting_id,p1_0.id,p1_0.upload_date,p1_0.uploaded_by_id,p1_0.url from photos p1_0 where p1_0.meeting_id=?
Hibernate: select p1_0.meeting_id,p1_0.id,p1_0.upload_date,p1_0.uploaded_by_id,p1_0.url from photos p1_0 where p1_0.meeting_id=?
2026-06-01T16:56:43.391+02:00 DEBUG 21776 --- [demo] [nio-8080-exec-5] org.hibernate.SQL                        : select d1_0.meeting_id,d1_0.id,d1_0.name,d1_0.url from documents d1_0 where d1_0.meeting_id=?
Hibernate: select d1_0.meeting_id,d1_0.id,d1_0.name,d1_0.url from documents d1_0 where d1_0.meeting_id=?
2026-06-01T16:56:43.394+02:00 DEBUG 21776 --- [demo] [nio-8080-exec-5] o.s.w.s.m.m.a.HttpEntityMethodProcessor  : Using 'application/json', given [application/json, text/plain, */*] and supported [application/json, application/*+json]
2026-06-01T16:56:43.406+02:00 DEBUG 21776 --- [demo] [nio-8080-exec-5] o.s.w.s.m.m.a.HttpEntityMethodProcessor  : Writing [[MeetingResponse(id=1001, objective=Planifier le lancement du projet, type=Planning, description=Reu (truncated)...]
2026-06-01T16:56:43.421+02:00 DEBUG 21776 --- [demo] [nio-8080-exec-5] o.s.web.servlet.DispatcherServlet        : Completed 200 OK
2026-06-01T16:56:43.432+02:00 DEBUG 21776 --- [demo] [nio-8080-exec-6] org.hibernate.SQL                        : select u1_0.id,u1_0.active,u1_0.email,u1_0.name,u1_0.password,u1_0.role from users u1_0 where u1_0.email=?
Hibernate: select u1_0.id,u1_0.active,u1_0.email,u1_0.name,u1_0.password,u1_0.role from users u1_0 where u1_0.email=?
2026-06-01T16:56:43.437+02:00 DEBUG 21776 --- [demo] [nio-8080-exec-6] o.s.web.servlet.DispatcherServlet        : GET "/api/meetings", parameters={}
2026-06-01T16:56:43.438+02:00 DEBUG 21776 --- [demo] [nio-8080-exec-6] s.w.s.m.m.a.RequestMappingHandlerMapping : Mapped to com.example.demo.controller.MeetingController#findAll(String, String, String, String, String)
2026-06-01T16:56:43.441+02:00 DEBUG 21776 --- [demo] [nio-8080-exec-6] org.hibernate.SQL                        : select m1_0.id,m1_0.date,m1_0.dependences,m1_0.description,m1_0.discussion,m1_0.end_time,m1_0.objective,m1_0.objet,m1_0.presidente,m1_0.rapporteur,m1_0.recommendation,m1_0.room,m1_0.start_time,m1_0.type from meetings m1_0
Hibernate: select m1_0.id,m1_0.date,m1_0.dependences,m1_0.description,m1_0.discussion,m1_0.end_time,m1_0.objective,m1_0.objet,m1_0.presidente,m1_0.rapporteur,m1_0.recommendation,m1_0.room,m1_0.start_time,m1_0.type from meetings m1_0
2026-06-01T16:56:43.446+02:00 DEBUG 21776 --- [demo] [nio-8080-exec-6] org.hibernate.SQL                        : select p1_0.meeting_id,p1_1.id,p1_1.email,p1_1.first_name,p1_1.last_name,p1_1.phone from meeting_participants p1_0 join participants p1_1 on p1_1.id=p1_0.participant_id where p1_0.meeting_id=?
Hibernate: select p1_0.meeting_id,p1_1.id,p1_1.email,p1_1.first_name,p1_1.last_name,p1_1.phone from meeting_participants p1_0 join participants p1_1 on p1_1.id=p1_0.participant_id where p1_0.meeting_id=?
2026-06-01T16:56:43.449+02:00 DEBUG 21776 --- [demo] [nio-8080-exec-6] org.hibernate.SQL                        : select a1_0.meeting_id,a1_1.id,a1_1.description,a1_1.name from meeting_audiences a1_0 join audiences a1_1 on a1_1.id=a1_0.audience_id where a1_0.meeting_id=?
Hibernate: select a1_0.meeting_id,a1_1.id,a1_1.description,a1_1.name from meeting_audiences a1_0 join audiences a1_1 on a1_1.id=a1_0.audience_id where a1_0.meeting_id=?
2026-06-01T16:56:43.451+02:00 DEBUG 21776 --- [demo] [nio-8080-exec-6] org.hibernate.SQL                        : select p1_0.meeting_id,p1_0.id,p1_0.upload_date,p1_0.uploaded_by_id,p1_0.url from photos p1_0 where p1_0.meeting_id=?
Hibernate: select p1_0.meeting_id,p1_0.id,p1_0.upload_date,p1_0.uploaded_by_id,p1_0.url from photos p1_0 where p1_0.meeting_id=?
2026-06-01T16:56:43.453+02:00 DEBUG 21776 --- [demo] [nio-8080-exec-6] org.hibernate.SQL                        : select d1_0.meeting_id,d1_0.id,d1_0.name,d1_0.url from documents d1_0 where d1_0.meeting_id=?
Hibernate: select d1_0.meeting_id,d1_0.id,d1_0.name,d1_0.url from documents d1_0 where d1_0.meeting_id=?
2026-06-01T16:56:43.456+02:00 DEBUG 21776 --- [demo] [nio-8080-exec-6] org.hibernate.SQL                        : select p1_0.meeting_id,p1_1.id,p1_1.email,p1_1.first_name,p1_1.last_name,p1_1.phone from meeting_participants p1_0 join participants p1_1 on p1_1.id=p1_0.participant_id where p1_0.meeting_id=?
Hibernate: select p1_0.meeting_id,p1_1.id,p1_1.email,p1_1.first_name,p1_1.last_name,p1_1.phone from meeting_participants p1_0 join participants p1_1 on p1_1.id=p1_0.participant_id where p1_0.meeting_id=?
2026-06-01T16:56:43.457+02:00 DEBUG 21776 --- [demo] [nio-8080-exec-6] org.hibernate.SQL                        : select a1_0.meeting_id,a1_1.id,a1_1.description,a1_1.name from meeting_audiences a1_0 join audiences a1_1 on a1_1.id=a1_0.audience_id where a1_0.meeting_id=?
Hibernate: select a1_0.meeting_id,a1_1.id,a1_1.description,a1_1.name from meeting_audiences a1_0 join audiences a1_1 on a1_1.id=a1_0.audience_id where a1_0.meeting_id=?
2026-06-01T16:56:43.460+02:00 DEBUG 21776 --- [demo] [nio-8080-exec-6] org.hibernate.SQL                        : select p1_0.meeting_id,p1_0.id,p1_0.upload_date,p1_0.uploaded_by_id,p1_0.url from photos p1_0 where p1_0.meeting_id=?
Hibernate: select p1_0.meeting_id,p1_0.id,p1_0.upload_date,p1_0.uploaded_by_id,p1_0.url from photos p1_0 where p1_0.meeting_id=?
2026-06-01T16:56:43.463+02:00 DEBUG 21776 --- [demo] [nio-8080-exec-6] org.hibernate.SQL                        : select d1_0.meeting_id,d1_0.id,d1_0.name,d1_0.url from documents d1_0 where d1_0.meeting_id=?
Hibernate: select d1_0.meeting_id,d1_0.id,d1_0.name,d1_0.url from documents d1_0 where d1_0.meeting_id=?
2026-06-01T16:56:43.470+02:00 DEBUG 21776 --- [demo] [nio-8080-exec-6] org.hibernate.SQL                        : select p1_0.meeting_id,p1_1.id,p1_1.email,p1_1.first_name,p1_1.last_name,p1_1.phone from meeting_participants p1_0 join participants p1_1 on p1_1.id=p1_0.participant_id where p1_0.meeting_id=?
Hibernate: select p1_0.meeting_id,p1_1.id,p1_1.email,p1_1.first_name,p1_1.last_name,p1_1.phone from meeting_participants p1_0 join participants p1_1 on p1_1.id=p1_0.participant_id where p1_0.meeting_id=?
2026-06-01T16:56:43.474+02:00 DEBUG 21776 --- [demo] [nio-8080-exec-6] org.hibernate.SQL                        : select a1_0.meeting_id,a1_1.id,a1_1.description,a1_1.name from meeting_audiences a1_0 join audiences a1_1 on a1_1.id=a1_0.audience_id where a1_0.meeting_id=?
Hibernate: select a1_0.meeting_id,a1_1.id,a1_1.description,a1_1.name from meeting_audiences a1_0 join audiences a1_1 on a1_1.id=a1_0.audience_id where a1_0.meeting_id=?
2026-06-01T16:56:43.478+02:00 DEBUG 21776 --- [demo] [nio-8080-exec-6] org.hibernate.SQL                        : select p1_0.meeting_id,p1_0.id,p1_0.upload_date,p1_0.uploaded_by_id,p1_0.url from photos p1_0 where p1_0.meeting_id=?
Hibernate: select p1_0.meeting_id,p1_0.id,p1_0.upload_date,p1_0.uploaded_by_id,p1_0.url from photos p1_0 where p1_0.meeting_id=?
2026-06-01T16:56:43.481+02:00 DEBUG 21776 --- [demo] [nio-8080-exec-6] org.hibernate.SQL                        : select d1_0.meeting_id,d1_0.id,d1_0.name,d1_0.url from documents d1_0 where d1_0.meeting_id=?
Hibernate: select d1_0.meeting_id,d1_0.id,d1_0.name,d1_0.url from documents d1_0 where d1_0.meeting_id=?
2026-06-01T16:56:43.483+02:00 DEBUG 21776 --- [demo] [nio-8080-exec-6] org.hibernate.SQL                        : select p1_0.meeting_id,p1_1.id,p1_1.email,p1_1.first_name,p1_1.last_name,p1_1.phone from meeting_participants p1_0 join participants p1_1 on p1_1.id=p1_0.participant_id where p1_0.meeting_id=?
Hibernate: select p1_0.meeting_id,p1_1.id,p1_1.email,p1_1.first_name,p1_1.last_name,p1_1.phone from meeting_participants p1_0 join participants p1_1 on p1_1.id=p1_0.participant_id where p1_0.meeting_id=?
2026-06-01T16:56:43.485+02:00 DEBUG 21776 --- [demo] [nio-8080-exec-6] org.hibernate.SQL                        : select a1_0.meeting_id,a1_1.id,a1_1.description,a1_1.name from meeting_audiences a1_0 join audiences a1_1 on a1_1.id=a1_0.audience_id where a1_0.meeting_id=?
Hibernate: select a1_0.meeting_id,a1_1.id,a1_1.description,a1_1.name from meeting_audiences a1_0 join audiences a1_1 on a1_1.id=a1_0.audience_id where a1_0.meeting_id=?
2026-06-01T16:56:43.487+02:00 DEBUG 21776 --- [demo] [nio-8080-exec-6] org.hibernate.SQL                        : select p1_0.meeting_id,p1_0.id,p1_0.upload_date,p1_0.uploaded_by_id,p1_0.url from photos p1_0 where p1_0.meeting_id=?
Hibernate: select p1_0.meeting_id,p1_0.id,p1_0.upload_date,p1_0.uploaded_by_id,p1_0.url from photos p1_0 where p1_0.meeting_id=?
2026-06-01T16:56:43.488+02:00 DEBUG 21776 --- [demo] [nio-8080-exec-6] org.hibernate.SQL                        : select d1_0.meeting_id,d1_0.id,d1_0.name,d1_0.url from documents d1_0 where d1_0.meeting_id=?
Hibernate: select d1_0.meeting_id,d1_0.id,d1_0.name,d1_0.url from documents d1_0 where d1_0.meeting_id=?
2026-06-01T16:56:43.491+02:00 DEBUG 21776 --- [demo] [nio-8080-exec-6] o.s.w.s.m.m.a.HttpEntityMethodProcessor  : Using 'application/json', given [application/json, text/plain, */*] and supported [application/json, application/*+json]
2026-06-01T16:56:43.492+02:00 DEBUG 21776 --- [demo] [nio-8080-exec-6] o.s.w.s.m.m.a.HttpEntityMethodProcessor  : Writing [[MeetingResponse(id=1001, objective=Planifier le lancement du projet, type=Planning, description=Reu (truncated)...]
2026-06-01T16:56:43.494+02:00 DEBUG 21776 --- [demo] [nio-8080-exec-6] o.s.web.servlet.DispatcherServlet        : Completed 200 OK
2026-06-01T16:56:44.232+02:00 DEBUG 21776 --- [demo] [nio-8080-exec-7] org.hibernate.SQL                        : select u1_0.id,u1_0.active,u1_0.email,u1_0.name,u1_0.password,u1_0.role from users u1_0 where u1_0.email=?
Hibernate: select u1_0.id,u1_0.active,u1_0.email,u1_0.name,u1_0.password,u1_0.role from users u1_0 where u1_0.email=?
2026-06-01T16:56:44.241+02:00 DEBUG 21776 --- [demo] [nio-8080-exec-7] o.s.web.servlet.DispatcherServlet        : GET "/api/meetings/1001", parameters={}
2026-06-01T16:56:44.243+02:00 DEBUG 21776 --- [demo] [nio-8080-exec-7] s.w.s.m.m.a.RequestMappingHandlerMapping : Mapped to com.example.demo.controller.MeetingController#findById(Long)
2026-06-01T16:56:44.247+02:00 DEBUG 21776 --- [demo] [nio-8080-exec-7] org.hibernate.SQL                        : select m1_0.id,m1_0.date,m1_0.dependences,m1_0.description,m1_0.discussion,m1_0.end_time,m1_0.objective,m1_0.objet,m1_0.presidente,m1_0.rapporteur,m1_0.recommendation,m1_0.room,m1_0.start_time,m1_0.type from meetings m1_0 where m1_0.id=?
Hibernate: select m1_0.id,m1_0.date,m1_0.dependences,m1_0.description,m1_0.discussion,m1_0.end_time,m1_0.objective,m1_0.objet,m1_0.presidente,m1_0.rapporteur,m1_0.recommendation,m1_0.room,m1_0.start_time,m1_0.type from meetings m1_0 where m1_0.id=?
2026-06-01T16:56:44.251+02:00 DEBUG 21776 --- [demo] [nio-8080-exec-7] org.hibernate.SQL                        : select p1_0.meeting_id,p1_1.id,p1_1.email,p1_1.first_name,p1_1.last_name,p1_1.phone from meeting_participants p1_0 join participants p1_1 on p1_1.id=p1_0.participant_id where p1_0.meeting_id=?
Hibernate: select p1_0.meeting_id,p1_1.id,p1_1.email,p1_1.first_name,p1_1.last_name,p1_1.phone from meeting_participants p1_0 join participants p1_1 on p1_1.id=p1_0.participant_id where p1_0.meeting_id=?
2026-06-01T16:56:44.252+02:00 DEBUG 21776 --- [demo] [nio-8080-exec-7] org.hibernate.SQL                        : select a1_0.meeting_id,a1_1.id,a1_1.description,a1_1.name from meeting_audiences a1_0 join audiences a1_1 on a1_1.id=a1_0.audience_id where a1_0.meeting_id=?
Hibernate: select a1_0.meeting_id,a1_1.id,a1_1.description,a1_1.name from meeting_audiences a1_0 join audiences a1_1 on a1_1.id=a1_0.audience_id where a1_0.meeting_id=?
2026-06-01T16:56:44.255+02:00 DEBUG 21776 --- [demo] [nio-8080-exec-7] org.hibernate.SQL                        : select p1_0.meeting_id,p1_0.id,p1_0.upload_date,p1_0.uploaded_by_id,p1_0.url from photos p1_0 where p1_0.meeting_id=?
Hibernate: select p1_0.meeting_id,p1_0.id,p1_0.upload_date,p1_0.uploaded_by_id,p1_0.url from photos p1_0 where p1_0.meeting_id=?
2026-06-01T16:56:44.257+02:00 DEBUG 21776 --- [demo] [nio-8080-exec-7] org.hibernate.SQL                        : select d1_0.meeting_id,d1_0.id,d1_0.name,d1_0.url from documents d1_0 where d1_0.meeting_id=?
Hibernate: select d1_0.meeting_id,d1_0.id,d1_0.name,d1_0.url from documents d1_0 where d1_0.meeting_id=?
2026-06-01T16:56:44.265+02:00 DEBUG 21776 --- [demo] [nio-8080-exec-7] o.s.w.s.m.m.a.HttpEntityMethodProcessor  : Using 'application/json', given [application/json, text/plain, */*] and supported [application/json, application/*+json]
2026-06-01T16:56:44.266+02:00 DEBUG 21776 --- [demo] [nio-8080-exec-7] o.s.w.s.m.m.a.HttpEntityMethodProcessor  : Writing [MeetingResponse(id=1001, objective=Planifier le lancement du projet, type=Planning, description=Reun (truncated)...]
2026-06-01T16:56:44.269+02:00 DEBUG 21776 --- [demo] [nio-8080-exec-7] o.s.web.servlet.DispatcherServlet        : Completed 200 OK
2026-06-01T16:56:44.286+02:00 DEBUG 21776 --- [demo] [nio-8080-exec-8] org.hibernate.SQL                        : select u1_0.id,u1_0.active,u1_0.email,u1_0.name,u1_0.password,u1_0.role from users u1_0 where u1_0.email=?
Hibernate: select u1_0.id,u1_0.active,u1_0.email,u1_0.name,u1_0.password,u1_0.role from users u1_0 where u1_0.email=?
2026-06-01T16:56:44.286+02:00 DEBUG 21776 --- [demo] [nio-8080-exec-9] org.hibernate.SQL                        : select u1_0.id,u1_0.active,u1_0.email,u1_0.name,u1_0.password,u1_0.role from users u1_0 where u1_0.email=?
Hibernate: select u1_0.id,u1_0.active,u1_0.email,u1_0.name,u1_0.password,u1_0.role from users u1_0 where u1_0.email=?
2026-06-01T16:56:44.291+02:00 DEBUG 21776 --- [demo] [nio-8080-exec-8] o.s.web.servlet.DispatcherServlet        : GET "/api/meetings/1001", parameters={}
2026-06-01T16:56:44.291+02:00 DEBUG 21776 --- [demo] [nio-8080-exec-9] o.s.web.servlet.DispatcherServlet        : GET "/api/meetings/1001/tasks", parameters={}
2026-06-01T16:56:44.291+02:00 DEBUG 21776 --- [demo] [nio-8080-exec-8] s.w.s.m.m.a.RequestMappingHandlerMapping : Mapped to com.example.demo.controller.MeetingController#findById(Long)
2026-06-01T16:56:44.293+02:00 DEBUG 21776 --- [demo] [nio-8080-exec-9] s.w.s.m.m.a.RequestMappingHandlerMapping : Mapped to com.example.demo.controller.TaskController#findByMeeting(Long)
2026-06-01T16:56:44.295+02:00 DEBUG 21776 --- [demo] [nio-8080-exec-8] org.hibernate.SQL                        : select m1_0.id,m1_0.date,m1_0.dependences,m1_0.description,m1_0.discussion,m1_0.end_time,m1_0.objective,m1_0.objet,m1_0.presidente,m1_0.rapporteur,m1_0.recommendation,m1_0.room,m1_0.start_time,m1_0.type from meetings m1_0 where m1_0.id=?
Hibernate: select m1_0.id,m1_0.date,m1_0.dependences,m1_0.description,m1_0.discussion,m1_0.end_time,m1_0.objective,m1_0.objet,m1_0.presidente,m1_0.rapporteur,m1_0.recommendation,m1_0.room,m1_0.start_time,m1_0.type from meetings m1_0 where m1_0.id=?
2026-06-01T16:56:44.298+02:00 DEBUG 21776 --- [demo] [nio-8080-exec-9] org.hibernate.SQL                        : select t1_0.id,t1_0.meeting_id,t1_0.status,t1_0.title from tasks t1_0 where t1_0.meeting_id=?
Hibernate: select t1_0.id,t1_0.meeting_id,t1_0.status,t1_0.title from tasks t1_0 where t1_0.meeting_id=?
2026-06-01T16:56:44.299+02:00 DEBUG 21776 --- [demo] [nio-8080-exec-8] org.hibernate.SQL                        : select p1_0.meeting_id,p1_1.id,p1_1.email,p1_1.first_name,p1_1.last_name,p1_1.phone from meeting_participants p1_0 join participants p1_1 on p1_1.id=p1_0.participant_id where p1_0.meeting_id=?
Hibernate: select p1_0.meeting_id,p1_1.id,p1_1.email,p1_1.first_name,p1_1.last_name,p1_1.phone from meeting_participants p1_0 join participants p1_1 on p1_1.id=p1_0.participant_id where p1_0.meeting_id=?
2026-06-01T16:56:44.314+02:00 DEBUG 21776 --- [demo] [nio-8080-exec-8] org.hibernate.SQL                        : select a1_0.meeting_id,a1_1.id,a1_1.description,a1_1.name from meeting_audiences a1_0 join audiences a1_1 on a1_1.id=a1_0.audience_id where a1_0.meeting_id=?
Hibernate: select a1_0.meeting_id,a1_1.id,a1_1.description,a1_1.name from meeting_audiences a1_0 join audiences a1_1 on a1_1.id=a1_0.audience_id where a1_0.meeting_id=?
2026-06-01T16:56:44.317+02:00 DEBUG 21776 --- [demo] [nio-8080-exec-8] org.hibernate.SQL                        : select p1_0.meeting_id,p1_0.id,p1_0.upload_date,p1_0.uploaded_by_id,p1_0.url from photos p1_0 where p1_0.meeting_id=?
Hibernate: select p1_0.meeting_id,p1_0.id,p1_0.upload_date,p1_0.uploaded_by_id,p1_0.url from photos p1_0 where p1_0.meeting_id=?
2026-06-01T16:56:44.319+02:00 DEBUG 21776 --- [demo] [nio-8080-exec-9] o.s.w.s.m.m.a.HttpEntityMethodProcessor  : Using 'application/json', given [application/json, text/plain, */*] and supported [application/json, application/*+json]
2026-06-01T16:56:44.319+02:00 DEBUG 21776 --- [demo] [nio-8080-exec-8] org.hibernate.SQL                        : select d1_0.meeting_id,d1_0.id,d1_0.name,d1_0.url from documents d1_0 where d1_0.meeting_id=?
Hibernate: select d1_0.meeting_id,d1_0.id,d1_0.name,d1_0.url from documents d1_0 where d1_0.meeting_id=?
2026-06-01T16:56:44.320+02:00 DEBUG 21776 --- [demo] [nio-8080-exec-9] o.s.w.s.m.m.a.HttpEntityMethodProcessor  : Writing [[]]
2026-06-01T16:56:44.322+02:00 DEBUG 21776 --- [demo] [nio-8080-exec-9] o.s.web.servlet.DispatcherServlet        : Completed 200 OK
2026-06-01T16:56:44.323+02:00 DEBUG 21776 --- [demo] [nio-8080-exec-8] o.s.w.s.m.m.a.HttpEntityMethodProcessor  : Using 'application/json', given [application/json, text/plain, */*] and supported [application/json, application/*+json]
2026-06-01T16:56:44.323+02:00 DEBUG 21776 --- [demo] [nio-8080-exec-8] o.s.w.s.m.m.a.HttpEntityMethodProcessor  : Writing [MeetingResponse(id=1001, objective=Planifier le lancement du projet, type=Planning, description=Reun (truncated)...]
2026-06-01T16:56:44.326+02:00 DEBUG 21776 --- [demo] [nio-8080-exec-8] o.s.web.servlet.DispatcherServlet        : Completed 200 OK
2026-06-01T16:56:44.339+02:00 DEBUG 21776 --- [demo] [io-8080-exec-10] org.hibernate.SQL                        : select u1_0.id,u1_0.active,u1_0.email,u1_0.name,u1_0.password,u1_0.role from users u1_0 where u1_0.email=?
Hibernate: select u1_0.id,u1_0.active,u1_0.email,u1_0.name,u1_0.password,u1_0.role from users u1_0 where u1_0.email=?
2026-06-01T16:56:44.339+02:00 DEBUG 21776 --- [demo] [nio-8080-exec-1] org.hibernate.SQL                        : select u1_0.id,u1_0.active,u1_0.email,u1_0.name,u1_0.password,u1_0.role from users u1_0 where u1_0.email=?
Hibernate: select u1_0.id,u1_0.active,u1_0.email,u1_0.name,u1_0.password,u1_0.role from users u1_0 where u1_0.email=?
2026-06-01T16:56:44.345+02:00 DEBUG 21776 --- [demo] [io-8080-exec-10] o.s.web.servlet.DispatcherServlet        : GET "/api/meetings/1001/discussions", parameters={}
2026-06-01T16:56:44.348+02:00 DEBUG 21776 --- [demo] [io-8080-exec-10] s.w.s.m.m.a.RequestMappingHandlerMapping : Mapped to com.example.demo.controller.DiscussionController#findByMeeting(Long)
2026-06-01T16:56:44.351+02:00 DEBUG 21776 --- [demo] [nio-8080-exec-1] o.s.web.servlet.DispatcherServlet        : GET "/api/meetings/1001/tasks", parameters={}
2026-06-01T16:56:44.353+02:00 DEBUG 21776 --- [demo] [nio-8080-exec-1] s.w.s.m.m.a.RequestMappingHandlerMapping : Mapped to com.example.demo.controller.TaskController#findByMeeting(Long)
2026-06-01T16:56:44.355+02:00 DEBUG 21776 --- [demo] [io-8080-exec-10] org.hibernate.SQL                        : select d1_0.id,d1_0.content,d1_0.meeting_id,d1_0.id_participant,d1_0.speaker from discussion d1_0 where d1_0.meeting_id=?
Hibernate: select d1_0.id,d1_0.content,d1_0.meeting_id,d1_0.id_participant,d1_0.speaker from discussion d1_0 where d1_0.meeting_id=?
2026-06-01T16:56:44.355+02:00 DEBUG 21776 --- [demo] [nio-8080-exec-1] org.hibernate.SQL                        : select t1_0.id,t1_0.meeting_id,t1_0.status,t1_0.title from tasks t1_0 where t1_0.meeting_id=?
Hibernate: select t1_0.id,t1_0.meeting_id,t1_0.status,t1_0.title from tasks t1_0 where t1_0.meeting_id=?
2026-06-01T16:56:44.359+02:00 DEBUG 21776 --- [demo] [nio-8080-exec-1] o.s.w.s.m.m.a.HttpEntityMethodProcessor  : Using 'application/json', given [application/json, text/plain, */*] and supported [application/json, application/*+json]
2026-06-01T16:56:44.360+02:00 DEBUG 21776 --- [demo] [io-8080-exec-10] o.s.w.s.m.m.a.HttpEntityMethodProcessor  : Using 'application/json', given [application/json, text/plain, */*] and supported [application/json, application/*+json]
2026-06-01T16:56:44.360+02:00 DEBUG 21776 --- [demo] [nio-8080-exec-1] o.s.w.s.m.m.a.HttpEntityMethodProcessor  : Writing [[]]
2026-06-01T16:56:44.361+02:00 DEBUG 21776 --- [demo] [io-8080-exec-10] o.s.w.s.m.m.a.HttpEntityMethodProcessor  : Writing [[]]
2026-06-01T16:56:44.362+02:00 DEBUG 21776 --- [demo] [nio-8080-exec-1] o.s.web.servlet.DispatcherServlet        : Completed 200 OK
2026-06-01T16:56:44.363+02:00 DEBUG 21776 --- [demo] [io-8080-exec-10] o.s.web.servlet.DispatcherServlet        : Completed 200 OK
2026-06-01T16:56:44.376+02:00 DEBUG 21776 --- [demo] [nio-8080-exec-2] org.hibernate.SQL                        : select u1_0.id,u1_0.active,u1_0.email,u1_0.name,u1_0.password,u1_0.role from users u1_0 where u1_0.email=?
Hibernate: select u1_0.id,u1_0.active,u1_0.email,u1_0.name,u1_0.password,u1_0.role from users u1_0 where u1_0.email=?
2026-06-01T16:56:44.380+02:00 DEBUG 21776 --- [demo] [nio-8080-exec-2] o.s.web.servlet.DispatcherServlet        : GET "/api/meetings/1001/discussions", parameters={}
2026-06-01T16:56:44.381+02:00 DEBUG 21776 --- [demo] [nio-8080-exec-2] s.w.s.m.m.a.RequestMappingHandlerMapping : Mapped to com.example.demo.controller.DiscussionController#findByMeeting(Long)
2026-06-01T16:56:44.384+02:00 DEBUG 21776 --- [demo] [nio-8080-exec-2] org.hibernate.SQL                        : select d1_0.id,d1_0.content,d1_0.meeting_id,d1_0.id_participant,d1_0.speaker from discussion d1_0 where d1_0.meeting_id=?
Hibernate: select d1_0.id,d1_0.content,d1_0.meeting_id,d1_0.id_participant,d1_0.speaker from discussion d1_0 where d1_0.meeting_id=?
2026-06-01T16:56:44.387+02:00 DEBUG 21776 --- [demo] [nio-8080-exec-2] o.s.w.s.m.m.a.HttpEntityMethodProcessor  : Using 'application/json', given [application/json, text/plain, */*] and supported [application/json, application/*+json]
2026-06-01T16:56:44.388+02:00 DEBUG 21776 --- [demo] [nio-8080-exec-2] o.s.w.s.m.m.a.HttpEntityMethodProcessor  : Writing [[]]
2026-06-01T16:56:44.389+02:00 DEBUG 21776 --- [demo] [nio-8080-exec-2] o.s.web.servlet.DispatcherServlet        : Completed 200 OK
2026-06-01T16:57:09.789+02:00 DEBUG 21776 --- [demo] [nio-8080-exec-3] org.hibernate.SQL                        : select u1_0.id,u1_0.active,u1_0.email,u1_0.name,u1_0.password,u1_0.role from users u1_0 where u1_0.email=?
Hibernate: select u1_0.id,u1_0.active,u1_0.email,u1_0.name,u1_0.password,u1_0.role from users u1_0 where u1_0.email=?
2026-06-01T16:57:09.796+02:00 DEBUG 21776 --- [demo] [nio-8080-exec-3] o.s.web.servlet.DispatcherServlet        : GET "/api/stats/dashboard", parameters={}
2026-06-01T16:57:09.797+02:00 DEBUG 21776 --- [demo] [nio-8080-exec-3] s.w.s.m.m.a.RequestMappingHandlerMapping : Mapped to com.example.demo.controller.StatsController#getDashboardStats()
2026-06-01T16:57:09.802+02:00 DEBUG 21776 --- [demo] [nio-8080-exec-3] org.hibernate.SQL                        : select m1_0.id,m1_0.date,m1_0.dependences,m1_0.description,m1_0.discussion,m1_0.end_time,m1_0.objective,m1_0.objet,m1_0.presidente,m1_0.rapporteur,m1_0.recommendation,m1_0.room,m1_0.start_time,m1_0.type from meetings m1_0
Hibernate: select m1_0.id,m1_0.date,m1_0.dependences,m1_0.description,m1_0.discussion,m1_0.end_time,m1_0.objective,m1_0.objet,m1_0.presidente,m1_0.rapporteur,m1_0.recommendation,m1_0.room,m1_0.start_time,m1_0.type from meetings m1_0
2026-06-01T16:57:09.805+02:00 DEBUG 21776 --- [demo] [nio-8080-exec-3] org.hibernate.SQL                        : select p1_0.meeting_id,p1_1.id,p1_1.email,p1_1.first_name,p1_1.last_name,p1_1.phone from meeting_participants p1_0 join participants p1_1 on p1_1.id=p1_0.participant_id where p1_0.meeting_id=?
Hibernate: select p1_0.meeting_id,p1_1.id,p1_1.email,p1_1.first_name,p1_1.last_name,p1_1.phone from meeting_participants p1_0 join participants p1_1 on p1_1.id=p1_0.participant_id where p1_0.meeting_id=?
2026-06-01T16:57:09.808+02:00 DEBUG 21776 --- [demo] [nio-8080-exec-3] org.hibernate.SQL                        : select a1_0.meeting_id,a1_1.id,a1_1.description,a1_1.name from meeting_audiences a1_0 join audiences a1_1 on a1_1.id=a1_0.audience_id where a1_0.meeting_id=?
Hibernate: select a1_0.meeting_id,a1_1.id,a1_1.description,a1_1.name from meeting_audiences a1_0 join audiences a1_1 on a1_1.id=a1_0.audience_id where a1_0.meeting_id=?
2026-06-01T16:57:09.811+02:00 DEBUG 21776 --- [demo] [nio-8080-exec-3] org.hibernate.SQL                        : select p1_0.meeting_id,p1_0.id,p1_0.upload_date,p1_0.uploaded_by_id,p1_0.url from photos p1_0 where p1_0.meeting_id=?
Hibernate: select p1_0.meeting_id,p1_0.id,p1_0.upload_date,p1_0.uploaded_by_id,p1_0.url from photos p1_0 where p1_0.meeting_id=?
2026-06-01T16:57:09.814+02:00 DEBUG 21776 --- [demo] [nio-8080-exec-3] org.hibernate.SQL                        : select d1_0.meeting_id,d1_0.id,d1_0.name,d1_0.url from documents d1_0 where d1_0.meeting_id=?
Hibernate: select d1_0.meeting_id,d1_0.id,d1_0.name,d1_0.url from documents d1_0 where d1_0.meeting_id=?
2026-06-01T16:57:09.816+02:00 DEBUG 21776 --- [demo] [nio-8080-exec-3] org.hibernate.SQL                        : select p1_0.meeting_id,p1_1.id,p1_1.email,p1_1.first_name,p1_1.last_name,p1_1.phone from meeting_participants p1_0 join participants p1_1 on p1_1.id=p1_0.participant_id where p1_0.meeting_id=?
Hibernate: select p1_0.meeting_id,p1_1.id,p1_1.email,p1_1.first_name,p1_1.last_name,p1_1.phone from meeting_participants p1_0 join participants p1_1 on p1_1.id=p1_0.participant_id where p1_0.meeting_id=?
2026-06-01T16:57:09.818+02:00 DEBUG 21776 --- [demo] [nio-8080-exec-3] org.hibernate.SQL                        : select a1_0.meeting_id,a1_1.id,a1_1.description,a1_1.name from meeting_audiences a1_0 join audiences a1_1 on a1_1.id=a1_0.audience_id where a1_0.meeting_id=?
Hibernate: select a1_0.meeting_id,a1_1.id,a1_1.description,a1_1.name from meeting_audiences a1_0 join audiences a1_1 on a1_1.id=a1_0.audience_id where a1_0.meeting_id=?
2026-06-01T16:57:09.821+02:00 DEBUG 21776 --- [demo] [nio-8080-exec-3] org.hibernate.SQL                        : select p1_0.meeting_id,p1_0.id,p1_0.upload_date,p1_0.uploaded_by_id,p1_0.url from photos p1_0 where p1_0.meeting_id=?
Hibernate: select p1_0.meeting_id,p1_0.id,p1_0.upload_date,p1_0.uploaded_by_id,p1_0.url from photos p1_0 where p1_0.meeting_id=?
2026-06-01T16:57:09.823+02:00 DEBUG 21776 --- [demo] [nio-8080-exec-3] org.hibernate.SQL                        : select d1_0.meeting_id,d1_0.id,d1_0.name,d1_0.url from documents d1_0 where d1_0.meeting_id=?
Hibernate: select d1_0.meeting_id,d1_0.id,d1_0.name,d1_0.url from documents d1_0 where d1_0.meeting_id=?
2026-06-01T16:57:09.824+02:00 DEBUG 21776 --- [demo] [nio-8080-exec-3] org.hibernate.SQL                        : select p1_0.meeting_id,p1_1.id,p1_1.email,p1_1.first_name,p1_1.last_name,p1_1.phone from meeting_participants p1_0 join participants p1_1 on p1_1.id=p1_0.participant_id where p1_0.meeting_id=?
Hibernate: select p1_0.meeting_id,p1_1.id,p1_1.email,p1_1.first_name,p1_1.last_name,p1_1.phone from meeting_participants p1_0 join participants p1_1 on p1_1.id=p1_0.participant_id where p1_0.meeting_id=?
2026-06-01T16:57:09.828+02:00 DEBUG 21776 --- [demo] [nio-8080-exec-3] org.hibernate.SQL                        : select a1_0.meeting_id,a1_1.id,a1_1.description,a1_1.name from meeting_audiences a1_0 join audiences a1_1 on a1_1.id=a1_0.audience_id where a1_0.meeting_id=?
Hibernate: select a1_0.meeting_id,a1_1.id,a1_1.description,a1_1.name from meeting_audiences a1_0 join audiences a1_1 on a1_1.id=a1_0.audience_id where a1_0.meeting_id=?
2026-06-01T16:57:09.834+02:00 DEBUG 21776 --- [demo] [nio-8080-exec-3] org.hibernate.SQL                        : select p1_0.meeting_id,p1_0.id,p1_0.upload_date,p1_0.uploaded_by_id,p1_0.url from photos p1_0 where p1_0.meeting_id=?
Hibernate: select p1_0.meeting_id,p1_0.id,p1_0.upload_date,p1_0.uploaded_by_id,p1_0.url from photos p1_0 where p1_0.meeting_id=?
2026-06-01T16:57:09.836+02:00 DEBUG 21776 --- [demo] [nio-8080-exec-3] org.hibernate.SQL                        : select d1_0.meeting_id,d1_0.id,d1_0.name,d1_0.url from documents d1_0 where d1_0.meeting_id=?
Hibernate: select d1_0.meeting_id,d1_0.id,d1_0.name,d1_0.url from documents d1_0 where d1_0.meeting_id=?
2026-06-01T16:57:09.837+02:00 DEBUG 21776 --- [demo] [nio-8080-exec-3] org.hibernate.SQL                        : select p1_0.meeting_id,p1_1.id,p1_1.email,p1_1.first_name,p1_1.last_name,p1_1.phone from meeting_participants p1_0 join participants p1_1 on p1_1.id=p1_0.participant_id where p1_0.meeting_id=?
Hibernate: select p1_0.meeting_id,p1_1.id,p1_1.email,p1_1.first_name,p1_1.last_name,p1_1.phone from meeting_participants p1_0 join participants p1_1 on p1_1.id=p1_0.participant_id where p1_0.meeting_id=?
2026-06-01T16:57:09.840+02:00 DEBUG 21776 --- [demo] [nio-8080-exec-3] org.hibernate.SQL                        : select a1_0.meeting_id,a1_1.id,a1_1.description,a1_1.name from meeting_audiences a1_0 join audiences a1_1 on a1_1.id=a1_0.audience_id where a1_0.meeting_id=?
Hibernate: select a1_0.meeting_id,a1_1.id,a1_1.description,a1_1.name from meeting_audiences a1_0 join audiences a1_1 on a1_1.id=a1_0.audience_id where a1_0.meeting_id=?
2026-06-01T16:57:09.842+02:00 DEBUG 21776 --- [demo] [nio-8080-exec-3] org.hibernate.SQL                        : select p1_0.meeting_id,p1_0.id,p1_0.upload_date,p1_0.uploaded_by_id,p1_0.url from photos p1_0 where p1_0.meeting_id=?
Hibernate: select p1_0.meeting_id,p1_0.id,p1_0.upload_date,p1_0.uploaded_by_id,p1_0.url from photos p1_0 where p1_0.meeting_id=?
2026-06-01T16:57:09.846+02:00 DEBUG 21776 --- [demo] [nio-8080-exec-3] org.hibernate.SQL                        : select d1_0.meeting_id,d1_0.id,d1_0.name,d1_0.url from documents d1_0 where d1_0.meeting_id=?
Hibernate: select d1_0.meeting_id,d1_0.id,d1_0.name,d1_0.url from documents d1_0 where d1_0.meeting_id=?
2026-06-01T16:57:09.850+02:00 DEBUG 21776 --- [demo] [nio-8080-exec-3] org.hibernate.SQL                        : select h1_0.id,h1_0.date,h1_0.deleted_at,h1_0.dependences,h1_0.description,h1_0.discussion,h1_0.duration_minutes,h1_0.end_time,h1_0.meeting_id,h1_0.objective,h1_0.objet,h1_0.presidente,h1_0.rapporteur,h1_0.recommendation,h1_0.room,h1_0.start_time,h1_0.type from historique h1_0
Hibernate: select h1_0.id,h1_0.date,h1_0.deleted_at,h1_0.dependences,h1_0.description,h1_0.discussion,h1_0.duration_minutes,h1_0.end_time,h1_0.meeting_id,h1_0.objective,h1_0.objet,h1_0.presidente,h1_0.rapporteur,h1_0.recommendation,h1_0.room,h1_0.start_time,h1_0.type from historique h1_0
2026-06-01T16:57:09.863+02:00 DEBUG 21776 --- [demo] [nio-8080-exec-3] o.s.w.s.m.m.a.HttpEntityMethodProcessor  : Using 'application/json', given [application/json, text/plain, */*] and supported [application/json, application/*+json]
2026-06-01T16:57:09.867+02:00 DEBUG 21776 --- [demo] [nio-8080-exec-3] o.s.w.s.m.m.a.HttpEntityMethodProcessor  : Writing [DashboardStatsResponse(totalMeetings=4, upcomingMeetings=1, inProgressMeetings=0, completedMeetings= (truncated)...]
2026-06-01T16:57:09.872+02:00 DEBUG 21776 --- [demo] [nio-8080-exec-3] o.s.web.servlet.DispatcherServlet        : Completed 200 OK
2026-06-01T16:57:09.891+02:00 DEBUG 21776 --- [demo] [nio-8080-exec-4] org.hibernate.SQL                        : select u1_0.id,u1_0.active,u1_0.email,u1_0.name,u1_0.password,u1_0.role from users u1_0 where u1_0.email=?
Hibernate: select u1_0.id,u1_0.active,u1_0.email,u1_0.name,u1_0.password,u1_0.role from users u1_0 where u1_0.email=?
2026-06-01T16:57:09.900+02:00 DEBUG 21776 --- [demo] [nio-8080-exec-4] o.s.web.servlet.DispatcherServlet        : GET "/api/stats/dashboard", parameters={}
2026-06-01T16:57:09.904+02:00 DEBUG 21776 --- [demo] [nio-8080-exec-4] s.w.s.m.m.a.RequestMappingHandlerMapping : Mapped to com.example.demo.controller.StatsController#getDashboardStats()
2026-06-01T16:57:09.907+02:00 DEBUG 21776 --- [demo] [nio-8080-exec-4] org.hibernate.SQL                        : select m1_0.id,m1_0.date,m1_0.dependences,m1_0.description,m1_0.discussion,m1_0.end_time,m1_0.objective,m1_0.objet,m1_0.presidente,m1_0.rapporteur,m1_0.recommendation,m1_0.room,m1_0.start_time,m1_0.type from meetings m1_0
Hibernate: select m1_0.id,m1_0.date,m1_0.dependences,m1_0.description,m1_0.discussion,m1_0.end_time,m1_0.objective,m1_0.objet,m1_0.presidente,m1_0.rapporteur,m1_0.recommendation,m1_0.room,m1_0.start_time,m1_0.type from meetings m1_0
2026-06-01T16:57:09.916+02:00 DEBUG 21776 --- [demo] [nio-8080-exec-4] org.hibernate.SQL                        : select p1_0.meeting_id,p1_1.id,p1_1.email,p1_1.first_name,p1_1.last_name,p1_1.phone from meeting_participants p1_0 join participants p1_1 on p1_1.id=p1_0.participant_id where p1_0.meeting_id=?
Hibernate: select p1_0.meeting_id,p1_1.id,p1_1.email,p1_1.first_name,p1_1.last_name,p1_1.phone from meeting_participants p1_0 join participants p1_1 on p1_1.id=p1_0.participant_id where p1_0.meeting_id=?
2026-06-01T16:57:09.919+02:00 DEBUG 21776 --- [demo] [nio-8080-exec-4] org.hibernate.SQL                        : select a1_0.meeting_id,a1_1.id,a1_1.description,a1_1.name from meeting_audiences a1_0 join audiences a1_1 on a1_1.id=a1_0.audience_id where a1_0.meeting_id=?
Hibernate: select a1_0.meeting_id,a1_1.id,a1_1.description,a1_1.name from meeting_audiences a1_0 join audiences a1_1 on a1_1.id=a1_0.audience_id where a1_0.meeting_id=?
2026-06-01T16:57:09.924+02:00 DEBUG 21776 --- [demo] [nio-8080-exec-4] org.hibernate.SQL                        : select p1_0.meeting_id,p1_0.id,p1_0.upload_date,p1_0.uploaded_by_id,p1_0.url from photos p1_0 where p1_0.meeting_id=?
Hibernate: select p1_0.meeting_id,p1_0.id,p1_0.upload_date,p1_0.uploaded_by_id,p1_0.url from photos p1_0 where p1_0.meeting_id=?
2026-06-01T16:57:09.928+02:00 DEBUG 21776 --- [demo] [nio-8080-exec-4] org.hibernate.SQL                        : select d1_0.meeting_id,d1_0.id,d1_0.name,d1_0.url from documents d1_0 where d1_0.meeting_id=?
Hibernate: select d1_0.meeting_id,d1_0.id,d1_0.name,d1_0.url from documents d1_0 where d1_0.meeting_id=?
2026-06-01T16:57:09.929+02:00 DEBUG 21776 --- [demo] [nio-8080-exec-4] org.hibernate.SQL                        : select p1_0.meeting_id,p1_1.id,p1_1.email,p1_1.first_name,p1_1.last_name,p1_1.phone from meeting_participants p1_0 join participants p1_1 on p1_1.id=p1_0.participant_id where p1_0.meeting_id=?
Hibernate: select p1_0.meeting_id,p1_1.id,p1_1.email,p1_1.first_name,p1_1.last_name,p1_1.phone from meeting_participants p1_0 join participants p1_1 on p1_1.id=p1_0.participant_id where p1_0.meeting_id=?
2026-06-01T16:57:09.932+02:00 DEBUG 21776 --- [demo] [nio-8080-exec-4] org.hibernate.SQL                        : select a1_0.meeting_id,a1_1.id,a1_1.description,a1_1.name from meeting_audiences a1_0 join audiences a1_1 on a1_1.id=a1_0.audience_id where a1_0.meeting_id=?
Hibernate: select a1_0.meeting_id,a1_1.id,a1_1.description,a1_1.name from meeting_audiences a1_0 join audiences a1_1 on a1_1.id=a1_0.audience_id where a1_0.meeting_id=?
2026-06-01T16:57:09.935+02:00 DEBUG 21776 --- [demo] [nio-8080-exec-4] org.hibernate.SQL                        : select p1_0.meeting_id,p1_0.id,p1_0.upload_date,p1_0.uploaded_by_id,p1_0.url from photos p1_0 where p1_0.meeting_id=?
Hibernate: select p1_0.meeting_id,p1_0.id,p1_0.upload_date,p1_0.uploaded_by_id,p1_0.url from photos p1_0 where p1_0.meeting_id=?
2026-06-01T16:57:09.937+02:00 DEBUG 21776 --- [demo] [nio-8080-exec-4] org.hibernate.SQL                        : select d1_0.meeting_id,d1_0.id,d1_0.name,d1_0.url from documents d1_0 where d1_0.meeting_id=?
Hibernate: select d1_0.meeting_id,d1_0.id,d1_0.name,d1_0.url from documents d1_0 where d1_0.meeting_id=?
2026-06-01T16:57:09.943+02:00 DEBUG 21776 --- [demo] [nio-8080-exec-4] org.hibernate.SQL                        : select p1_0.meeting_id,p1_1.id,p1_1.email,p1_1.first_name,p1_1.last_name,p1_1.phone from meeting_participants p1_0 join participants p1_1 on p1_1.id=p1_0.participant_id where p1_0.meeting_id=?
Hibernate: select p1_0.meeting_id,p1_1.id,p1_1.email,p1_1.first_name,p1_1.last_name,p1_1.phone from meeting_participants p1_0 join participants p1_1 on p1_1.id=p1_0.participant_id where p1_0.meeting_id=?
2026-06-01T16:57:09.949+02:00 DEBUG 21776 --- [demo] [nio-8080-exec-4] org.hibernate.SQL                        : select a1_0.meeting_id,a1_1.id,a1_1.description,a1_1.name from meeting_audiences a1_0 join audiences a1_1 on a1_1.id=a1_0.audience_id where a1_0.meeting_id=?
Hibernate: select a1_0.meeting_id,a1_1.id,a1_1.description,a1_1.name from meeting_audiences a1_0 join audiences a1_1 on a1_1.id=a1_0.audience_id where a1_0.meeting_id=?
2026-06-01T16:57:09.953+02:00 DEBUG 21776 --- [demo] [nio-8080-exec-4] org.hibernate.SQL                        : select p1_0.meeting_id,p1_0.id,p1_0.upload_date,p1_0.uploaded_by_id,p1_0.url from photos p1_0 where p1_0.meeting_id=?
Hibernate: select p1_0.meeting_id,p1_0.id,p1_0.upload_date,p1_0.uploaded_by_id,p1_0.url from photos p1_0 where p1_0.meeting_id=?
2026-06-01T16:57:09.961+02:00 DEBUG 21776 --- [demo] [nio-8080-exec-4] org.hibernate.SQL                        : select d1_0.meeting_id,d1_0.id,d1_0.name,d1_0.url from documents d1_0 where d1_0.meeting_id=?
Hibernate: select d1_0.meeting_id,d1_0.id,d1_0.name,d1_0.url from documents d1_0 where d1_0.meeting_id=?
2026-06-01T16:57:09.971+02:00 DEBUG 21776 --- [demo] [nio-8080-exec-4] org.hibernate.SQL                        : select p1_0.meeting_id,p1_1.id,p1_1.email,p1_1.first_name,p1_1.last_name,p1_1.phone from meeting_participants p1_0 join participants p1_1 on p1_1.id=p1_0.participant_id where p1_0.meeting_id=?
Hibernate: select p1_0.meeting_id,p1_1.id,p1_1.email,p1_1.first_name,p1_1.last_name,p1_1.phone from meeting_participants p1_0 join participants p1_1 on p1_1.id=p1_0.participant_id where p1_0.meeting_id=?
2026-06-01T16:57:09.979+02:00 DEBUG 21776 --- [demo] [nio-8080-exec-4] org.hibernate.SQL                        : select a1_0.meeting_id,a1_1.id,a1_1.description,a1_1.name from meeting_audiences a1_0 join audiences a1_1 on a1_1.id=a1_0.audience_id where a1_0.meeting_id=?
Hibernate: select a1_0.meeting_id,a1_1.id,a1_1.description,a1_1.name from meeting_audiences a1_0 join audiences a1_1 on a1_1.id=a1_0.audience_id where a1_0.meeting_id=?
2026-06-01T16:57:09.985+02:00 DEBUG 21776 --- [demo] [nio-8080-exec-4] org.hibernate.SQL                        : select p1_0.meeting_id,p1_0.id,p1_0.upload_date,p1_0.uploaded_by_id,p1_0.url from photos p1_0 where p1_0.meeting_id=?
Hibernate: select p1_0.meeting_id,p1_0.id,p1_0.upload_date,p1_0.uploaded_by_id,p1_0.url from photos p1_0 where p1_0.meeting_id=?
2026-06-01T16:57:09.993+02:00 DEBUG 21776 --- [demo] [nio-8080-exec-4] org.hibernate.SQL                        : select d1_0.meeting_id,d1_0.id,d1_0.name,d1_0.url from documents d1_0 where d1_0.meeting_id=?
Hibernate: select d1_0.meeting_id,d1_0.id,d1_0.name,d1_0.url from documents d1_0 where d1_0.meeting_id=?
2026-06-01T16:57:09.997+02:00 DEBUG 21776 --- [demo] [nio-8080-exec-4] org.hibernate.SQL                        : select h1_0.id,h1_0.date,h1_0.deleted_at,h1_0.dependences,h1_0.description,h1_0.discussion,h1_0.duration_minutes,h1_0.end_time,h1_0.meeting_id,h1_0.objective,h1_0.objet,h1_0.presidente,h1_0.rapporteur,h1_0.recommendation,h1_0.room,h1_0.start_time,h1_0.type from historique h1_0
Hibernate: select h1_0.id,h1_0.date,h1_0.deleted_at,h1_0.dependences,h1_0.description,h1_0.discussion,h1_0.duration_minutes,h1_0.end_time,h1_0.meeting_id,h1_0.objective,h1_0.objet,h1_0.presidente,h1_0.rapporteur,h1_0.recommendation,h1_0.room,h1_0.start_time,h1_0.type from historique h1_0
2026-06-01T16:57:10.007+02:00 DEBUG 21776 --- [demo] [nio-8080-exec-4] o.s.w.s.m.m.a.HttpEntityMethodProcessor  : Using 'application/json', given [application/json, text/plain, */*] and supported [application/json, application/*+json]
2026-06-01T16:57:10.010+02:00 DEBUG 21776 --- [demo] [nio-8080-exec-4] o.s.w.s.m.m.a.HttpEntityMethodProcessor  : Writing [DashboardStatsResponse(totalMeetings=4, upcomingMeetings=1, inProgressMeetings=0, completedMeetings= (truncated)...]
2026-06-01T16:57:10.013+02:00 DEBUG 21776 --- [demo] [nio-8080-exec-4] o.s.web.servlet.DispatcherServlet        : Completed 200 OK
2026-06-01T16:57:17.137+02:00 DEBUG 21776 --- [demo] [nio-8080-exec-5] org.hibernate.SQL                        : select u1_0.id,u1_0.active,u1_0.email,u1_0.name,u1_0.password,u1_0.role from users u1_0 where u1_0.email=?
Hibernate: select u1_0.id,u1_0.active,u1_0.email,u1_0.name,u1_0.password,u1_0.role from users u1_0 where u1_0.email=?
2026-06-01T16:57:17.143+02:00 DEBUG 21776 --- [demo] [nio-8080-exec-5] o.s.web.servlet.DispatcherServlet        : GET "/api/meetings", parameters={}
2026-06-01T16:57:17.144+02:00 DEBUG 21776 --- [demo] [nio-8080-exec-5] s.w.s.m.m.a.RequestMappingHandlerMapping : Mapped to com.example.demo.controller.MeetingController#findAll(String, String, String, String, String)
2026-06-01T16:57:17.149+02:00 DEBUG 21776 --- [demo] [nio-8080-exec-5] org.hibernate.SQL                        : select m1_0.id,m1_0.date,m1_0.dependences,m1_0.description,m1_0.discussion,m1_0.end_time,m1_0.objective,m1_0.objet,m1_0.presidente,m1_0.rapporteur,m1_0.recommendation,m1_0.room,m1_0.start_time,m1_0.type from meetings m1_0
Hibernate: select m1_0.id,m1_0.date,m1_0.dependences,m1_0.description,m1_0.discussion,m1_0.end_time,m1_0.objective,m1_0.objet,m1_0.presidente,m1_0.rapporteur,m1_0.recommendation,m1_0.room,m1_0.start_time,m1_0.type from meetings m1_0
2026-06-01T16:57:17.153+02:00 DEBUG 21776 --- [demo] [nio-8080-exec-5] org.hibernate.SQL                        : select p1_0.meeting_id,p1_1.id,p1_1.email,p1_1.first_name,p1_1.last_name,p1_1.phone from meeting_participants p1_0 join participants p1_1 on p1_1.id=p1_0.participant_id where p1_0.meeting_id=?
Hibernate: select p1_0.meeting_id,p1_1.id,p1_1.email,p1_1.first_name,p1_1.last_name,p1_1.phone from meeting_participants p1_0 join participants p1_1 on p1_1.id=p1_0.participant_id where p1_0.meeting_id=?
2026-06-01T16:57:17.156+02:00 DEBUG 21776 --- [demo] [nio-8080-exec-5] org.hibernate.SQL                        : select a1_0.meeting_id,a1_1.id,a1_1.description,a1_1.name from meeting_audiences a1_0 join audiences a1_1 on a1_1.id=a1_0.audience_id where a1_0.meeting_id=?
Hibernate: select a1_0.meeting_id,a1_1.id,a1_1.description,a1_1.name from meeting_audiences a1_0 join audiences a1_1 on a1_1.id=a1_0.audience_id where a1_0.meeting_id=?
2026-06-01T16:57:17.157+02:00 DEBUG 21776 --- [demo] [nio-8080-exec-5] org.hibernate.SQL                        : select p1_0.meeting_id,p1_0.id,p1_0.upload_date,p1_0.uploaded_by_id,p1_0.url from photos p1_0 where p1_0.meeting_id=?
Hibernate: select p1_0.meeting_id,p1_0.id,p1_0.upload_date,p1_0.uploaded_by_id,p1_0.url from photos p1_0 where p1_0.meeting_id=?
2026-06-01T16:57:17.160+02:00 DEBUG 21776 --- [demo] [nio-8080-exec-5] org.hibernate.SQL                        : select d1_0.meeting_id,d1_0.id,d1_0.name,d1_0.url from documents d1_0 where d1_0.meeting_id=?
Hibernate: select d1_0.meeting_id,d1_0.id,d1_0.name,d1_0.url from documents d1_0 where d1_0.meeting_id=?
2026-06-01T16:57:17.162+02:00 DEBUG 21776 --- [demo] [nio-8080-exec-5] org.hibernate.SQL                        : select p1_0.meeting_id,p1_1.id,p1_1.email,p1_1.first_name,p1_1.last_name,p1_1.phone from meeting_participants p1_0 join participants p1_1 on p1_1.id=p1_0.participant_id where p1_0.meeting_id=?
Hibernate: select p1_0.meeting_id,p1_1.id,p1_1.email,p1_1.first_name,p1_1.last_name,p1_1.phone from meeting_participants p1_0 join participants p1_1 on p1_1.id=p1_0.participant_id where p1_0.meeting_id=?
2026-06-01T16:57:17.164+02:00 DEBUG 21776 --- [demo] [nio-8080-exec-5] org.hibernate.SQL                        : select a1_0.meeting_id,a1_1.id,a1_1.description,a1_1.name from meeting_audiences a1_0 join audiences a1_1 on a1_1.id=a1_0.audience_id where a1_0.meeting_id=?
Hibernate: select a1_0.meeting_id,a1_1.id,a1_1.description,a1_1.name from meeting_audiences a1_0 join audiences a1_1 on a1_1.id=a1_0.audience_id where a1_0.meeting_id=?
2026-06-01T16:57:17.166+02:00 DEBUG 21776 --- [demo] [nio-8080-exec-5] org.hibernate.SQL                        : select p1_0.meeting_id,p1_0.id,p1_0.upload_date,p1_0.uploaded_by_id,p1_0.url from photos p1_0 where p1_0.meeting_id=?
Hibernate: select p1_0.meeting_id,p1_0.id,p1_0.upload_date,p1_0.uploaded_by_id,p1_0.url from photos p1_0 where p1_0.meeting_id=?
2026-06-01T16:57:17.169+02:00 DEBUG 21776 --- [demo] [nio-8080-exec-5] org.hibernate.SQL                        : select d1_0.meeting_id,d1_0.id,d1_0.name,d1_0.url from documents d1_0 where d1_0.meeting_id=?
Hibernate: select d1_0.meeting_id,d1_0.id,d1_0.name,d1_0.url from documents d1_0 where d1_0.meeting_id=?
2026-06-01T16:57:17.171+02:00 DEBUG 21776 --- [demo] [nio-8080-exec-5] org.hibernate.SQL                        : select p1_0.meeting_id,p1_1.id,p1_1.email,p1_1.first_name,p1_1.last_name,p1_1.phone from meeting_participants p1_0 join participants p1_1 on p1_1.id=p1_0.participant_id where p1_0.meeting_id=?
Hibernate: select p1_0.meeting_id,p1_1.id,p1_1.email,p1_1.first_name,p1_1.last_name,p1_1.phone from meeting_participants p1_0 join participants p1_1 on p1_1.id=p1_0.participant_id where p1_0.meeting_id=?
2026-06-01T16:57:17.173+02:00 DEBUG 21776 --- [demo] [nio-8080-exec-5] org.hibernate.SQL                        : select a1_0.meeting_id,a1_1.id,a1_1.description,a1_1.name from meeting_audiences a1_0 join audiences a1_1 on a1_1.id=a1_0.audience_id where a1_0.meeting_id=?
Hibernate: select a1_0.meeting_id,a1_1.id,a1_1.description,a1_1.name from meeting_audiences a1_0 join audiences a1_1 on a1_1.id=a1_0.audience_id where a1_0.meeting_id=?
2026-06-01T16:57:17.175+02:00 DEBUG 21776 --- [demo] [nio-8080-exec-5] org.hibernate.SQL                        : select p1_0.meeting_id,p1_0.id,p1_0.upload_date,p1_0.uploaded_by_id,p1_0.url from photos p1_0 where p1_0.meeting_id=?
Hibernate: select p1_0.meeting_id,p1_0.id,p1_0.upload_date,p1_0.uploaded_by_id,p1_0.url from photos p1_0 where p1_0.meeting_id=?
2026-06-01T16:57:17.177+02:00 DEBUG 21776 --- [demo] [nio-8080-exec-5] org.hibernate.SQL                        : select d1_0.meeting_id,d1_0.id,d1_0.name,d1_0.url from documents d1_0 where d1_0.meeting_id=?
Hibernate: select d1_0.meeting_id,d1_0.id,d1_0.name,d1_0.url from documents d1_0 where d1_0.meeting_id=?
2026-06-01T16:57:17.179+02:00 DEBUG 21776 --- [demo] [nio-8080-exec-5] org.hibernate.SQL                        : select p1_0.meeting_id,p1_1.id,p1_1.email,p1_1.first_name,p1_1.last_name,p1_1.phone from meeting_participants p1_0 join participants p1_1 on p1_1.id=p1_0.participant_id where p1_0.meeting_id=?
Hibernate: select p1_0.meeting_id,p1_1.id,p1_1.email,p1_1.first_name,p1_1.last_name,p1_1.phone from meeting_participants p1_0 join participants p1_1 on p1_1.id=p1_0.participant_id where p1_0.meeting_id=?
2026-06-01T16:57:17.180+02:00 DEBUG 21776 --- [demo] [nio-8080-exec-5] org.hibernate.SQL                        : select a1_0.meeting_id,a1_1.id,a1_1.description,a1_1.name from meeting_audiences a1_0 join audiences a1_1 on a1_1.id=a1_0.audience_id where a1_0.meeting_id=?
Hibernate: select a1_0.meeting_id,a1_1.id,a1_1.description,a1_1.name from meeting_audiences a1_0 join audiences a1_1 on a1_1.id=a1_0.audience_id where a1_0.meeting_id=?
2026-06-01T16:57:17.181+02:00 DEBUG 21776 --- [demo] [nio-8080-exec-5] org.hibernate.SQL                        : select p1_0.meeting_id,p1_0.id,p1_0.upload_date,p1_0.uploaded_by_id,p1_0.url from photos p1_0 where p1_0.meeting_id=?
Hibernate: select p1_0.meeting_id,p1_0.id,p1_0.upload_date,p1_0.uploaded_by_id,p1_0.url from photos p1_0 where p1_0.meeting_id=?
2026-06-01T16:57:17.183+02:00 DEBUG 21776 --- [demo] [nio-8080-exec-5] org.hibernate.SQL                        : select d1_0.meeting_id,d1_0.id,d1_0.name,d1_0.url from documents d1_0 where d1_0.meeting_id=?
Hibernate: select d1_0.meeting_id,d1_0.id,d1_0.name,d1_0.url from documents d1_0 where d1_0.meeting_id=?
2026-06-01T16:57:17.186+02:00 DEBUG 21776 --- [demo] [nio-8080-exec-5] o.s.w.s.m.m.a.HttpEntityMethodProcessor  : Using 'application/json', given [application/json, text/plain, */*] and supported [application/json, application/*+json]
2026-06-01T16:57:17.187+02:00 DEBUG 21776 --- [demo] [nio-8080-exec-5] o.s.w.s.m.m.a.HttpEntityMethodProcessor  : Writing [[MeetingResponse(id=1001, objective=Planifier le lancement du projet, type=Planning, description=Reu (truncated)...]
2026-06-01T16:57:17.189+02:00 DEBUG 21776 --- [demo] [nio-8080-exec-5] o.s.web.servlet.DispatcherServlet        : Completed 200 OK
2026-06-01T16:57:17.201+02:00 DEBUG 21776 --- [demo] [nio-8080-exec-6] org.hibernate.SQL                        : select u1_0.id,u1_0.active,u1_0.email,u1_0.name,u1_0.password,u1_0.role from users u1_0 where u1_0.email=?
Hibernate: select u1_0.id,u1_0.active,u1_0.email,u1_0.name,u1_0.password,u1_0.role from users u1_0 where u1_0.email=?
2026-06-01T16:57:17.206+02:00 DEBUG 21776 --- [demo] [nio-8080-exec-6] o.s.web.servlet.DispatcherServlet        : GET "/api/meetings", parameters={}
2026-06-01T16:57:17.206+02:00 DEBUG 21776 --- [demo] [nio-8080-exec-6] s.w.s.m.m.a.RequestMappingHandlerMapping : Mapped to com.example.demo.controller.MeetingController#findAll(String, String, String, String, String)
2026-06-01T16:57:17.209+02:00 DEBUG 21776 --- [demo] [nio-8080-exec-6] org.hibernate.SQL                        : select m1_0.id,m1_0.date,m1_0.dependences,m1_0.description,m1_0.discussion,m1_0.end_time,m1_0.objective,m1_0.objet,m1_0.presidente,m1_0.rapporteur,m1_0.recommendation,m1_0.room,m1_0.start_time,m1_0.type from meetings m1_0
Hibernate: select m1_0.id,m1_0.date,m1_0.dependences,m1_0.description,m1_0.discussion,m1_0.end_time,m1_0.objective,m1_0.objet,m1_0.presidente,m1_0.rapporteur,m1_0.recommendation,m1_0.room,m1_0.start_time,m1_0.type from meetings m1_0
2026-06-01T16:57:17.212+02:00 DEBUG 21776 --- [demo] [nio-8080-exec-6] org.hibernate.SQL                        : select p1_0.meeting_id,p1_1.id,p1_1.email,p1_1.first_name,p1_1.last_name,p1_1.phone from meeting_participants p1_0 join participants p1_1 on p1_1.id=p1_0.participant_id where p1_0.meeting_id=?
Hibernate: select p1_0.meeting_id,p1_1.id,p1_1.email,p1_1.first_name,p1_1.last_name,p1_1.phone from meeting_participants p1_0 join participants p1_1 on p1_1.id=p1_0.participant_id where p1_0.meeting_id=?
2026-06-01T16:57:17.214+02:00 DEBUG 21776 --- [demo] [nio-8080-exec-6] org.hibernate.SQL                        : select a1_0.meeting_id,a1_1.id,a1_1.description,a1_1.name from meeting_audiences a1_0 join audiences a1_1 on a1_1.id=a1_0.audience_id where a1_0.meeting_id=?
Hibernate: select a1_0.meeting_id,a1_1.id,a1_1.description,a1_1.name from meeting_audiences a1_0 join audiences a1_1 on a1_1.id=a1_0.audience_id where a1_0.meeting_id=?
2026-06-01T16:57:17.216+02:00 DEBUG 21776 --- [demo] [nio-8080-exec-6] org.hibernate.SQL                        : select p1_0.meeting_id,p1_0.id,p1_0.upload_date,p1_0.uploaded_by_id,p1_0.url from photos p1_0 where p1_0.meeting_id=?
Hibernate: select p1_0.meeting_id,p1_0.id,p1_0.upload_date,p1_0.uploaded_by_id,p1_0.url from photos p1_0 where p1_0.meeting_id=?
2026-06-01T16:57:17.218+02:00 DEBUG 21776 --- [demo] [nio-8080-exec-6] org.hibernate.SQL                        : select d1_0.meeting_id,d1_0.id,d1_0.name,d1_0.url from documents d1_0 where d1_0.meeting_id=?
Hibernate: select d1_0.meeting_id,d1_0.id,d1_0.name,d1_0.url from documents d1_0 where d1_0.meeting_id=?
2026-06-01T16:57:17.219+02:00 DEBUG 21776 --- [demo] [nio-8080-exec-6] org.hibernate.SQL                        : select p1_0.meeting_id,p1_1.id,p1_1.email,p1_1.first_name,p1_1.last_name,p1_1.phone from meeting_participants p1_0 join participants p1_1 on p1_1.id=p1_0.participant_id where p1_0.meeting_id=?
Hibernate: select p1_0.meeting_id,p1_1.id,p1_1.email,p1_1.first_name,p1_1.last_name,p1_1.phone from meeting_participants p1_0 join participants p1_1 on p1_1.id=p1_0.participant_id where p1_0.meeting_id=?
2026-06-01T16:57:17.222+02:00 DEBUG 21776 --- [demo] [nio-8080-exec-6] org.hibernate.SQL                        : select a1_0.meeting_id,a1_1.id,a1_1.description,a1_1.name from meeting_audiences a1_0 join audiences a1_1 on a1_1.id=a1_0.audience_id where a1_0.meeting_id=?
Hibernate: select a1_0.meeting_id,a1_1.id,a1_1.description,a1_1.name from meeting_audiences a1_0 join audiences a1_1 on a1_1.id=a1_0.audience_id where a1_0.meeting_id=?
2026-06-01T16:57:17.224+02:00 DEBUG 21776 --- [demo] [nio-8080-exec-6] org.hibernate.SQL                        : select p1_0.meeting_id,p1_0.id,p1_0.upload_date,p1_0.uploaded_by_id,p1_0.url from photos p1_0 where p1_0.meeting_id=?
Hibernate: select p1_0.meeting_id,p1_0.id,p1_0.upload_date,p1_0.uploaded_by_id,p1_0.url from photos p1_0 where p1_0.meeting_id=?
2026-06-01T16:57:17.226+02:00 DEBUG 21776 --- [demo] [nio-8080-exec-6] org.hibernate.SQL                        : select d1_0.meeting_id,d1_0.id,d1_0.name,d1_0.url from documents d1_0 where d1_0.meeting_id=?
Hibernate: select d1_0.meeting_id,d1_0.id,d1_0.name,d1_0.url from documents d1_0 where d1_0.meeting_id=?
2026-06-01T16:57:17.228+02:00 DEBUG 21776 --- [demo] [nio-8080-exec-6] org.hibernate.SQL                        : select p1_0.meeting_id,p1_1.id,p1_1.email,p1_1.first_name,p1_1.last_name,p1_1.phone from meeting_participants p1_0 join participants p1_1 on p1_1.id=p1_0.participant_id where p1_0.meeting_id=?
Hibernate: select p1_0.meeting_id,p1_1.id,p1_1.email,p1_1.first_name,p1_1.last_name,p1_1.phone from meeting_participants p1_0 join participants p1_1 on p1_1.id=p1_0.participant_id where p1_0.meeting_id=?
2026-06-01T16:57:17.229+02:00 DEBUG 21776 --- [demo] [nio-8080-exec-6] org.hibernate.SQL                        : select a1_0.meeting_id,a1_1.id,a1_1.description,a1_1.name from meeting_audiences a1_0 join audiences a1_1 on a1_1.id=a1_0.audience_id where a1_0.meeting_id=?
Hibernate: select a1_0.meeting_id,a1_1.id,a1_1.description,a1_1.name from meeting_audiences a1_0 join audiences a1_1 on a1_1.id=a1_0.audience_id where a1_0.meeting_id=?
2026-06-01T16:57:17.231+02:00 DEBUG 21776 --- [demo] [nio-8080-exec-6] org.hibernate.SQL                        : select p1_0.meeting_id,p1_0.id,p1_0.upload_date,p1_0.uploaded_by_id,p1_0.url from photos p1_0 where p1_0.meeting_id=?
Hibernate: select p1_0.meeting_id,p1_0.id,p1_0.upload_date,p1_0.uploaded_by_id,p1_0.url from photos p1_0 where p1_0.meeting_id=?
2026-06-01T16:57:17.232+02:00 DEBUG 21776 --- [demo] [nio-8080-exec-6] org.hibernate.SQL                        : select d1_0.meeting_id,d1_0.id,d1_0.name,d1_0.url from documents d1_0 where d1_0.meeting_id=?
Hibernate: select d1_0.meeting_id,d1_0.id,d1_0.name,d1_0.url from documents d1_0 where d1_0.meeting_id=?
2026-06-01T16:57:17.234+02:00 DEBUG 21776 --- [demo] [nio-8080-exec-6] org.hibernate.SQL                        : select p1_0.meeting_id,p1_1.id,p1_1.email,p1_1.first_name,p1_1.last_name,p1_1.phone from meeting_participants p1_0 join participants p1_1 on p1_1.id=p1_0.participant_id where p1_0.meeting_id=?
Hibernate: select p1_0.meeting_id,p1_1.id,p1_1.email,p1_1.first_name,p1_1.last_name,p1_1.phone from meeting_participants p1_0 join participants p1_1 on p1_1.id=p1_0.participant_id where p1_0.meeting_id=?
2026-06-01T16:57:17.236+02:00 DEBUG 21776 --- [demo] [nio-8080-exec-6] org.hibernate.SQL                        : select a1_0.meeting_id,a1_1.id,a1_1.description,a1_1.name from meeting_audiences a1_0 join audiences a1_1 on a1_1.id=a1_0.audience_id where a1_0.meeting_id=?
Hibernate: select a1_0.meeting_id,a1_1.id,a1_1.description,a1_1.name from meeting_audiences a1_0 join audiences a1_1 on a1_1.id=a1_0.audience_id where a1_0.meeting_id=?
2026-06-01T16:57:17.237+02:00 DEBUG 21776 --- [demo] [nio-8080-exec-6] org.hibernate.SQL                        : select p1_0.meeting_id,p1_0.id,p1_0.upload_date,p1_0.uploaded_by_id,p1_0.url from photos p1_0 where p1_0.meeting_id=?
Hibernate: select p1_0.meeting_id,p1_0.id,p1_0.upload_date,p1_0.uploaded_by_id,p1_0.url from photos p1_0 where p1_0.meeting_id=?
2026-06-01T16:57:17.238+02:00 DEBUG 21776 --- [demo] [nio-8080-exec-6] org.hibernate.SQL                        : select d1_0.meeting_id,d1_0.id,d1_0.name,d1_0.url from documents d1_0 where d1_0.meeting_id=?
Hibernate: select d1_0.meeting_id,d1_0.id,d1_0.name,d1_0.url from documents d1_0 where d1_0.meeting_id=?
2026-06-01T16:57:17.240+02:00 DEBUG 21776 --- [demo] [nio-8080-exec-6] o.s.w.s.m.m.a.HttpEntityMethodProcessor  : Using 'application/json', given [application/json, text/plain, */*] and supported [application/json, application/*+json]
2026-06-01T16:57:17.242+02:00 DEBUG 21776 --- [demo] [nio-8080-exec-6] o.s.w.s.m.m.a.HttpEntityMethodProcessor  : Writing [[MeetingResponse(id=1001, objective=Planifier le lancement du projet, type=Planning, description=Reu (truncated)...]
2026-06-01T16:57:17.245+02:00 DEBUG 21776 --- [demo] [nio-8080-exec-6] o.s.web.servlet.DispatcherServlet        : Completed 200 OK
2026-06-01T16:57:18.311+02:00 DEBUG 21776 --- [demo] [nio-8080-exec-7] org.hibernate.SQL                        : select u1_0.id,u1_0.active,u1_0.email,u1_0.name,u1_0.password,u1_0.role from users u1_0 where u1_0.email=?
Hibernate: select u1_0.id,u1_0.active,u1_0.email,u1_0.name,u1_0.password,u1_0.role from users u1_0 where u1_0.email=?
2026-06-01T16:57:18.319+02:00 DEBUG 21776 --- [demo] [nio-8080-exec-7] o.s.web.servlet.DispatcherServlet        : GET "/api/meetings/1004", parameters={}
2026-06-01T16:57:18.320+02:00 DEBUG 21776 --- [demo] [nio-8080-exec-7] s.w.s.m.m.a.RequestMappingHandlerMapping : Mapped to com.example.demo.controller.MeetingController#findById(Long)
2026-06-01T16:57:18.322+02:00 DEBUG 21776 --- [demo] [nio-8080-exec-7] org.hibernate.SQL                        : select m1_0.id,m1_0.date,m1_0.dependences,m1_0.description,m1_0.discussion,m1_0.end_time,m1_0.objective,m1_0.objet,m1_0.presidente,m1_0.rapporteur,m1_0.recommendation,m1_0.room,m1_0.start_time,m1_0.type from meetings m1_0 where m1_0.id=?
Hibernate: select m1_0.id,m1_0.date,m1_0.dependences,m1_0.description,m1_0.discussion,m1_0.end_time,m1_0.objective,m1_0.objet,m1_0.presidente,m1_0.rapporteur,m1_0.recommendation,m1_0.room,m1_0.start_time,m1_0.type from meetings m1_0 where m1_0.id=?
2026-06-01T16:57:18.326+02:00 DEBUG 21776 --- [demo] [nio-8080-exec-7] org.hibernate.SQL                        : select p1_0.meeting_id,p1_1.id,p1_1.email,p1_1.first_name,p1_1.last_name,p1_1.phone from meeting_participants p1_0 join participants p1_1 on p1_1.id=p1_0.participant_id where p1_0.meeting_id=?
Hibernate: select p1_0.meeting_id,p1_1.id,p1_1.email,p1_1.first_name,p1_1.last_name,p1_1.phone from meeting_participants p1_0 join participants p1_1 on p1_1.id=p1_0.participant_id where p1_0.meeting_id=?
2026-06-01T16:57:18.328+02:00 DEBUG 21776 --- [demo] [nio-8080-exec-7] org.hibernate.SQL                        : select a1_0.meeting_id,a1_1.id,a1_1.description,a1_1.name from meeting_audiences a1_0 join audiences a1_1 on a1_1.id=a1_0.audience_id where a1_0.meeting_id=?
Hibernate: select a1_0.meeting_id,a1_1.id,a1_1.description,a1_1.name from meeting_audiences a1_0 join audiences a1_1 on a1_1.id=a1_0.audience_id where a1_0.meeting_id=?
2026-06-01T16:57:18.329+02:00 DEBUG 21776 --- [demo] [nio-8080-exec-7] org.hibernate.SQL                        : select p1_0.meeting_id,p1_0.id,p1_0.upload_date,p1_0.uploaded_by_id,p1_0.url from photos p1_0 where p1_0.meeting_id=?
Hibernate: select p1_0.meeting_id,p1_0.id,p1_0.upload_date,p1_0.uploaded_by_id,p1_0.url from photos p1_0 where p1_0.meeting_id=?
2026-06-01T16:57:18.332+02:00 DEBUG 21776 --- [demo] [nio-8080-exec-7] org.hibernate.SQL                        : select d1_0.meeting_id,d1_0.id,d1_0.name,d1_0.url from documents d1_0 where d1_0.meeting_id=?
Hibernate: select d1_0.meeting_id,d1_0.id,d1_0.name,d1_0.url from documents d1_0 where d1_0.meeting_id=?
2026-06-01T16:57:18.335+02:00 DEBUG 21776 --- [demo] [nio-8080-exec-7] o.s.w.s.m.m.a.HttpEntityMethodProcessor  : Using 'application/json', given [application/json, text/plain, */*] and supported [application/json, application/*+json]
2026-06-01T16:57:18.336+02:00 DEBUG 21776 --- [demo] [nio-8080-exec-7] o.s.w.s.m.m.a.HttpEntityMethodProcessor  : Writing [MeetingResponse(id=1004, objective=for what, type=préinstruction, description=null, date=2026-12-12, (truncated)...]
2026-06-01T16:57:18.338+02:00 DEBUG 21776 --- [demo] [nio-8080-exec-7] o.s.web.servlet.DispatcherServlet        : Completed 200 OK
2026-06-01T16:57:18.354+02:00 DEBUG 21776 --- [demo] [nio-8080-exec-9] org.hibernate.SQL                        : select u1_0.id,u1_0.active,u1_0.email,u1_0.name,u1_0.password,u1_0.role from users u1_0 where u1_0.email=?
Hibernate: select u1_0.id,u1_0.active,u1_0.email,u1_0.name,u1_0.password,u1_0.role from users u1_0 where u1_0.email=?
2026-06-01T16:57:18.358+02:00 DEBUG 21776 --- [demo] [nio-8080-exec-8] org.hibernate.SQL                        : select u1_0.id,u1_0.active,u1_0.email,u1_0.name,u1_0.password,u1_0.role from users u1_0 where u1_0.email=?
2026-06-01T16:57:18.358+02:00 DEBUG 21776 --- [demo] [nio-8080-exec-9] o.s.web.servlet.DispatcherServlet        : GET "/api/meetings/1004", parameters={}
Hibernate: select u1_0.id,u1_0.active,u1_0.email,u1_0.name,u1_0.password,u1_0.role from users u1_0 where u1_0.email=?
2026-06-01T16:57:18.359+02:00 DEBUG 21776 --- [demo] [nio-8080-exec-9] s.w.s.m.m.a.RequestMappingHandlerMapping : Mapped to com.example.demo.controller.MeetingController#findById(Long)
2026-06-01T16:57:18.362+02:00 DEBUG 21776 --- [demo] [nio-8080-exec-9] org.hibernate.SQL                        : select m1_0.id,m1_0.date,m1_0.dependences,m1_0.description,m1_0.discussion,m1_0.end_time,m1_0.objective,m1_0.objet,m1_0.presidente,m1_0.rapporteur,m1_0.recommendation,m1_0.room,m1_0.start_time,m1_0.type from meetings m1_0 where m1_0.id=?
Hibernate: select m1_0.id,m1_0.date,m1_0.dependences,m1_0.description,m1_0.discussion,m1_0.end_time,m1_0.objective,m1_0.objet,m1_0.presidente,m1_0.rapporteur,m1_0.recommendation,m1_0.room,m1_0.start_time,m1_0.type from meetings m1_0 where m1_0.id=?
2026-06-01T16:57:18.362+02:00 DEBUG 21776 --- [demo] [nio-8080-exec-8] o.s.web.servlet.DispatcherServlet        : GET "/api/meetings/1004/tasks", parameters={}
2026-06-01T16:57:18.363+02:00 DEBUG 21776 --- [demo] [nio-8080-exec-8] s.w.s.m.m.a.RequestMappingHandlerMapping : Mapped to com.example.demo.controller.TaskController#findByMeeting(Long)
2026-06-01T16:57:18.365+02:00 DEBUG 21776 --- [demo] [nio-8080-exec-9] org.hibernate.SQL                        : select p1_0.meeting_id,p1_1.id,p1_1.email,p1_1.first_name,p1_1.last_name,p1_1.phone from meeting_participants p1_0 join participants p1_1 on p1_1.id=p1_0.participant_id where p1_0.meeting_id=?
Hibernate: select p1_0.meeting_id,p1_1.id,p1_1.email,p1_1.first_name,p1_1.last_name,p1_1.phone from meeting_participants p1_0 join participants p1_1 on p1_1.id=p1_0.participant_id where p1_0.meeting_id=?
2026-06-01T16:57:18.367+02:00 DEBUG 21776 --- [demo] [nio-8080-exec-9] org.hibernate.SQL                        : select a1_0.meeting_id,a1_1.id,a1_1.description,a1_1.name from meeting_audiences a1_0 join audiences a1_1 on a1_1.id=a1_0.audience_id where a1_0.meeting_id=?
Hibernate: select a1_0.meeting_id,a1_1.id,a1_1.description,a1_1.name from meeting_audiences a1_0 join audiences a1_1 on a1_1.id=a1_0.audience_id where a1_0.meeting_id=?
2026-06-01T16:57:18.367+02:00 DEBUG 21776 --- [demo] [nio-8080-exec-8] org.hibernate.SQL                        : select t1_0.id,t1_0.meeting_id,t1_0.status,t1_0.title from tasks t1_0 where t1_0.meeting_id=?
Hibernate: select t1_0.id,t1_0.meeting_id,t1_0.status,t1_0.title from tasks t1_0 where t1_0.meeting_id=?
2026-06-01T16:57:18.369+02:00 DEBUG 21776 --- [demo] [nio-8080-exec-9] org.hibernate.SQL                        : select p1_0.meeting_id,p1_0.id,p1_0.upload_date,p1_0.uploaded_by_id,p1_0.url from photos p1_0 where p1_0.meeting_id=?
Hibernate: select p1_0.meeting_id,p1_0.id,p1_0.upload_date,p1_0.uploaded_by_id,p1_0.url from photos p1_0 where p1_0.meeting_id=?
2026-06-01T16:57:18.370+02:00 DEBUG 21776 --- [demo] [nio-8080-exec-9] org.hibernate.SQL                        : select d1_0.meeting_id,d1_0.id,d1_0.name,d1_0.url from documents d1_0 where d1_0.meeting_id=?
Hibernate: select d1_0.meeting_id,d1_0.id,d1_0.name,d1_0.url from documents d1_0 where d1_0.meeting_id=?
2026-06-01T16:57:18.371+02:00 DEBUG 21776 --- [demo] [nio-8080-exec-8] o.s.w.s.m.m.a.HttpEntityMethodProcessor  : Using 'application/json', given [application/json, text/plain, */*] and supported [application/json, application/*+json]
2026-06-01T16:57:18.372+02:00 DEBUG 21776 --- [demo] [nio-8080-exec-8] o.s.w.s.m.m.a.HttpEntityMethodProcessor  : Writing [[TaskResponse(id=1, title=333, status=PENDING, meetingId=1004)]]
2026-06-01T16:57:18.373+02:00 DEBUG 21776 --- [demo] [nio-8080-exec-9] o.s.w.s.m.m.a.HttpEntityMethodProcessor  : Using 'application/json', given [application/json, text/plain, */*] and supported [application/json, application/*+json]
2026-06-01T16:57:18.373+02:00 DEBUG 21776 --- [demo] [nio-8080-exec-9] o.s.w.s.m.m.a.HttpEntityMethodProcessor  : Writing [MeetingResponse(id=1004, objective=for what, type=préinstruction, description=null, date=2026-12-12, (truncated)...]
2026-06-01T16:57:18.375+02:00 DEBUG 21776 --- [demo] [nio-8080-exec-8] o.s.web.servlet.DispatcherServlet        : Completed 200 OK
2026-06-01T16:57:18.375+02:00 DEBUG 21776 --- [demo] [nio-8080-exec-9] o.s.web.servlet.DispatcherServlet        : Completed 200 OK
2026-06-01T16:57:18.390+02:00 DEBUG 21776 --- [demo] [io-8080-exec-10] org.hibernate.SQL                        : select u1_0.id,u1_0.active,u1_0.email,u1_0.name,u1_0.password,u1_0.role from users u1_0 where u1_0.email=?
Hibernate: select u1_0.id,u1_0.active,u1_0.email,u1_0.name,u1_0.password,u1_0.role from users u1_0 where u1_0.email=?
2026-06-01T16:57:18.390+02:00 DEBUG 21776 --- [demo] [nio-8080-exec-1] org.hibernate.SQL                        : select u1_0.id,u1_0.active,u1_0.email,u1_0.name,u1_0.password,u1_0.role from users u1_0 where u1_0.email=?
Hibernate: select u1_0.id,u1_0.active,u1_0.email,u1_0.name,u1_0.password,u1_0.role from users u1_0 where u1_0.email=?
2026-06-01T16:57:18.395+02:00 DEBUG 21776 --- [demo] [nio-8080-exec-1] o.s.web.servlet.DispatcherServlet        : GET "/api/meetings/1004/tasks", parameters={}
2026-06-01T16:57:18.395+02:00 DEBUG 21776 --- [demo] [io-8080-exec-10] o.s.web.servlet.DispatcherServlet        : GET "/api/meetings/1004/discussions", parameters={}
2026-06-01T16:57:18.396+02:00 DEBUG 21776 --- [demo] [nio-8080-exec-1] s.w.s.m.m.a.RequestMappingHandlerMapping : Mapped to com.example.demo.controller.TaskController#findByMeeting(Long)
2026-06-01T16:57:18.397+02:00 DEBUG 21776 --- [demo] [io-8080-exec-10] s.w.s.m.m.a.RequestMappingHandlerMapping : Mapped to com.example.demo.controller.DiscussionController#findByMeeting(Long)
2026-06-01T16:57:18.401+02:00 DEBUG 21776 --- [demo] [nio-8080-exec-1] org.hibernate.SQL                        : select t1_0.id,t1_0.meeting_id,t1_0.status,t1_0.title from tasks t1_0 where t1_0.meeting_id=?
Hibernate: select t1_0.id,t1_0.meeting_id,t1_0.status,t1_0.title from tasks t1_0 where t1_0.meeting_id=?
2026-06-01T16:57:18.401+02:00 DEBUG 21776 --- [demo] [io-8080-exec-10] org.hibernate.SQL                        : select d1_0.id,d1_0.content,d1_0.meeting_id,d1_0.id_participant,d1_0.speaker from discussion d1_0 where d1_0.meeting_id=?
Hibernate: select d1_0.id,d1_0.content,d1_0.meeting_id,d1_0.id_participant,d1_0.speaker from discussion d1_0 where d1_0.meeting_id=?
2026-06-01T16:57:18.407+02:00 DEBUG 21776 --- [demo] [nio-8080-exec-1] o.s.w.s.m.m.a.HttpEntityMethodProcessor  : Using 'application/json', given [application/json, text/plain, */*] and supported [application/json, application/*+json]
2026-06-01T16:57:18.408+02:00 DEBUG 21776 --- [demo] [io-8080-exec-10] o.s.w.s.m.m.a.HttpEntityMethodProcessor  : Using 'application/json', given [application/json, text/plain, */*] and supported [application/json, application/*+json]
2026-06-01T16:57:18.409+02:00 DEBUG 21776 --- [demo] [io-8080-exec-10] o.s.w.s.m.m.a.HttpEntityMethodProcessor  : Writing [[]]
2026-06-01T16:57:18.408+02:00 DEBUG 21776 --- [demo] [nio-8080-exec-1] o.s.w.s.m.m.a.HttpEntityMethodProcessor  : Writing [[TaskResponse(id=1, title=333, status=PENDING, meetingId=1004)]]
2026-06-01T16:57:18.410+02:00 DEBUG 21776 --- [demo] [io-8080-exec-10] o.s.web.servlet.DispatcherServlet        : Completed 200 OK
2026-06-01T16:57:18.411+02:00 DEBUG 21776 --- [demo] [nio-8080-exec-1] o.s.web.servlet.DispatcherServlet        : Completed 200 OK
2026-06-01T16:57:18.424+02:00 DEBUG 21776 --- [demo] [nio-8080-exec-2] org.hibernate.SQL                        : select u1_0.id,u1_0.active,u1_0.email,u1_0.name,u1_0.password,u1_0.role from users u1_0 where u1_0.email=?
Hibernate: select u1_0.id,u1_0.active,u1_0.email,u1_0.name,u1_0.password,u1_0.role from users u1_0 where u1_0.email=?
2026-06-01T16:57:18.429+02:00 DEBUG 21776 --- [demo] [nio-8080-exec-2] o.s.web.servlet.DispatcherServlet        : GET "/api/meetings/1004/discussions", parameters={}
2026-06-01T16:57:18.430+02:00 DEBUG 21776 --- [demo] [nio-8080-exec-2] s.w.s.m.m.a.RequestMappingHandlerMapping : Mapped to com.example.demo.controller.DiscussionController#findByMeeting(Long)
2026-06-01T16:57:18.432+02:00 DEBUG 21776 --- [demo] [nio-8080-exec-2] org.hibernate.SQL                        : select d1_0.id,d1_0.content,d1_0.meeting_id,d1_0.id_participant,d1_0.speaker from discussion d1_0 where d1_0.meeting_id=?
Hibernate: select d1_0.id,d1_0.content,d1_0.meeting_id,d1_0.id_participant,d1_0.speaker from discussion d1_0 where d1_0.meeting_id=?
2026-06-01T16:57:18.439+02:00 DEBUG 21776 --- [demo] [nio-8080-exec-2] o.s.w.s.m.m.a.HttpEntityMethodProcessor  : Using 'application/json', given [application/json, text/plain, */*] and supported [application/json, application/*+json]
2026-06-01T16:57:18.439+02:00 DEBUG 21776 --- [demo] [nio-8080-exec-2] o.s.w.s.m.m.a.HttpEntityMethodProcessor  : Writing [[]]
2026-06-01T16:57:18.440+02:00 DEBUG 21776 --- [demo] [nio-8080-exec-2] o.s.web.servlet.DispatcherServlet        : Completed 200 OK
2026-06-01T16:57:20.231+02:00 DEBUG 21776 --- [demo] [nio-8080-exec-5] org.hibernate.SQL                        : select u1_0.id,u1_0.active,u1_0.email,u1_0.name,u1_0.password,u1_0.role from users u1_0 where u1_0.email=?
Hibernate: select u1_0.id,u1_0.active,u1_0.email,u1_0.name,u1_0.password,u1_0.role from users u1_0 where u1_0.email=?
2026-06-01T16:57:20.231+02:00 DEBUG 21776 --- [demo] [nio-8080-exec-3] org.hibernate.SQL                        : select u1_0.id,u1_0.active,u1_0.email,u1_0.name,u1_0.password,u1_0.role from users u1_0 where u1_0.email=?
Hibernate: select u1_0.id,u1_0.active,u1_0.email,u1_0.name,u1_0.password,u1_0.role from users u1_0 where u1_0.email=?
2026-06-01T16:57:20.231+02:00 DEBUG 21776 --- [demo] [nio-8080-exec-4] org.hibernate.SQL                        : select u1_0.id,u1_0.active,u1_0.email,u1_0.name,u1_0.password,u1_0.role from users u1_0 where u1_0.email=?
Hibernate: select u1_0.id,u1_0.active,u1_0.email,u1_0.name,u1_0.password,u1_0.role from users u1_0 where u1_0.email=?
2026-06-01T16:57:20.236+02:00 DEBUG 21776 --- [demo] [nio-8080-exec-5] o.s.web.servlet.DispatcherServlet        : GET "/api/meetings/1004", parameters={}
2026-06-01T16:57:20.236+02:00 DEBUG 21776 --- [demo] [nio-8080-exec-3] o.s.web.servlet.DispatcherServlet        : GET "/api/meetings/1004/tasks", parameters={}
2026-06-01T16:57:20.237+02:00 DEBUG 21776 --- [demo] [nio-8080-exec-5] s.w.s.m.m.a.RequestMappingHandlerMapping : Mapped to com.example.demo.controller.MeetingController#findById(Long)
2026-06-01T16:57:20.238+02:00 DEBUG 21776 --- [demo] [nio-8080-exec-3] s.w.s.m.m.a.RequestMappingHandlerMapping : Mapped to com.example.demo.controller.TaskController#findByMeeting(Long)
2026-06-01T16:57:20.238+02:00 DEBUG 21776 --- [demo] [nio-8080-exec-4] o.s.web.servlet.DispatcherServlet        : GET "/api/meetings/1004/discussions", parameters={}
2026-06-01T16:57:20.239+02:00 DEBUG 21776 --- [demo] [nio-8080-exec-4] s.w.s.m.m.a.RequestMappingHandlerMapping : Mapped to com.example.demo.controller.DiscussionController#findByMeeting(Long)
2026-06-01T16:57:20.240+02:00 DEBUG 21776 --- [demo] [nio-8080-exec-5] org.hibernate.SQL                        : select m1_0.id,m1_0.date,m1_0.dependences,m1_0.description,m1_0.discussion,m1_0.end_time,m1_0.objective,m1_0.objet,m1_0.presidente,m1_0.rapporteur,m1_0.recommendation,m1_0.room,m1_0.start_time,m1_0.type from meetings m1_0 where m1_0.id=?
Hibernate: select m1_0.id,m1_0.date,m1_0.dependences,m1_0.description,m1_0.discussion,m1_0.end_time,m1_0.objective,m1_0.objet,m1_0.presidente,m1_0.rapporteur,m1_0.recommendation,m1_0.room,m1_0.start_time,m1_0.type from meetings m1_0 where m1_0.id=?
2026-06-01T16:57:20.241+02:00 DEBUG 21776 --- [demo] [nio-8080-exec-3] org.hibernate.SQL                        : select t1_0.id,t1_0.meeting_id,t1_0.status,t1_0.title from tasks t1_0 where t1_0.meeting_id=?
Hibernate: select t1_0.id,t1_0.meeting_id,t1_0.status,t1_0.title from tasks t1_0 where t1_0.meeting_id=?
2026-06-01T16:57:20.244+02:00 DEBUG 21776 --- [demo] [nio-8080-exec-5] org.hibernate.SQL                        : select p1_0.meeting_id,p1_1.id,p1_1.email,p1_1.first_name,p1_1.last_name,p1_1.phone from meeting_participants p1_0 join participants p1_1 on p1_1.id=p1_0.participant_id where p1_0.meeting_id=?
Hibernate: select p1_0.meeting_id,p1_1.id,p1_1.email,p1_1.first_name,p1_1.last_name,p1_1.phone from meeting_participants p1_0 join participants p1_1 on p1_1.id=p1_0.participant_id where p1_0.meeting_id=?
2026-06-01T16:57:20.244+02:00 DEBUG 21776 --- [demo] [nio-8080-exec-4] org.hibernate.SQL                        : select d1_0.id,d1_0.content,d1_0.meeting_id,d1_0.id_participant,d1_0.speaker from discussion d1_0 where d1_0.meeting_id=?
Hibernate: select d1_0.id,d1_0.content,d1_0.meeting_id,d1_0.id_participant,d1_0.speaker from discussion d1_0 where d1_0.meeting_id=?
2026-06-01T16:57:20.246+02:00 DEBUG 21776 --- [demo] [nio-8080-exec-5] org.hibernate.SQL                        : select a1_0.meeting_id,a1_1.id,a1_1.description,a1_1.name from meeting_audiences a1_0 join audiences a1_1 on a1_1.id=a1_0.audience_id where a1_0.meeting_id=?
Hibernate: select a1_0.meeting_id,a1_1.id,a1_1.description,a1_1.name from meeting_audiences a1_0 join audiences a1_1 on a1_1.id=a1_0.audience_id where a1_0.meeting_id=?
2026-06-01T16:57:20.246+02:00 DEBUG 21776 --- [demo] [nio-8080-exec-3] o.s.w.s.m.m.a.HttpEntityMethodProcessor  : Using 'application/json', given [application/json, text/plain, */*] and supported [application/json, application/*+json]
2026-06-01T16:57:20.248+02:00 DEBUG 21776 --- [demo] [nio-8080-exec-3] o.s.w.s.m.m.a.HttpEntityMethodProcessor  : Writing [[TaskResponse(id=1, title=333, status=PENDING, meetingId=1004)]]
2026-06-01T16:57:20.248+02:00 DEBUG 21776 --- [demo] [nio-8080-exec-5] org.hibernate.SQL                        : select p1_0.meeting_id,p1_0.id,p1_0.upload_date,p1_0.uploaded_by_id,p1_0.url from photos p1_0 where p1_0.meeting_id=?
Hibernate: select p1_0.meeting_id,p1_0.id,p1_0.upload_date,p1_0.uploaded_by_id,p1_0.url from photos p1_0 where p1_0.meeting_id=?
2026-06-01T16:57:20.248+02:00 DEBUG 21776 --- [demo] [nio-8080-exec-4] o.s.w.s.m.m.a.HttpEntityMethodProcessor  : Using 'application/json', given [application/json, text/plain, */*] and supported [application/json, application/*+json]
2026-06-01T16:57:20.249+02:00 DEBUG 21776 --- [demo] [nio-8080-exec-4] o.s.w.s.m.m.a.HttpEntityMethodProcessor  : Writing [[]]
2026-06-01T16:57:20.249+02:00 DEBUG 21776 --- [demo] [nio-8080-exec-3] o.s.web.servlet.DispatcherServlet        : Completed 200 OK
2026-06-01T16:57:20.250+02:00 DEBUG 21776 --- [demo] [nio-8080-exec-5] org.hibernate.SQL                        : select d1_0.meeting_id,d1_0.id,d1_0.name,d1_0.url from documents d1_0 where d1_0.meeting_id=?
Hibernate: select d1_0.meeting_id,d1_0.id,d1_0.name,d1_0.url from documents d1_0 where d1_0.meeting_id=?
2026-06-01T16:57:20.251+02:00 DEBUG 21776 --- [demo] [nio-8080-exec-4] o.s.web.servlet.DispatcherServlet        : Completed 200 OK
2026-06-01T16:57:20.255+02:00 DEBUG 21776 --- [demo] [nio-8080-exec-5] o.s.w.s.m.m.a.HttpEntityMethodProcessor  : Using 'application/json', given [application/json, text/plain, */*] and supported [application/json, application/*+json]
2026-06-01T16:57:20.256+02:00 DEBUG 21776 --- [demo] [nio-8080-exec-5] o.s.w.s.m.m.a.HttpEntityMethodProcessor  : Writing [MeetingResponse(id=1004, objective=for what, type=préinstruction, description=null, date=2026-12-12, (truncated)...]
2026-06-01T16:57:20.258+02:00 DEBUG 21776 --- [demo] [nio-8080-exec-5] o.s.web.servlet.DispatcherServlet        : Completed 200 OK
2026-06-01T16:57:20.264+02:00 DEBUG 21776 --- [demo] [nio-8080-exec-7] org.hibernate.SQL                        : select u1_0.id,u1_0.active,u1_0.email,u1_0.name,u1_0.password,u1_0.role from users u1_0 where u1_0.email=?
Hibernate: select u1_0.id,u1_0.active,u1_0.email,u1_0.name,u1_0.password,u1_0.role from users u1_0 where u1_0.email=?
2026-06-01T16:57:20.265+02:00 DEBUG 21776 --- [demo] [nio-8080-exec-6] org.hibernate.SQL                        : select u1_0.id,u1_0.active,u1_0.email,u1_0.name,u1_0.password,u1_0.role from users u1_0 where u1_0.email=?
Hibernate: select u1_0.id,u1_0.active,u1_0.email,u1_0.name,u1_0.password,u1_0.role from users u1_0 where u1_0.email=?
2026-06-01T16:57:20.269+02:00 DEBUG 21776 --- [demo] [nio-8080-exec-7] o.s.web.servlet.DispatcherServlet        : GET "/api/meetings/1004/discussions", parameters={}
2026-06-01T16:57:20.269+02:00 DEBUG 21776 --- [demo] [nio-8080-exec-6] o.s.web.servlet.DispatcherServlet        : GET "/api/meetings/1004/tasks", parameters={}
2026-06-01T16:57:20.270+02:00 DEBUG 21776 --- [demo] [nio-8080-exec-7] s.w.s.m.m.a.RequestMappingHandlerMapping : Mapped to com.example.demo.controller.DiscussionController#findByMeeting(Long)
2026-06-01T16:57:20.270+02:00 DEBUG 21776 --- [demo] [nio-8080-exec-6] s.w.s.m.m.a.RequestMappingHandlerMapping : Mapped to com.example.demo.controller.TaskController#findByMeeting(Long)
2026-06-01T16:57:20.273+02:00 DEBUG 21776 --- [demo] [nio-8080-exec-8] org.hibernate.SQL                        : select u1_0.id,u1_0.active,u1_0.email,u1_0.name,u1_0.password,u1_0.role from users u1_0 where u1_0.email=?
Hibernate: select u1_0.id,u1_0.active,u1_0.email,u1_0.name,u1_0.password,u1_0.role from users u1_0 where u1_0.email=?
2026-06-01T16:57:20.273+02:00 DEBUG 21776 --- [demo] [nio-8080-exec-7] org.hibernate.SQL                        : select d1_0.id,d1_0.content,d1_0.meeting_id,d1_0.id_participant,d1_0.speaker from discussion d1_0 where d1_0.meeting_id=?
2026-06-01T16:57:20.274+02:00 DEBUG 21776 --- [demo] [nio-8080-exec-6] org.hibernate.SQL                        : select t1_0.id,t1_0.meeting_id,t1_0.status,t1_0.title from tasks t1_0 where t1_0.meeting_id=?
Hibernate: select t1_0.id,t1_0.meeting_id,t1_0.status,t1_0.title from tasks t1_0 where t1_0.meeting_id=?
2026-06-01T16:57:20.276+02:00 DEBUG 21776 --- [demo] [nio-8080-exec-8] o.s.web.servlet.DispatcherServlet        : GET "/api/meetings/1004", parameters={}
Hibernate: select d1_0.id,d1_0.content,d1_0.meeting_id,d1_0.id_participant,d1_0.speaker from discussion d1_0 where d1_0.meeting_id=?
2026-06-01T16:57:20.277+02:00 DEBUG 21776 --- [demo] [nio-8080-exec-8] s.w.s.m.m.a.RequestMappingHandlerMapping : Mapped to com.example.demo.controller.MeetingController#findById(Long)
2026-06-01T16:57:20.279+02:00 DEBUG 21776 --- [demo] [nio-8080-exec-6] o.s.w.s.m.m.a.HttpEntityMethodProcessor  : Using 'application/json', given [application/json, text/plain, */*] and supported [application/json, application/*+json]
2026-06-01T16:57:20.279+02:00 DEBUG 21776 --- [demo] [nio-8080-exec-7] o.s.w.s.m.m.a.HttpEntityMethodProcessor  : Using 'application/json', given [application/json, text/plain, */*] and supported [application/json, application/*+json]
2026-06-01T16:57:20.280+02:00 DEBUG 21776 --- [demo] [nio-8080-exec-7] o.s.w.s.m.m.a.HttpEntityMethodProcessor  : Writing [[]]
2026-06-01T16:57:20.279+02:00 DEBUG 21776 --- [demo] [nio-8080-exec-6] o.s.w.s.m.m.a.HttpEntityMethodProcessor  : Writing [[TaskResponse(id=1, title=333, status=PENDING, meetingId=1004)]]
2026-06-01T16:57:20.280+02:00 DEBUG 21776 --- [demo] [nio-8080-exec-7] o.s.web.servlet.DispatcherServlet        : Completed 200 OK
2026-06-01T16:57:20.281+02:00 DEBUG 21776 --- [demo] [nio-8080-exec-6] o.s.web.servlet.DispatcherServlet        : Completed 200 OK
2026-06-01T16:57:20.280+02:00 DEBUG 21776 --- [demo] [nio-8080-exec-8] org.hibernate.SQL                        : select m1_0.id,m1_0.date,m1_0.dependences,m1_0.description,m1_0.discussion,m1_0.end_time,m1_0.objective,m1_0.objet,m1_0.presidente,m1_0.rapporteur,m1_0.recommendation,m1_0.room,m1_0.start_time,m1_0.type from meetings m1_0 where m1_0.id=?
Hibernate: select m1_0.id,m1_0.date,m1_0.dependences,m1_0.description,m1_0.discussion,m1_0.end_time,m1_0.objective,m1_0.objet,m1_0.presidente,m1_0.rapporteur,m1_0.recommendation,m1_0.room,m1_0.start_time,m1_0.type from meetings m1_0 where m1_0.id=?
2026-06-01T16:57:20.285+02:00 DEBUG 21776 --- [demo] [nio-8080-exec-8] org.hibernate.SQL                        : select p1_0.meeting_id,p1_1.id,p1_1.email,p1_1.first_name,p1_1.last_name,p1_1.phone from meeting_participants p1_0 join participants p1_1 on p1_1.id=p1_0.participant_id where p1_0.meeting_id=?
Hibernate: select p1_0.meeting_id,p1_1.id,p1_1.email,p1_1.first_name,p1_1.last_name,p1_1.phone from meeting_participants p1_0 join participants p1_1 on p1_1.id=p1_0.participant_id where p1_0.meeting_id=?
2026-06-01T16:57:20.287+02:00 DEBUG 21776 --- [demo] [nio-8080-exec-8] org.hibernate.SQL                        : select a1_0.meeting_id,a1_1.id,a1_1.description,a1_1.name from meeting_audiences a1_0 join audiences a1_1 on a1_1.id=a1_0.audience_id where a1_0.meeting_id=?
Hibernate: select a1_0.meeting_id,a1_1.id,a1_1.description,a1_1.name from meeting_audiences a1_0 join audiences a1_1 on a1_1.id=a1_0.audience_id where a1_0.meeting_id=?
2026-06-01T16:57:20.289+02:00 DEBUG 21776 --- [demo] [nio-8080-exec-8] org.hibernate.SQL                        : select p1_0.meeting_id,p1_0.id,p1_0.upload_date,p1_0.uploaded_by_id,p1_0.url from photos p1_0 where p1_0.meeting_id=?
Hibernate: select p1_0.meeting_id,p1_0.id,p1_0.upload_date,p1_0.uploaded_by_id,p1_0.url from photos p1_0 where p1_0.meeting_id=?
2026-06-01T16:57:20.291+02:00 DEBUG 21776 --- [demo] [nio-8080-exec-8] org.hibernate.SQL                        : select d1_0.meeting_id,d1_0.id,d1_0.name,d1_0.url from documents d1_0 where d1_0.meeting_id=?
Hibernate: select d1_0.meeting_id,d1_0.id,d1_0.name,d1_0.url from documents d1_0 where d1_0.meeting_id=?
2026-06-01T16:57:20.293+02:00 DEBUG 21776 --- [demo] [nio-8080-exec-8] o.s.w.s.m.m.a.HttpEntityMethodProcessor  : Using 'application/json', given [application/json, text/plain, */*] and supported [application/json, application/*+json]
2026-06-01T16:57:20.294+02:00 DEBUG 21776 --- [demo] [nio-8080-exec-8] o.s.w.s.m.m.a.HttpEntityMethodProcessor  : Writing [MeetingResponse(id=1004, objective=for what, type=préinstruction, description=null, date=2026-12-12, (truncated)...]
2026-06-01T16:57:20.295+02:00 DEBUG 21776 --- [demo] [nio-8080-exec-8] o.s.web.servlet.DispatcherServlet        : Completed 200 OK
2026-06-01T17:07:46.505+02:00 DEBUG 21776 --- [demo] [nio-8080-exec-1] org.hibernate.SQL                        : select u1_0.id,u1_0.active,u1_0.email,u1_0.name,u1_0.password,u1_0.role from users u1_0 where u1_0.email=?
2026-06-01T17:07:46.505+02:00 DEBUG 21776 --- [demo] [nio-8080-exec-9] org.hibernate.SQL                        : select u1_0.id,u1_0.active,u1_0.email,u1_0.name,u1_0.password,u1_0.role from users u1_0 where u1_0.email=?
Hibernate: select u1_0.id,u1_0.active,u1_0.email,u1_0.name,u1_0.password,u1_0.role from users u1_0 where u1_0.email=?
2026-06-01T17:07:46.505+02:00 DEBUG 21776 --- [demo] [io-8080-exec-10] org.hibernate.SQL                        : select u1_0.id,u1_0.active,u1_0.email,u1_0.name,u1_0.password,u1_0.role from users u1_0 where u1_0.email=?
Hibernate: select u1_0.id,u1_0.active,u1_0.email,u1_0.name,u1_0.password,u1_0.role from users u1_0 where u1_0.email=?
Hibernate: select u1_0.id,u1_0.active,u1_0.email,u1_0.name,u1_0.password,u1_0.role from users u1_0 where u1_0.email=?
2026-06-01T17:07:46.512+02:00 DEBUG 21776 --- [demo] [io-8080-exec-10] o.s.web.servlet.DispatcherServlet        : GET "/api/meetings/1004", parameters={}
2026-06-01T17:07:46.512+02:00 DEBUG 21776 --- [demo] [nio-8080-exec-1] o.s.web.servlet.DispatcherServlet        : GET "/api/meetings/1004/discussions", parameters={}
2026-06-01T17:07:46.512+02:00 DEBUG 21776 --- [demo] [nio-8080-exec-9] o.s.web.servlet.DispatcherServlet        : GET "/api/meetings/1004/tasks", parameters={}
2026-06-01T17:07:46.512+02:00 DEBUG 21776 --- [demo] [io-8080-exec-10] s.w.s.m.m.a.RequestMappingHandlerMapping : Mapped to com.example.demo.controller.MeetingController#findById(Long)
2026-06-01T17:07:46.513+02:00 DEBUG 21776 --- [demo] [nio-8080-exec-1] s.w.s.m.m.a.RequestMappingHandlerMapping : Mapped to com.example.demo.controller.DiscussionController#findByMeeting(Long)
2026-06-01T17:07:46.513+02:00 DEBUG 21776 --- [demo] [nio-8080-exec-9] s.w.s.m.m.a.RequestMappingHandlerMapping : Mapped to com.example.demo.controller.TaskController#findByMeeting(Long)
2026-06-01T17:07:46.514+02:00 DEBUG 21776 --- [demo] [io-8080-exec-10] org.hibernate.SQL                        : select m1_0.id,m1_0.date,m1_0.dependences,m1_0.description,m1_0.discussion,m1_0.end_time,m1_0.objective,m1_0.objet,m1_0.presidente,m1_0.rapporteur,m1_0.recommendation,m1_0.room,m1_0.start_time,m1_0.type from meetings m1_0 where m1_0.id=?
Hibernate: select m1_0.id,m1_0.date,m1_0.dependences,m1_0.description,m1_0.discussion,m1_0.end_time,m1_0.objective,m1_0.objet,m1_0.presidente,m1_0.rapporteur,m1_0.recommendation,m1_0.room,m1_0.start_time,m1_0.type from meetings m1_0 where m1_0.id=?
2026-06-01T17:07:46.515+02:00 DEBUG 21776 --- [demo] [nio-8080-exec-1] org.hibernate.SQL                        : select d1_0.id,d1_0.content,d1_0.meeting_id,d1_0.id_participant,d1_0.speaker from discussion d1_0 where d1_0.meeting_id=?
2026-06-01T17:07:46.515+02:00 DEBUG 21776 --- [demo] [nio-8080-exec-9] org.hibernate.SQL                        : select t1_0.id,t1_0.meeting_id,t1_0.status,t1_0.title from tasks t1_0 where t1_0.meeting_id=?
Hibernate: select t1_0.id,t1_0.meeting_id,t1_0.status,t1_0.title from tasks t1_0 where t1_0.meeting_id=?
Hibernate: select d1_0.id,d1_0.content,d1_0.meeting_id,d1_0.id_participant,d1_0.speaker from discussion d1_0 where d1_0.meeting_id=?
2026-06-01T17:07:46.516+02:00 DEBUG 21776 --- [demo] [io-8080-exec-10] org.hibernate.SQL                        : select p1_0.meeting_id,p1_1.id,p1_1.email,p1_1.first_name,p1_1.last_name,p1_1.phone from meeting_participants p1_0 join participants p1_1 on p1_1.id=p1_0.participant_id where p1_0.meeting_id=?
Hibernate: select p1_0.meeting_id,p1_1.id,p1_1.email,p1_1.first_name,p1_1.last_name,p1_1.phone from meeting_participants p1_0 join participants p1_1 on p1_1.id=p1_0.participant_id where p1_0.meeting_id=?
2026-06-01T17:07:46.518+02:00 DEBUG 21776 --- [demo] [io-8080-exec-10] org.hibernate.SQL                        : select a1_0.meeting_id,a1_1.id,a1_1.description,a1_1.name from meeting_audiences a1_0 join audiences a1_1 on a1_1.id=a1_0.audience_id where a1_0.meeting_id=?
Hibernate: select a1_0.meeting_id,a1_1.id,a1_1.description,a1_1.name from meeting_audiences a1_0 join audiences a1_1 on a1_1.id=a1_0.audience_id where a1_0.meeting_id=?
2026-06-01T17:07:46.518+02:00 DEBUG 21776 --- [demo] [nio-8080-exec-1] o.s.w.s.m.m.a.HttpEntityMethodProcessor  : Using 'application/json', given [application/json, text/plain, */*] and supported [application/json, application/*+json]
2026-06-01T17:07:46.518+02:00 DEBUG 21776 --- [demo] [nio-8080-exec-9] o.s.w.s.m.m.a.HttpEntityMethodProcessor  : Using 'application/json', given [application/json, text/plain, */*] and supported [application/json, application/*+json]
2026-06-01T17:07:46.519+02:00 DEBUG 21776 --- [demo] [nio-8080-exec-1] o.s.w.s.m.m.a.HttpEntityMethodProcessor  : Writing [[]]
2026-06-01T17:07:46.519+02:00 DEBUG 21776 --- [demo] [io-8080-exec-10] org.hibernate.SQL                        : select p1_0.meeting_id,p1_0.id,p1_0.upload_date,p1_0.uploaded_by_id,p1_0.url from photos p1_0 where p1_0.meeting_id=?
2026-06-01T17:07:46.519+02:00 DEBUG 21776 --- [demo] [nio-8080-exec-9] o.s.w.s.m.m.a.HttpEntityMethodProcessor  : Writing [[TaskResponse(id=1, title=333, status=PENDING, meetingId=1004)]]
Hibernate: select p1_0.meeting_id,p1_0.id,p1_0.upload_date,p1_0.uploaded_by_id,p1_0.url from photos p1_0 where p1_0.meeting_id=?
2026-06-01T17:07:46.520+02:00 DEBUG 21776 --- [demo] [nio-8080-exec-1] o.s.web.servlet.DispatcherServlet        : Completed 200 OK
2026-06-01T17:07:46.521+02:00 DEBUG 21776 --- [demo] [nio-8080-exec-9] o.s.web.servlet.DispatcherServlet        : Completed 200 OK
2026-06-01T17:07:46.521+02:00 DEBUG 21776 --- [demo] [io-8080-exec-10] org.hibernate.SQL                        : select d1_0.meeting_id,d1_0.id,d1_0.name,d1_0.url from documents d1_0 where d1_0.meeting_id=?
Hibernate: select d1_0.meeting_id,d1_0.id,d1_0.name,d1_0.url from documents d1_0 where d1_0.meeting_id=?
2026-06-01T17:07:46.525+02:00 DEBUG 21776 --- [demo] [io-8080-exec-10] o.s.w.s.m.m.a.HttpEntityMethodProcessor  : Using 'application/json', given [application/json, text/plain, */*] and supported [application/json, application/*+json]
2026-06-01T17:07:46.525+02:00 DEBUG 21776 --- [demo] [io-8080-exec-10] o.s.w.s.m.m.a.HttpEntityMethodProcessor  : Writing [MeetingResponse(id=1004, objective=for what, type=préinstruction, description=null, date=2026-12-12, (truncated)...]
2026-06-01T17:07:46.527+02:00 DEBUG 21776 --- [demo] [io-8080-exec-10] o.s.web.servlet.DispatcherServlet        : Completed 200 OK
2026-06-01T17:07:46.531+02:00 DEBUG 21776 --- [demo] [nio-8080-exec-3] org.hibernate.SQL                        : select u1_0.id,u1_0.active,u1_0.email,u1_0.name,u1_0.password,u1_0.role from users u1_0 where u1_0.email=?
Hibernate: select u1_0.id,u1_0.active,u1_0.email,u1_0.name,u1_0.password,u1_0.role from users u1_0 where u1_0.email=?
2026-06-01T17:07:46.531+02:00 DEBUG 21776 --- [demo] [nio-8080-exec-2] org.hibernate.SQL                        : select u1_0.id,u1_0.active,u1_0.email,u1_0.name,u1_0.password,u1_0.role from users u1_0 where u1_0.email=?
Hibernate: select u1_0.id,u1_0.active,u1_0.email,u1_0.name,u1_0.password,u1_0.role from users u1_0 where u1_0.email=?
2026-06-01T17:07:46.534+02:00 DEBUG 21776 --- [demo] [nio-8080-exec-3] o.s.web.servlet.DispatcherServlet        : GET "/api/meetings/1004/discussions", parameters={}
2026-06-01T17:07:46.534+02:00 DEBUG 21776 --- [demo] [nio-8080-exec-2] o.s.web.servlet.DispatcherServlet        : GET "/api/meetings/1004/tasks", parameters={}
2026-06-01T17:07:46.535+02:00 DEBUG 21776 --- [demo] [nio-8080-exec-3] s.w.s.m.m.a.RequestMappingHandlerMapping : Mapped to com.example.demo.controller.DiscussionController#findByMeeting(Long)
2026-06-01T17:07:46.535+02:00 DEBUG 21776 --- [demo] [nio-8080-exec-4] org.hibernate.SQL                        : select u1_0.id,u1_0.active,u1_0.email,u1_0.name,u1_0.password,u1_0.role from users u1_0 where u1_0.email=?
2026-06-01T17:07:46.535+02:00 DEBUG 21776 --- [demo] [nio-8080-exec-2] s.w.s.m.m.a.RequestMappingHandlerMapping : Mapped to com.example.demo.controller.TaskController#findByMeeting(Long)
Hibernate: select u1_0.id,u1_0.active,u1_0.email,u1_0.name,u1_0.password,u1_0.role from users u1_0 where u1_0.email=?
2026-06-01T17:07:46.537+02:00 DEBUG 21776 --- [demo] [nio-8080-exec-2] org.hibernate.SQL                        : select t1_0.id,t1_0.meeting_id,t1_0.status,t1_0.title from tasks t1_0 where t1_0.meeting_id=?
2026-06-01T17:07:46.537+02:00 DEBUG 21776 --- [demo] [nio-8080-exec-3] org.hibernate.SQL                        : select d1_0.id,d1_0.content,d1_0.meeting_id,d1_0.id_participant,d1_0.speaker from discussion d1_0 where d1_0.meeting_id=?
Hibernate: select d1_0.id,d1_0.content,d1_0.meeting_id,d1_0.id_participant,d1_0.speaker from discussion d1_0 where d1_0.meeting_id=?
Hibernate: select t1_0.id,t1_0.meeting_id,t1_0.status,t1_0.title from tasks t1_0 where t1_0.meeting_id=?
2026-06-01T17:07:46.538+02:00 DEBUG 21776 --- [demo] [nio-8080-exec-4] o.s.web.servlet.DispatcherServlet        : GET "/api/meetings/1004", parameters={}
2026-06-01T17:07:46.538+02:00 DEBUG 21776 --- [demo] [nio-8080-exec-4] s.w.s.m.m.a.RequestMappingHandlerMapping : Mapped to com.example.demo.controller.MeetingController#findById(Long)
2026-06-01T17:07:46.539+02:00 DEBUG 21776 --- [demo] [nio-8080-exec-3] o.s.w.s.m.m.a.HttpEntityMethodProcessor  : Using 'application/json', given [application/json, text/plain, */*] and supported [application/json, application/*+json]
2026-06-01T17:07:46.539+02:00 DEBUG 21776 --- [demo] [nio-8080-exec-2] o.s.w.s.m.m.a.HttpEntityMethodProcessor  : Using 'application/json', given [application/json, text/plain, */*] and supported [application/json, application/*+json]
2026-06-01T17:07:46.539+02:00 DEBUG 21776 --- [demo] [nio-8080-exec-3] o.s.w.s.m.m.a.HttpEntityMethodProcessor  : Writing [[]]
2026-06-01T17:07:46.539+02:00 DEBUG 21776 --- [demo] [nio-8080-exec-4] org.hibernate.SQL                        : select m1_0.id,m1_0.date,m1_0.dependences,m1_0.description,m1_0.discussion,m1_0.end_time,m1_0.objective,m1_0.objet,m1_0.presidente,m1_0.rapporteur,m1_0.recommendation,m1_0.room,m1_0.start_time,m1_0.type from meetings m1_0 where m1_0.id=?
Hibernate: select m1_0.id,m1_0.date,m1_0.dependences,m1_0.description,m1_0.discussion,m1_0.end_time,m1_0.objective,m1_0.objet,m1_0.presidente,m1_0.rapporteur,m1_0.recommendation,m1_0.room,m1_0.start_time,m1_0.type from meetings m1_0 where m1_0.id=?
2026-06-01T17:07:46.539+02:00 DEBUG 21776 --- [demo] [nio-8080-exec-2] o.s.w.s.m.m.a.HttpEntityMethodProcessor  : Writing [[TaskResponse(id=1, title=333, status=PENDING, meetingId=1004)]]
2026-06-01T17:07:46.541+02:00 DEBUG 21776 --- [demo] [nio-8080-exec-3] o.s.web.servlet.DispatcherServlet        : Completed 200 OK
2026-06-01T17:07:46.542+02:00 DEBUG 21776 --- [demo] [nio-8080-exec-2] o.s.web.servlet.DispatcherServlet        : Completed 200 OK
2026-06-01T17:07:46.542+02:00 DEBUG 21776 --- [demo] [nio-8080-exec-4] org.hibernate.SQL                        : select p1_0.meeting_id,p1_1.id,p1_1.email,p1_1.first_name,p1_1.last_name,p1_1.phone from meeting_participants p1_0 join participants p1_1 on p1_1.id=p1_0.participant_id where p1_0.meeting_id=?
Hibernate: select p1_0.meeting_id,p1_1.id,p1_1.email,p1_1.first_name,p1_1.last_name,p1_1.phone from meeting_participants p1_0 join participants p1_1 on p1_1.id=p1_0.participant_id where p1_0.meeting_id=?
2026-06-01T17:07:46.544+02:00 DEBUG 21776 --- [demo] [nio-8080-exec-4] org.hibernate.SQL                        : select a1_0.meeting_id,a1_1.id,a1_1.description,a1_1.name from meeting_audiences a1_0 join audiences a1_1 on a1_1.id=a1_0.audience_id where a1_0.meeting_id=?
Hibernate: select a1_0.meeting_id,a1_1.id,a1_1.description,a1_1.name from meeting_audiences a1_0 join audiences a1_1 on a1_1.id=a1_0.audience_id where a1_0.meeting_id=?
2026-06-01T17:07:46.545+02:00 DEBUG 21776 --- [demo] [nio-8080-exec-4] org.hibernate.SQL                        : select p1_0.meeting_id,p1_0.id,p1_0.upload_date,p1_0.uploaded_by_id,p1_0.url from photos p1_0 where p1_0.meeting_id=?
Hibernate: select p1_0.meeting_id,p1_0.id,p1_0.upload_date,p1_0.uploaded_by_id,p1_0.url from photos p1_0 where p1_0.meeting_id=?
2026-06-01T17:07:46.547+02:00 DEBUG 21776 --- [demo] [nio-8080-exec-4] org.hibernate.SQL                        : select d1_0.meeting_id,d1_0.id,d1_0.name,d1_0.url from documents d1_0 where d1_0.meeting_id=?
Hibernate: select d1_0.meeting_id,d1_0.id,d1_0.name,d1_0.url from documents d1_0 where d1_0.meeting_id=?
2026-06-01T17:07:46.549+02:00 DEBUG 21776 --- [demo] [nio-8080-exec-4] o.s.w.s.m.m.a.HttpEntityMethodProcessor  : Using 'application/json', given [application/json, text/plain, */*] and supported [application/json, application/*+json]
2026-06-01T17:07:46.549+02:00 DEBUG 21776 --- [demo] [nio-8080-exec-4] o.s.w.s.m.m.a.HttpEntityMethodProcessor  : Writing [MeetingResponse(id=1004, objective=for what, type=préinstruction, description=null, date=2026-12-12, (truncated)...]
2026-06-01T17:07:46.551+02:00 DEBUG 21776 --- [demo] [nio-8080-exec-4] o.s.web.servlet.DispatcherServlet        : Completed 200 OK
2026-06-01T17:07:53.503+02:00 DEBUG 21776 --- [demo] [nio-8080-exec-5] org.hibernate.SQL                        : select u1_0.id,u1_0.active,u1_0.email,u1_0.name,u1_0.password,u1_0.role from users u1_0 where u1_0.email=?
Hibernate: select u1_0.id,u1_0.active,u1_0.email,u1_0.name,u1_0.password,u1_0.role from users u1_0 where u1_0.email=?
2026-06-01T17:07:53.509+02:00 DEBUG 21776 --- [demo] [nio-8080-exec-5] o.s.web.servlet.DispatcherServlet        : GET "/api/meetings/1004", parameters={}
2026-06-01T17:07:53.510+02:00 DEBUG 21776 --- [demo] [nio-8080-exec-5] s.w.s.m.m.a.RequestMappingHandlerMapping : Mapped to com.example.demo.controller.MeetingController#findById(Long)
2026-06-01T17:07:53.511+02:00 DEBUG 21776 --- [demo] [nio-8080-exec-5] org.hibernate.SQL                        : select m1_0.id,m1_0.date,m1_0.dependences,m1_0.description,m1_0.discussion,m1_0.end_time,m1_0.objective,m1_0.objet,m1_0.presidente,m1_0.rapporteur,m1_0.recommendation,m1_0.room,m1_0.start_time,m1_0.type from meetings m1_0 where m1_0.id=?
Hibernate: select m1_0.id,m1_0.date,m1_0.dependences,m1_0.description,m1_0.discussion,m1_0.end_time,m1_0.objective,m1_0.objet,m1_0.presidente,m1_0.rapporteur,m1_0.recommendation,m1_0.room,m1_0.start_time,m1_0.type from meetings m1_0 where m1_0.id=?
2026-06-01T17:07:53.513+02:00 DEBUG 21776 --- [demo] [nio-8080-exec-5] org.hibernate.SQL                        : select p1_0.meeting_id,p1_1.id,p1_1.email,p1_1.first_name,p1_1.last_name,p1_1.phone from meeting_participants p1_0 join participants p1_1 on p1_1.id=p1_0.participant_id where p1_0.meeting_id=?
Hibernate: select p1_0.meeting_id,p1_1.id,p1_1.email,p1_1.first_name,p1_1.last_name,p1_1.phone from meeting_participants p1_0 join participants p1_1 on p1_1.id=p1_0.participant_id where p1_0.meeting_id=?
2026-06-01T17:07:53.514+02:00 DEBUG 21776 --- [demo] [nio-8080-exec-5] org.hibernate.SQL                        : select a1_0.meeting_id,a1_1.id,a1_1.description,a1_1.name from meeting_audiences a1_0 join audiences a1_1 on a1_1.id=a1_0.audience_id where a1_0.meeting_id=?
Hibernate: select a1_0.meeting_id,a1_1.id,a1_1.description,a1_1.name from meeting_audiences a1_0 join audiences a1_1 on a1_1.id=a1_0.audience_id where a1_0.meeting_id=?
2026-06-01T17:07:53.515+02:00 DEBUG 21776 --- [demo] [nio-8080-exec-5] org.hibernate.SQL                        : select p1_0.meeting_id,p1_0.id,p1_0.upload_date,p1_0.uploaded_by_id,p1_0.url from photos p1_0 where p1_0.meeting_id=?
Hibernate: select p1_0.meeting_id,p1_0.id,p1_0.upload_date,p1_0.uploaded_by_id,p1_0.url from photos p1_0 where p1_0.meeting_id=?
2026-06-01T17:07:53.516+02:00 DEBUG 21776 --- [demo] [nio-8080-exec-5] org.hibernate.SQL                        : select d1_0.meeting_id,d1_0.id,d1_0.name,d1_0.url from documents d1_0 where d1_0.meeting_id=?
Hibernate: select d1_0.meeting_id,d1_0.id,d1_0.name,d1_0.url from documents d1_0 where d1_0.meeting_id=?
2026-06-01T17:07:53.518+02:00 DEBUG 21776 --- [demo] [nio-8080-exec-5] o.s.w.s.m.m.a.HttpEntityMethodProcessor  : Using 'application/json', given [application/json, text/plain, */*] and supported [application/json, application/*+json]
2026-06-01T17:07:53.518+02:00 DEBUG 21776 --- [demo] [nio-8080-exec-5] o.s.w.s.m.m.a.HttpEntityMethodProcessor  : Writing [MeetingResponse(id=1004, objective=for what, type=préinstruction, description=null, date=2026-12-12, (truncated)...]
2026-06-01T17:07:53.519+02:00 DEBUG 21776 --- [demo] [nio-8080-exec-5] o.s.web.servlet.DispatcherServlet        : Completed 200 OK
2026-06-01T17:08:04.488+02:00 DEBUG 21776 --- [demo] [nio-8080-exec-7] org.hibernate.SQL                        : select u1_0.id,u1_0.active,u1_0.email,u1_0.name,u1_0.password,u1_0.role from users u1_0 where u1_0.email=?
Hibernate: select u1_0.id,u1_0.active,u1_0.email,u1_0.name,u1_0.password,u1_0.role from users u1_0 where u1_0.email=?
2026-06-01T17:08:04.493+02:00 DEBUG 21776 --- [demo] [nio-8080-exec-7] o.s.web.servlet.DispatcherServlet        : GET "/api/meetings/1004", parameters={}
2026-06-01T17:08:04.495+02:00 DEBUG 21776 --- [demo] [nio-8080-exec-7] s.w.s.m.m.a.RequestMappingHandlerMapping : Mapped to com.example.demo.controller.MeetingController#findById(Long)
2026-06-01T17:08:04.496+02:00 DEBUG 21776 --- [demo] [nio-8080-exec-7] org.hibernate.SQL                        : select m1_0.id,m1_0.date,m1_0.dependences,m1_0.description,m1_0.discussion,m1_0.end_time,m1_0.objective,m1_0.objet,m1_0.presidente,m1_0.rapporteur,m1_0.recommendation,m1_0.room,m1_0.start_time,m1_0.type from meetings m1_0 where m1_0.id=?
Hibernate: select m1_0.id,m1_0.date,m1_0.dependences,m1_0.description,m1_0.discussion,m1_0.end_time,m1_0.objective,m1_0.objet,m1_0.presidente,m1_0.rapporteur,m1_0.recommendation,m1_0.room,m1_0.start_time,m1_0.type from meetings m1_0 where m1_0.id=?
2026-06-01T17:08:04.498+02:00 DEBUG 21776 --- [demo] [nio-8080-exec-7] org.hibernate.SQL                        : select p1_0.meeting_id,p1_1.id,p1_1.email,p1_1.first_name,p1_1.last_name,p1_1.phone from meeting_participants p1_0 join participants p1_1 on p1_1.id=p1_0.participant_id where p1_0.meeting_id=?
Hibernate: select p1_0.meeting_id,p1_1.id,p1_1.email,p1_1.first_name,p1_1.last_name,p1_1.phone from meeting_participants p1_0 join participants p1_1 on p1_1.id=p1_0.participant_id where p1_0.meeting_id=?
2026-06-01T17:08:04.499+02:00 DEBUG 21776 --- [demo] [nio-8080-exec-7] org.hibernate.SQL                        : select a1_0.meeting_id,a1_1.id,a1_1.description,a1_1.name from meeting_audiences a1_0 join audiences a1_1 on a1_1.id=a1_0.audience_id where a1_0.meeting_id=?
Hibernate: select a1_0.meeting_id,a1_1.id,a1_1.description,a1_1.name from meeting_audiences a1_0 join audiences a1_1 on a1_1.id=a1_0.audience_id where a1_0.meeting_id=?
2026-06-01T17:08:04.500+02:00 DEBUG 21776 --- [demo] [nio-8080-exec-7] org.hibernate.SQL                        : select p1_0.meeting_id,p1_0.id,p1_0.upload_date,p1_0.uploaded_by_id,p1_0.url from photos p1_0 where p1_0.meeting_id=?
Hibernate: select p1_0.meeting_id,p1_0.id,p1_0.upload_date,p1_0.uploaded_by_id,p1_0.url from photos p1_0 where p1_0.meeting_id=?
2026-06-01T17:08:04.501+02:00 DEBUG 21776 --- [demo] [nio-8080-exec-7] org.hibernate.SQL                        : select d1_0.meeting_id,d1_0.id,d1_0.name,d1_0.url from documents d1_0 where d1_0.meeting_id=?
Hibernate: select d1_0.meeting_id,d1_0.id,d1_0.name,d1_0.url from documents d1_0 where d1_0.meeting_id=?
2026-06-01T17:08:04.502+02:00 DEBUG 21776 --- [demo] [nio-8080-exec-7] o.s.w.s.m.m.a.HttpEntityMethodProcessor  : Using 'application/json', given [application/json, text/plain, */*] and supported [application/json, application/*+json]
2026-06-01T17:08:04.503+02:00 DEBUG 21776 --- [demo] [nio-8080-exec-7] o.s.w.s.m.m.a.HttpEntityMethodProcessor  : Writing [MeetingResponse(id=1004, objective=for what, type=préinstruction, description=null, date=2026-12-12, (truncated)...]
2026-06-01T17:08:04.503+02:00 DEBUG 21776 --- [demo] [nio-8080-exec-7] o.s.web.servlet.DispatcherServlet        : Completed 200 OK
2026-06-01T17:08:28.480+02:00 DEBUG 21776 --- [demo] [nio-8080-exec-6] org.hibernate.SQL                        : select u1_0.id,u1_0.active,u1_0.email,u1_0.name,u1_0.password,u1_0.role from users u1_0 where u1_0.email=?
Hibernate: select u1_0.id,u1_0.active,u1_0.email,u1_0.name,u1_0.password,u1_0.role from users u1_0 where u1_0.email=?
2026-06-01T17:08:28.484+02:00 DEBUG 21776 --- [demo] [nio-8080-exec-6] o.s.web.servlet.DispatcherServlet        : GET "/api/meetings/1004", parameters={}
2026-06-01T17:08:28.485+02:00 DEBUG 21776 --- [demo] [nio-8080-exec-6] s.w.s.m.m.a.RequestMappingHandlerMapping : Mapped to com.example.demo.controller.MeetingController#findById(Long)
2026-06-01T17:08:28.486+02:00 DEBUG 21776 --- [demo] [nio-8080-exec-6] org.hibernate.SQL                        : select m1_0.id,m1_0.date,m1_0.dependences,m1_0.description,m1_0.discussion,m1_0.end_time,m1_0.objective,m1_0.objet,m1_0.presidente,m1_0.rapporteur,m1_0.recommendation,m1_0.room,m1_0.start_time,m1_0.type from meetings m1_0 where m1_0.id=?
Hibernate: select m1_0.id,m1_0.date,m1_0.dependences,m1_0.description,m1_0.discussion,m1_0.end_time,m1_0.objective,m1_0.objet,m1_0.presidente,m1_0.rapporteur,m1_0.recommendation,m1_0.room,m1_0.start_time,m1_0.type from meetings m1_0 where m1_0.id=?
2026-06-01T17:08:28.488+02:00 DEBUG 21776 --- [demo] [nio-8080-exec-6] org.hibernate.SQL                        : select p1_0.meeting_id,p1_1.id,p1_1.email,p1_1.first_name,p1_1.last_name,p1_1.phone from meeting_participants p1_0 join participants p1_1 on p1_1.id=p1_0.participant_id where p1_0.meeting_id=?
Hibernate: select p1_0.meeting_id,p1_1.id,p1_1.email,p1_1.first_name,p1_1.last_name,p1_1.phone from meeting_participants p1_0 join participants p1_1 on p1_1.id=p1_0.participant_id where p1_0.meeting_id=?
2026-06-01T17:08:28.489+02:00 DEBUG 21776 --- [demo] [nio-8080-exec-6] org.hibernate.SQL                        : select a1_0.meeting_id,a1_1.id,a1_1.description,a1_1.name from meeting_audiences a1_0 join audiences a1_1 on a1_1.id=a1_0.audience_id where a1_0.meeting_id=?
Hibernate: select a1_0.meeting_id,a1_1.id,a1_1.description,a1_1.name from meeting_audiences a1_0 join audiences a1_1 on a1_1.id=a1_0.audience_id where a1_0.meeting_id=?
2026-06-01T17:08:28.490+02:00 DEBUG 21776 --- [demo] [nio-8080-exec-6] org.hibernate.SQL                        : select p1_0.meeting_id,p1_0.id,p1_0.upload_date,p1_0.uploaded_by_id,p1_0.url from photos p1_0 where p1_0.meeting_id=?
Hibernate: select p1_0.meeting_id,p1_0.id,p1_0.upload_date,p1_0.uploaded_by_id,p1_0.url from photos p1_0 where p1_0.meeting_id=?
2026-06-01T17:08:28.491+02:00 DEBUG 21776 --- [demo] [nio-8080-exec-6] org.hibernate.SQL                        : select d1_0.meeting_id,d1_0.id,d1_0.name,d1_0.url from documents d1_0 where d1_0.meeting_id=?
Hibernate: select d1_0.meeting_id,d1_0.id,d1_0.name,d1_0.url from documents d1_0 where d1_0.meeting_id=?
2026-06-01T17:08:28.493+02:00 DEBUG 21776 --- [demo] [nio-8080-exec-6] o.s.w.s.m.m.a.HttpEntityMethodProcessor  : Using 'application/json', given [application/json, text/plain, */*] and supported [application/json, application/*+json]
2026-06-01T17:08:28.494+02:00 DEBUG 21776 --- [demo] [nio-8080-exec-6] o.s.w.s.m.m.a.HttpEntityMethodProcessor  : Writing [MeetingResponse(id=1004, objective=for what, type=préinstruction, description=null, date=2026-12-12, (truncated)...]
2026-06-01T17:08:28.494+02:00 DEBUG 21776 --- [demo] [nio-8080-exec-6] o.s.web.servlet.DispatcherServlet        : Completed 200 OK
2026-06-01T17:09:25.503+02:00 DEBUG 21776 --- [demo] [nio-8080-exec-8] org.hibernate.SQL                        : select u1_0.id,u1_0.active,u1_0.email,u1_0.name,u1_0.password,u1_0.role from users u1_0 where u1_0.email=?
Hibernate: select u1_0.id,u1_0.active,u1_0.email,u1_0.name,u1_0.password,u1_0.role from users u1_0 where u1_0.email=?
2026-06-01T17:09:25.509+02:00 DEBUG 21776 --- [demo] [nio-8080-exec-8] o.s.web.servlet.DispatcherServlet        : GET "/api/meetings/1004", parameters={}
2026-06-01T17:09:25.509+02:00 DEBUG 21776 --- [demo] [nio-8080-exec-8] s.w.s.m.m.a.RequestMappingHandlerMapping : Mapped to com.example.demo.controller.MeetingController#findById(Long)
2026-06-01T17:09:25.511+02:00 DEBUG 21776 --- [demo] [nio-8080-exec-8] org.hibernate.SQL                        : select m1_0.id,m1_0.date,m1_0.dependences,m1_0.description,m1_0.discussion,m1_0.end_time,m1_0.objective,m1_0.objet,m1_0.presidente,m1_0.rapporteur,m1_0.recommendation,m1_0.room,m1_0.start_time,m1_0.type from meetings m1_0 where m1_0.id=?
Hibernate: select m1_0.id,m1_0.date,m1_0.dependences,m1_0.description,m1_0.discussion,m1_0.end_time,m1_0.objective,m1_0.objet,m1_0.presidente,m1_0.rapporteur,m1_0.recommendation,m1_0.room,m1_0.start_time,m1_0.type from meetings m1_0 where m1_0.id=?
2026-06-01T17:09:25.512+02:00 DEBUG 21776 --- [demo] [nio-8080-exec-8] org.hibernate.SQL                        : select p1_0.meeting_id,p1_1.id,p1_1.email,p1_1.first_name,p1_1.last_name,p1_1.phone from meeting_participants p1_0 join participants p1_1 on p1_1.id=p1_0.participant_id where p1_0.meeting_id=?
Hibernate: select p1_0.meeting_id,p1_1.id,p1_1.email,p1_1.first_name,p1_1.last_name,p1_1.phone from meeting_participants p1_0 join participants p1_1 on p1_1.id=p1_0.participant_id where p1_0.meeting_id=?
2026-06-01T17:09:25.514+02:00 DEBUG 21776 --- [demo] [nio-8080-exec-8] org.hibernate.SQL                        : select a1_0.meeting_id,a1_1.id,a1_1.description,a1_1.name from meeting_audiences a1_0 join audiences a1_1 on a1_1.id=a1_0.audience_id where a1_0.meeting_id=?
Hibernate: select a1_0.meeting_id,a1_1.id,a1_1.description,a1_1.name from meeting_audiences a1_0 join audiences a1_1 on a1_1.id=a1_0.audience_id where a1_0.meeting_id=?
2026-06-01T17:09:25.515+02:00 DEBUG 21776 --- [demo] [nio-8080-exec-8] org.hibernate.SQL                        : select p1_0.meeting_id,p1_0.id,p1_0.upload_date,p1_0.uploaded_by_id,p1_0.url from photos p1_0 where p1_0.meeting_id=?
Hibernate: select p1_0.meeting_id,p1_0.id,p1_0.upload_date,p1_0.uploaded_by_id,p1_0.url from photos p1_0 where p1_0.meeting_id=?
2026-06-01T17:09:25.517+02:00 DEBUG 21776 --- [demo] [nio-8080-exec-8] org.hibernate.SQL                        : select d1_0.meeting_id,d1_0.id,d1_0.name,d1_0.url from documents d1_0 where d1_0.meeting_id=?
Hibernate: select d1_0.meeting_id,d1_0.id,d1_0.name,d1_0.url from documents d1_0 where d1_0.meeting_id=?
2026-06-01T17:09:25.518+02:00 DEBUG 21776 --- [demo] [nio-8080-exec-8] o.s.w.s.m.m.a.HttpEntityMethodProcessor  : Using 'application/json', given [application/json, text/plain, */*] and supported [application/json, application/*+json]
2026-06-01T17:09:25.519+02:00 DEBUG 21776 --- [demo] [nio-8080-exec-8] o.s.w.s.m.m.a.HttpEntityMethodProcessor  : Writing [MeetingResponse(id=1004, objective=for what, type=préinstruction, description=null, date=2026-12-12, (truncated)...]
2026-06-01T17:09:25.520+02:00 DEBUG 21776 --- [demo] [nio-8080-exec-8] o.s.web.servlet.DispatcherServlet        : Completed 200 OK
2026-06-01T17:15:46.374+02:00 DEBUG 21776 --- [demo] [nio-8080-exec-1] org.hibernate.SQL                        : select u1_0.id,u1_0.active,u1_0.email,u1_0.name,u1_0.password,u1_0.role from users u1_0 where u1_0.email=?
2026-06-01T17:15:46.374+02:00 DEBUG 21776 --- [demo] [nio-8080-exec-9] org.hibernate.SQL                        : select u1_0.id,u1_0.active,u1_0.email,u1_0.name,u1_0.password,u1_0.role from users u1_0 where u1_0.email=?
Hibernate: select u1_0.id,u1_0.active,u1_0.email,u1_0.name,u1_0.password,u1_0.role from users u1_0 where u1_0.email=?
Hibernate: select u1_0.id,u1_0.active,u1_0.email,u1_0.name,u1_0.password,u1_0.role from users u1_0 where u1_0.email=?
2026-06-01T17:15:46.375+02:00 DEBUG 21776 --- [demo] [io-8080-exec-10] org.hibernate.SQL                        : select u1_0.id,u1_0.active,u1_0.email,u1_0.name,u1_0.password,u1_0.role from users u1_0 where u1_0.email=?
Hibernate: select u1_0.id,u1_0.active,u1_0.email,u1_0.name,u1_0.password,u1_0.role from users u1_0 where u1_0.email=?
2026-06-01T17:15:46.384+02:00 DEBUG 21776 --- [demo] [nio-8080-exec-1] o.s.web.servlet.DispatcherServlet        : GET "/api/meetings/1004", parameters={}
2026-06-01T17:15:46.386+02:00 DEBUG 21776 --- [demo] [nio-8080-exec-1] s.w.s.m.m.a.RequestMappingHandlerMapping : Mapped to com.example.demo.controller.MeetingController#findById(Long)
2026-06-01T17:15:46.385+02:00 DEBUG 21776 --- [demo] [nio-8080-exec-9] o.s.web.servlet.DispatcherServlet        : GET "/api/meetings/1004/tasks", parameters={}
2026-06-01T17:15:46.386+02:00 DEBUG 21776 --- [demo] [io-8080-exec-10] o.s.web.servlet.DispatcherServlet        : GET "/api/meetings/1004/discussions", parameters={}
2026-06-01T17:15:46.419+02:00 DEBUG 21776 --- [demo] [nio-8080-exec-9] s.w.s.m.m.a.RequestMappingHandlerMapping : Mapped to com.example.demo.controller.TaskController#findByMeeting(Long)
2026-06-01T17:15:46.420+02:00 DEBUG 21776 --- [demo] [io-8080-exec-10] s.w.s.m.m.a.RequestMappingHandlerMapping : Mapped to com.example.demo.controller.DiscussionController#findByMeeting(Long)
2026-06-01T17:15:46.420+02:00 DEBUG 21776 --- [demo] [nio-8080-exec-1] org.hibernate.SQL                        : select m1_0.id,m1_0.date,m1_0.dependences,m1_0.description,m1_0.discussion,m1_0.end_time,m1_0.objective,m1_0.objet,m1_0.presidente,m1_0.rapporteur,m1_0.recommendation,m1_0.room,m1_0.start_time,m1_0.type from meetings m1_0 where m1_0.id=?
Hibernate: select m1_0.id,m1_0.date,m1_0.dependences,m1_0.description,m1_0.discussion,m1_0.end_time,m1_0.objective,m1_0.objet,m1_0.presidente,m1_0.rapporteur,m1_0.recommendation,m1_0.room,m1_0.start_time,m1_0.type from meetings m1_0 where m1_0.id=?
2026-06-01T17:15:46.422+02:00 DEBUG 21776 --- [demo] [nio-8080-exec-9] org.hibernate.SQL                        : select t1_0.id,t1_0.meeting_id,t1_0.status,t1_0.title from tasks t1_0 where t1_0.meeting_id=?
Hibernate: select t1_0.id,t1_0.meeting_id,t1_0.status,t1_0.title from tasks t1_0 where t1_0.meeting_id=?
2026-06-01T17:15:46.422+02:00 DEBUG 21776 --- [demo] [io-8080-exec-10] org.hibernate.SQL                        : select d1_0.id,d1_0.content,d1_0.meeting_id,d1_0.id_participant,d1_0.speaker from discussion d1_0 where d1_0.meeting_id=?
Hibernate: select d1_0.id,d1_0.content,d1_0.meeting_id,d1_0.id_participant,d1_0.speaker from discussion d1_0 where d1_0.meeting_id=?
2026-06-01T17:15:46.424+02:00 DEBUG 21776 --- [demo] [nio-8080-exec-1] org.hibernate.SQL                        : select p1_0.meeting_id,p1_1.id,p1_1.email,p1_1.first_name,p1_1.last_name,p1_1.phone from meeting_participants p1_0 join participants p1_1 on p1_1.id=p1_0.participant_id where p1_0.meeting_id=?
Hibernate: select p1_0.meeting_id,p1_1.id,p1_1.email,p1_1.first_name,p1_1.last_name,p1_1.phone from meeting_participants p1_0 join participants p1_1 on p1_1.id=p1_0.participant_id where p1_0.meeting_id=?
2026-06-01T17:15:46.425+02:00 DEBUG 21776 --- [demo] [nio-8080-exec-9] o.s.w.s.m.m.a.HttpEntityMethodProcessor  : Using 'application/json', given [application/json, text/plain, */*] and supported [application/json, application/*+json]
2026-06-01T17:15:46.428+02:00 DEBUG 21776 --- [demo] [nio-8080-exec-9] o.s.w.s.m.m.a.HttpEntityMethodProcessor  : Writing [[TaskResponse(id=1, title=333, status=PENDING, meetingId=1004)]]
2026-06-01T17:15:46.429+02:00 DEBUG 21776 --- [demo] [io-8080-exec-10] o.s.w.s.m.m.a.HttpEntityMethodProcessor  : Using 'application/json', given [application/json, text/plain, */*] and supported [application/json, application/*+json]
2026-06-01T17:15:46.429+02:00 DEBUG 21776 --- [demo] [nio-8080-exec-1] org.hibernate.SQL                        : select a1_0.meeting_id,a1_1.id,a1_1.description,a1_1.name from meeting_audiences a1_0 join audiences a1_1 on a1_1.id=a1_0.audience_id where a1_0.meeting_id=?
Hibernate: select a1_0.meeting_id,a1_1.id,a1_1.description,a1_1.name from meeting_audiences a1_0 join audiences a1_1 on a1_1.id=a1_0.audience_id where a1_0.meeting_id=?
2026-06-01T17:15:46.429+02:00 DEBUG 21776 --- [demo] [io-8080-exec-10] o.s.w.s.m.m.a.HttpEntityMethodProcessor  : Writing [[]]
2026-06-01T17:15:46.430+02:00 DEBUG 21776 --- [demo] [nio-8080-exec-9] o.s.web.servlet.DispatcherServlet        : Completed 200 OK
2026-06-01T17:15:46.432+02:00 DEBUG 21776 --- [demo] [io-8080-exec-10] o.s.web.servlet.DispatcherServlet        : Completed 200 OK
2026-06-01T17:15:46.434+02:00 DEBUG 21776 --- [demo] [nio-8080-exec-1] org.hibernate.SQL                        : select p1_0.meeting_id,p1_0.id,p1_0.upload_date,p1_0.uploaded_by_id,p1_0.url from photos p1_0 where p1_0.meeting_id=?
Hibernate: select p1_0.meeting_id,p1_0.id,p1_0.upload_date,p1_0.uploaded_by_id,p1_0.url from photos p1_0 where p1_0.meeting_id=?
2026-06-01T17:15:46.445+02:00 DEBUG 21776 --- [demo] [nio-8080-exec-3] org.hibernate.SQL                        : select u1_0.id,u1_0.active,u1_0.email,u1_0.name,u1_0.password,u1_0.role from users u1_0 where u1_0.email=?
Hibernate: select u1_0.id,u1_0.active,u1_0.email,u1_0.name,u1_0.password,u1_0.role from users u1_0 where u1_0.email=?
2026-06-01T17:15:46.445+02:00 DEBUG 21776 --- [demo] [nio-8080-exec-2] org.hibernate.SQL                        : select u1_0.id,u1_0.active,u1_0.email,u1_0.name,u1_0.password,u1_0.role from users u1_0 where u1_0.email=?
2026-06-01T17:15:46.518+02:00 DEBUG 21776 --- [demo] [nio-8080-exec-1] org.hibernate.SQL                        : select d1_0.meeting_id,d1_0.id,d1_0.name,d1_0.url from documents d1_0 where d1_0.meeting_id=?
Hibernate: select d1_0.meeting_id,d1_0.id,d1_0.name,d1_0.url from documents d1_0 where d1_0.meeting_id=?
Hibernate: select u1_0.id,u1_0.active,u1_0.email,u1_0.name,u1_0.password,u1_0.role from users u1_0 where u1_0.email=?
2026-06-01T17:15:46.520+02:00 DEBUG 21776 --- [demo] [nio-8080-exec-3] o.s.web.servlet.DispatcherServlet        : GET "/api/meetings/1004/discussions", parameters={}
2026-06-01T17:15:46.521+02:00 DEBUG 21776 --- [demo] [nio-8080-exec-3] s.w.s.m.m.a.RequestMappingHandlerMapping : Mapped to com.example.demo.controller.DiscussionController#findByMeeting(Long)
2026-06-01T17:15:46.522+02:00 DEBUG 21776 --- [demo] [nio-8080-exec-2] o.s.web.servlet.DispatcherServlet        : GET "/api/meetings/1004/tasks", parameters={}
2026-06-01T17:15:46.523+02:00 DEBUG 21776 --- [demo] [nio-8080-exec-1] o.s.w.s.m.m.a.HttpEntityMethodProcessor  : Using 'application/json', given [application/json, text/plain, */*] and supported [application/json, application/*+json]
2026-06-01T17:15:46.525+02:00 DEBUG 21776 --- [demo] [nio-8080-exec-1] o.s.w.s.m.m.a.HttpEntityMethodProcessor  : Writing [MeetingResponse(id=1004, objective=for what, type=préinstruction, description=null, date=2026-12-12, (truncated)...]
2026-06-01T17:15:46.524+02:00 DEBUG 21776 --- [demo] [nio-8080-exec-2] s.w.s.m.m.a.RequestMappingHandlerMapping : Mapped to com.example.demo.controller.TaskController#findByMeeting(Long)
2026-06-01T17:15:46.526+02:00 DEBUG 21776 --- [demo] [nio-8080-exec-3] org.hibernate.SQL                        : select d1_0.id,d1_0.content,d1_0.meeting_id,d1_0.id_participant,d1_0.speaker from discussion d1_0 where d1_0.meeting_id=?
Hibernate: select d1_0.id,d1_0.content,d1_0.meeting_id,d1_0.id_participant,d1_0.speaker from discussion d1_0 where d1_0.meeting_id=?
2026-06-01T17:15:46.527+02:00 DEBUG 21776 --- [demo] [nio-8080-exec-1] o.s.web.servlet.DispatcherServlet        : Completed 200 OK
2026-06-01T17:15:46.530+02:00 DEBUG 21776 --- [demo] [nio-8080-exec-2] org.hibernate.SQL                        : select t1_0.id,t1_0.meeting_id,t1_0.status,t1_0.title from tasks t1_0 where t1_0.meeting_id=?
Hibernate: select t1_0.id,t1_0.meeting_id,t1_0.status,t1_0.title from tasks t1_0 where t1_0.meeting_id=?
2026-06-01T17:15:46.533+02:00 DEBUG 21776 --- [demo] [nio-8080-exec-3] o.s.w.s.m.m.a.HttpEntityMethodProcessor  : Using 'application/json', given [application/json, text/plain, */*] and supported [application/json, application/*+json]
2026-06-01T17:15:46.540+02:00 DEBUG 21776 --- [demo] [nio-8080-exec-4] org.hibernate.SQL                        : select u1_0.id,u1_0.active,u1_0.email,u1_0.name,u1_0.password,u1_0.role from users u1_0 where u1_0.email=?
Hibernate: select u1_0.id,u1_0.active,u1_0.email,u1_0.name,u1_0.password,u1_0.role from users u1_0 where u1_0.email=?
2026-06-01T17:15:46.592+02:00 DEBUG 21776 --- [demo] [nio-8080-exec-3] o.s.w.s.m.m.a.HttpEntityMethodProcessor  : Writing [[]]
2026-06-01T17:15:46.593+02:00 DEBUG 21776 --- [demo] [nio-8080-exec-2] o.s.w.s.m.m.a.HttpEntityMethodProcessor  : Using 'application/json', given [application/json, text/plain, */*] and supported [application/json, application/*+json]
2026-06-01T17:15:46.595+02:00 DEBUG 21776 --- [demo] [nio-8080-exec-3] o.s.web.servlet.DispatcherServlet        : Completed 200 OK
2026-06-01T17:15:46.595+02:00 DEBUG 21776 --- [demo] [nio-8080-exec-2] o.s.w.s.m.m.a.HttpEntityMethodProcessor  : Writing [[TaskResponse(id=1, title=333, status=PENDING, meetingId=1004)]]
2026-06-01T17:15:46.596+02:00 DEBUG 21776 --- [demo] [nio-8080-exec-4] o.s.web.servlet.DispatcherServlet        : GET "/api/meetings/1004", parameters={}
2026-06-01T17:15:46.600+02:00 DEBUG 21776 --- [demo] [nio-8080-exec-2] o.s.web.servlet.DispatcherServlet        : Completed 200 OK
2026-06-01T17:15:46.601+02:00 DEBUG 21776 --- [demo] [nio-8080-exec-4] s.w.s.m.m.a.RequestMappingHandlerMapping : Mapped to com.example.demo.controller.MeetingController#findById(Long)
2026-06-01T17:15:46.605+02:00 DEBUG 21776 --- [demo] [nio-8080-exec-4] org.hibernate.SQL                        : select m1_0.id,m1_0.date,m1_0.dependences,m1_0.description,m1_0.discussion,m1_0.end_time,m1_0.objective,m1_0.objet,m1_0.presidente,m1_0.rapporteur,m1_0.recommendation,m1_0.room,m1_0.start_time,m1_0.type from meetings m1_0 where m1_0.id=?
Hibernate: select m1_0.id,m1_0.date,m1_0.dependences,m1_0.description,m1_0.discussion,m1_0.end_time,m1_0.objective,m1_0.objet,m1_0.presidente,m1_0.rapporteur,m1_0.recommendation,m1_0.room,m1_0.start_time,m1_0.type from meetings m1_0 where m1_0.id=?
2026-06-01T17:15:46.610+02:00 DEBUG 21776 --- [demo] [nio-8080-exec-4] org.hibernate.SQL                        : select p1_0.meeting_id,p1_1.id,p1_1.email,p1_1.first_name,p1_1.last_name,p1_1.phone from meeting_participants p1_0 join participants p1_1 on p1_1.id=p1_0.participant_id where p1_0.meeting_id=?
Hibernate: select p1_0.meeting_id,p1_1.id,p1_1.email,p1_1.first_name,p1_1.last_name,p1_1.phone from meeting_participants p1_0 join participants p1_1 on p1_1.id=p1_0.participant_id where p1_0.meeting_id=?
2026-06-01T17:15:46.658+02:00 DEBUG 21776 --- [demo] [nio-8080-exec-4] org.hibernate.SQL                        : select a1_0.meeting_id,a1_1.id,a1_1.description,a1_1.name from meeting_audiences a1_0 join audiences a1_1 on a1_1.id=a1_0.audience_id where a1_0.meeting_id=?
Hibernate: select a1_0.meeting_id,a1_1.id,a1_1.description,a1_1.name from meeting_audiences a1_0 join audiences a1_1 on a1_1.id=a1_0.audience_id where a1_0.meeting_id=?
2026-06-01T17:15:46.660+02:00 DEBUG 21776 --- [demo] [nio-8080-exec-4] org.hibernate.SQL                        : select p1_0.meeting_id,p1_0.id,p1_0.upload_date,p1_0.uploaded_by_id,p1_0.url from photos p1_0 where p1_0.meeting_id=?
Hibernate: select p1_0.meeting_id,p1_0.id,p1_0.upload_date,p1_0.uploaded_by_id,p1_0.url from photos p1_0 where p1_0.meeting_id=?
2026-06-01T17:15:46.751+02:00 DEBUG 21776 --- [demo] [nio-8080-exec-4] org.hibernate.SQL                        : select d1_0.meeting_id,d1_0.id,d1_0.name,d1_0.url from documents d1_0 where d1_0.meeting_id=?
Hibernate: select d1_0.meeting_id,d1_0.id,d1_0.name,d1_0.url from documents d1_0 where d1_0.meeting_id=?
2026-06-01T17:15:46.755+02:00 DEBUG 21776 --- [demo] [nio-8080-exec-4] o.s.w.s.m.m.a.HttpEntityMethodProcessor  : Using 'application/json', given [application/json, text/plain, */*] and supported [application/json, application/*+json]
2026-06-01T17:15:46.756+02:00 DEBUG 21776 --- [demo] [nio-8080-exec-4] o.s.w.s.m.m.a.HttpEntityMethodProcessor  : Writing [MeetingResponse(id=1004, objective=for what, type=préinstruction, description=null, date=2026-12-12, (truncated)...]
2026-06-01T17:15:46.757+02:00 DEBUG 21776 --- [demo] [nio-8080-exec-4] o.s.web.servlet.DispatcherServlet        : Completed 200 OK
2026-06-01T17:19:27.492+02:00 DEBUG 21776 --- [demo] [nio-8080-exec-5] org.hibernate.SQL                        : select u1_0.id,u1_0.active,u1_0.email,u1_0.name,u1_0.password,u1_0.role from users u1_0 where u1_0.email=?
Hibernate: select u1_0.id,u1_0.active,u1_0.email,u1_0.name,u1_0.password,u1_0.role from users u1_0 where u1_0.email=?
2026-06-01T17:19:27.701+02:00 DEBUG 21776 --- [demo] [nio-8080-exec-5] o.s.web.servlet.DispatcherServlet        : GET "/api/meetings/1004", parameters={}
2026-06-01T17:19:27.702+02:00 DEBUG 21776 --- [demo] [nio-8080-exec-5] s.w.s.m.m.a.RequestMappingHandlerMapping : Mapped to com.example.demo.controller.MeetingController#findById(Long)
2026-06-01T17:19:27.703+02:00 DEBUG 21776 --- [demo] [nio-8080-exec-5] org.hibernate.SQL                        : select m1_0.id,m1_0.date,m1_0.dependences,m1_0.description,m1_0.discussion,m1_0.end_time,m1_0.objective,m1_0.objet,m1_0.presidente,m1_0.rapporteur,m1_0.recommendation,m1_0.room,m1_0.start_time,m1_0.type from meetings m1_0 where m1_0.id=?
Hibernate: select m1_0.id,m1_0.date,m1_0.dependences,m1_0.description,m1_0.discussion,m1_0.end_time,m1_0.objective,m1_0.objet,m1_0.presidente,m1_0.rapporteur,m1_0.recommendation,m1_0.room,m1_0.start_time,m1_0.type from meetings m1_0 where m1_0.id=?
2026-06-01T17:19:27.705+02:00 DEBUG 21776 --- [demo] [nio-8080-exec-5] org.hibernate.SQL                        : select p1_0.meeting_id,p1_1.id,p1_1.email,p1_1.first_name,p1_1.last_name,p1_1.phone from meeting_participants p1_0 join participants p1_1 on p1_1.id=p1_0.participant_id where p1_0.meeting_id=?
Hibernate: select p1_0.meeting_id,p1_1.id,p1_1.email,p1_1.first_name,p1_1.last_name,p1_1.phone from meeting_participants p1_0 join participants p1_1 on p1_1.id=p1_0.participant_id where p1_0.meeting_id=?
2026-06-01T17:19:27.705+02:00 DEBUG 21776 --- [demo] [nio-8080-exec-5] org.hibernate.SQL                        : select a1_0.meeting_id,a1_1.id,a1_1.description,a1_1.name from meeting_audiences a1_0 join audiences a1_1 on a1_1.id=a1_0.audience_id where a1_0.meeting_id=?
Hibernate: select a1_0.meeting_id,a1_1.id,a1_1.description,a1_1.name from meeting_audiences a1_0 join audiences a1_1 on a1_1.id=a1_0.audience_id where a1_0.meeting_id=?
2026-06-01T17:19:27.707+02:00 DEBUG 21776 --- [demo] [nio-8080-exec-5] org.hibernate.SQL                        : select p1_0.meeting_id,p1_0.id,p1_0.upload_date,p1_0.uploaded_by_id,p1_0.url from photos p1_0 where p1_0.meeting_id=?
Hibernate: select p1_0.meeting_id,p1_0.id,p1_0.upload_date,p1_0.uploaded_by_id,p1_0.url from photos p1_0 where p1_0.meeting_id=?
2026-06-01T17:19:27.709+02:00 DEBUG 21776 --- [demo] [nio-8080-exec-5] org.hibernate.SQL                        : select d1_0.meeting_id,d1_0.id,d1_0.name,d1_0.url from documents d1_0 where d1_0.meeting_id=?
Hibernate: select d1_0.meeting_id,d1_0.id,d1_0.name,d1_0.url from documents d1_0 where d1_0.meeting_id=?
2026-06-01T17:19:27.710+02:00 DEBUG 21776 --- [demo] [nio-8080-exec-5] o.s.w.s.m.m.a.HttpEntityMethodProcessor  : Using 'application/json', given [application/json, text/plain, */*] and supported [application/json, application/*+json]
2026-06-01T17:19:27.711+02:00 DEBUG 21776 --- [demo] [nio-8080-exec-5] o.s.w.s.m.m.a.HttpEntityMethodProcessor  : Writing [MeetingResponse(id=1004, objective=for what, type=préinstruction, description=null, date=2026-12-12, (truncated)...]
2026-06-01T17:19:27.712+02:00 DEBUG 21776 --- [demo] [nio-8080-exec-5] o.s.web.servlet.DispatcherServlet        : Completed 200 OK
2026-06-01T17:20:51.959+02:00 DEBUG 21776 --- [demo] [nio-8080-exec-7] org.hibernate.SQL                        : select u1_0.id,u1_0.active,u1_0.email,u1_0.name,u1_0.password,u1_0.role from users u1_0 where u1_0.email=?
2026-06-01T17:20:51.959+02:00 DEBUG 21776 --- [demo] [nio-8080-exec-6] org.hibernate.SQL                        : select u1_0.id,u1_0.active,u1_0.email,u1_0.name,u1_0.password,u1_0.role from users u1_0 where u1_0.email=?
Hibernate: select u1_0.id,u1_0.active,u1_0.email,u1_0.name,u1_0.password,u1_0.role from users u1_0 where u1_0.email=?
2026-06-01T17:20:51.959+02:00 DEBUG 21776 --- [demo] [nio-8080-exec-8] org.hibernate.SQL                        : select u1_0.id,u1_0.active,u1_0.email,u1_0.name,u1_0.password,u1_0.role from users u1_0 where u1_0.email=?
Hibernate: select u1_0.id,u1_0.active,u1_0.email,u1_0.name,u1_0.password,u1_0.role from users u1_0 where u1_0.email=?
Hibernate: select u1_0.id,u1_0.active,u1_0.email,u1_0.name,u1_0.password,u1_0.role from users u1_0 where u1_0.email=?
2026-06-01T17:20:51.962+02:00 DEBUG 21776 --- [demo] [nio-8080-exec-8] o.s.web.servlet.DispatcherServlet        : GET "/api/meetings/1004/discussions", parameters={}
2026-06-01T17:20:51.962+02:00 DEBUG 21776 --- [demo] [nio-8080-exec-7] o.s.web.servlet.DispatcherServlet        : GET "/api/meetings/1004/tasks", parameters={}
2026-06-01T17:20:52.066+02:00 DEBUG 21776 --- [demo] [nio-8080-exec-8] s.w.s.m.m.a.RequestMappingHandlerMapping : Mapped to com.example.demo.controller.DiscussionController#findByMeeting(Long)
2026-06-01T17:20:52.066+02:00 DEBUG 21776 --- [demo] [nio-8080-exec-6] o.s.web.servlet.DispatcherServlet        : GET "/api/meetings/1004", parameters={}
2026-06-01T17:20:52.067+02:00 DEBUG 21776 --- [demo] [nio-8080-exec-7] s.w.s.m.m.a.RequestMappingHandlerMapping : Mapped to com.example.demo.controller.TaskController#findByMeeting(Long)
2026-06-01T17:20:52.068+02:00 DEBUG 21776 --- [demo] [nio-8080-exec-6] s.w.s.m.m.a.RequestMappingHandlerMapping : Mapped to com.example.demo.controller.MeetingController#findById(Long)
2026-06-01T17:20:52.069+02:00 DEBUG 21776 --- [demo] [nio-8080-exec-8] org.hibernate.SQL                        : select d1_0.id,d1_0.content,d1_0.meeting_id,d1_0.id_participant,d1_0.speaker from discussion d1_0 where d1_0.meeting_id=?
Hibernate: select d1_0.id,d1_0.content,d1_0.meeting_id,d1_0.id_participant,d1_0.speaker from discussion d1_0 where d1_0.meeting_id=?
2026-06-01T17:20:52.069+02:00 DEBUG 21776 --- [demo] [nio-8080-exec-7] org.hibernate.SQL                        : select t1_0.id,t1_0.meeting_id,t1_0.status,t1_0.title from tasks t1_0 where t1_0.meeting_id=?
2026-06-01T17:20:52.070+02:00 DEBUG 21776 --- [demo] [nio-8080-exec-6] org.hibernate.SQL                        : select m1_0.id,m1_0.date,m1_0.dependences,m1_0.description,m1_0.discussion,m1_0.end_time,m1_0.objective,m1_0.objet,m1_0.presidente,m1_0.rapporteur,m1_0.recommendation,m1_0.room,m1_0.start_time,m1_0.type from meetings m1_0 where m1_0.id=?
Hibernate: select t1_0.id,t1_0.meeting_id,t1_0.status,t1_0.title from tasks t1_0 where t1_0.meeting_id=?
2026-06-01T17:20:52.073+02:00 DEBUG 21776 --- [demo] [nio-8080-exec-8] o.s.w.s.m.m.a.HttpEntityMethodProcessor  : Using 'application/json', given [application/json, text/plain, */*] and supported [application/json, application/*+json]
Hibernate: select m1_0.id,m1_0.date,m1_0.dependences,m1_0.description,m1_0.discussion,m1_0.end_time,m1_0.objective,m1_0.objet,m1_0.presidente,m1_0.rapporteur,m1_0.recommendation,m1_0.room,m1_0.start_time,m1_0.type from meetings m1_0 where m1_0.id=?
2026-06-01T17:20:52.289+02:00 DEBUG 21776 --- [demo] [nio-8080-exec-8] o.s.w.s.m.m.a.HttpEntityMethodProcessor  : Writing [[]]
2026-06-01T17:20:52.290+02:00 DEBUG 21776 --- [demo] [nio-8080-exec-6] org.hibernate.SQL                        : select p1_0.meeting_id,p1_1.id,p1_1.email,p1_1.first_name,p1_1.last_name,p1_1.phone from meeting_participants p1_0 join participants p1_1 on p1_1.id=p1_0.participant_id where p1_0.meeting_id=?
Hibernate: select p1_0.meeting_id,p1_1.id,p1_1.email,p1_1.first_name,p1_1.last_name,p1_1.phone from meeting_participants p1_0 join participants p1_1 on p1_1.id=p1_0.participant_id where p1_0.meeting_id=?
2026-06-01T17:20:52.290+02:00 DEBUG 21776 --- [demo] [nio-8080-exec-7] o.s.w.s.m.m.a.HttpEntityMethodProcessor  : Using 'application/json', given [application/json, text/plain, */*] and supported [application/json, application/*+json]
2026-06-01T17:20:52.290+02:00 DEBUG 21776 --- [demo] [nio-8080-exec-8] o.s.web.servlet.DispatcherServlet        : Completed 200 OK
2026-06-01T17:20:52.291+02:00 DEBUG 21776 --- [demo] [nio-8080-exec-7] o.s.w.s.m.m.a.HttpEntityMethodProcessor  : Writing [[TaskResponse(id=1, title=333, status=PENDING, meetingId=1004)]]
2026-06-01T17:20:52.292+02:00 DEBUG 21776 --- [demo] [nio-8080-exec-6] org.hibernate.SQL                        : select a1_0.meeting_id,a1_1.id,a1_1.description,a1_1.name from meeting_audiences a1_0 join audiences a1_1 on a1_1.id=a1_0.audience_id where a1_0.meeting_id=?
Hibernate: select a1_0.meeting_id,a1_1.id,a1_1.description,a1_1.name from meeting_audiences a1_0 join audiences a1_1 on a1_1.id=a1_0.audience_id where a1_0.meeting_id=?
2026-06-01T17:20:52.292+02:00 DEBUG 21776 --- [demo] [nio-8080-exec-7] o.s.web.servlet.DispatcherServlet        : Completed 200 OK
2026-06-01T17:20:52.299+02:00 DEBUG 21776 --- [demo] [nio-8080-exec-9] org.hibernate.SQL                        : select u1_0.id,u1_0.active,u1_0.email,u1_0.name,u1_0.password,u1_0.role from users u1_0 where u1_0.email=?
Hibernate: select u1_0.id,u1_0.active,u1_0.email,u1_0.name,u1_0.password,u1_0.role from users u1_0 where u1_0.email=?
2026-06-01T17:20:52.303+02:00 DEBUG 21776 --- [demo] [nio-8080-exec-6] org.hibernate.SQL                        : select p1_0.meeting_id,p1_0.id,p1_0.upload_date,p1_0.uploaded_by_id,p1_0.url from photos p1_0 where p1_0.meeting_id=?
Hibernate: select p1_0.meeting_id,p1_0.id,p1_0.upload_date,p1_0.uploaded_by_id,p1_0.url from photos p1_0 where p1_0.meeting_id=?
2026-06-01T17:20:52.304+02:00 DEBUG 21776 --- [demo] [nio-8080-exec-6] org.hibernate.SQL                        : select d1_0.meeting_id,d1_0.id,d1_0.name,d1_0.url from documents d1_0 where d1_0.meeting_id=?
Hibernate: select d1_0.meeting_id,d1_0.id,d1_0.name,d1_0.url from documents d1_0 where d1_0.meeting_id=?
2026-06-01T17:20:52.304+02:00 DEBUG 21776 --- [demo] [nio-8080-exec-9] o.s.web.servlet.DispatcherServlet        : GET "/api/meetings/1004/discussions", parameters={}
2026-06-01T17:20:52.305+02:00 DEBUG 21776 --- [demo] [nio-8080-exec-9] s.w.s.m.m.a.RequestMappingHandlerMapping : Mapped to com.example.demo.controller.DiscussionController#findByMeeting(Long)
2026-06-01T17:20:52.306+02:00 DEBUG 21776 --- [demo] [nio-8080-exec-6] o.s.w.s.m.m.a.HttpEntityMethodProcessor  : Using 'application/json', given [application/json, text/plain, */*] and supported [application/json, application/*+json]
2026-06-01T17:20:52.307+02:00 DEBUG 21776 --- [demo] [nio-8080-exec-6] o.s.w.s.m.m.a.HttpEntityMethodProcessor  : Writing [MeetingResponse(id=1004, objective=for what, type=préinstruction, description=null, date=2026-12-12, (truncated)...]
2026-06-01T17:20:52.307+02:00 DEBUG 21776 --- [demo] [nio-8080-exec-9] org.hibernate.SQL                        : select d1_0.id,d1_0.content,d1_0.meeting_id,d1_0.id_participant,d1_0.speaker from discussion d1_0 where d1_0.meeting_id=?
Hibernate: select d1_0.id,d1_0.content,d1_0.meeting_id,d1_0.id_participant,d1_0.speaker from discussion d1_0 where d1_0.meeting_id=?
2026-06-01T17:20:52.310+02:00 DEBUG 21776 --- [demo] [io-8080-exec-10] org.hibernate.SQL                        : select u1_0.id,u1_0.active,u1_0.email,u1_0.name,u1_0.password,u1_0.role from users u1_0 where u1_0.email=?
Hibernate: select u1_0.id,u1_0.active,u1_0.email,u1_0.name,u1_0.password,u1_0.role from users u1_0 where u1_0.email=?
2026-06-01T17:20:52.522+02:00 DEBUG 21776 --- [demo] [nio-8080-exec-6] o.s.web.servlet.DispatcherServlet        : Completed 200 OK
2026-06-01T17:20:52.524+02:00 DEBUG 21776 --- [demo] [nio-8080-exec-9] o.s.w.s.m.m.a.HttpEntityMethodProcessor  : Using 'application/json', given [application/json, text/plain, */*] and supported [application/json, application/*+json]
2026-06-01T17:20:52.525+02:00 DEBUG 21776 --- [demo] [nio-8080-exec-9] o.s.w.s.m.m.a.HttpEntityMethodProcessor  : Writing [[]]
2026-06-01T17:20:52.526+02:00 DEBUG 21776 --- [demo] [io-8080-exec-10] o.s.web.servlet.DispatcherServlet        : GET "/api/meetings/1004/tasks", parameters={}
2026-06-01T17:20:52.527+02:00 DEBUG 21776 --- [demo] [nio-8080-exec-9] o.s.web.servlet.DispatcherServlet        : Completed 200 OK
2026-06-01T17:20:52.527+02:00 DEBUG 21776 --- [demo] [io-8080-exec-10] s.w.s.m.m.a.RequestMappingHandlerMapping : Mapped to com.example.demo.controller.TaskController#findByMeeting(Long)
2026-06-01T17:20:52.531+02:00 DEBUG 21776 --- [demo] [io-8080-exec-10] org.hibernate.SQL                        : select t1_0.id,t1_0.meeting_id,t1_0.status,t1_0.title from tasks t1_0 where t1_0.meeting_id=?
Hibernate: select t1_0.id,t1_0.meeting_id,t1_0.status,t1_0.title from tasks t1_0 where t1_0.meeting_id=?
2026-06-01T17:20:52.537+02:00 DEBUG 21776 --- [demo] [nio-8080-exec-1] org.hibernate.SQL                        : select u1_0.id,u1_0.active,u1_0.email,u1_0.name,u1_0.password,u1_0.role from users u1_0 where u1_0.email=?
Hibernate: select u1_0.id,u1_0.active,u1_0.email,u1_0.name,u1_0.password,u1_0.role from users u1_0 where u1_0.email=?
2026-06-01T17:20:52.537+02:00 DEBUG 21776 --- [demo] [io-8080-exec-10] o.s.w.s.m.m.a.HttpEntityMethodProcessor  : Using 'application/json', given [application/json, text/plain, */*] and supported [application/json, application/*+json]
2026-06-01T17:20:52.538+02:00 DEBUG 21776 --- [demo] [io-8080-exec-10] o.s.w.s.m.m.a.HttpEntityMethodProcessor  : Writing [[TaskResponse(id=1, title=333, status=PENDING, meetingId=1004)]]
2026-06-01T17:20:52.539+02:00 DEBUG 21776 --- [demo] [io-8080-exec-10] o.s.web.servlet.DispatcherServlet        : Completed 200 OK
2026-06-01T17:20:52.539+02:00 DEBUG 21776 --- [demo] [nio-8080-exec-1] o.s.web.servlet.DispatcherServlet        : GET "/api/meetings/1004", parameters={}
2026-06-01T17:20:52.540+02:00 DEBUG 21776 --- [demo] [nio-8080-exec-1] s.w.s.m.m.a.RequestMappingHandlerMapping : Mapped to com.example.demo.controller.MeetingController#findById(Long)
2026-06-01T17:20:52.542+02:00 DEBUG 21776 --- [demo] [nio-8080-exec-1] org.hibernate.SQL                        : select m1_0.id,m1_0.date,m1_0.dependences,m1_0.description,m1_0.discussion,m1_0.end_time,m1_0.objective,m1_0.objet,m1_0.presidente,m1_0.rapporteur,m1_0.recommendation,m1_0.room,m1_0.start_time,m1_0.type from meetings m1_0 where m1_0.id=?
Hibernate: select m1_0.id,m1_0.date,m1_0.dependences,m1_0.description,m1_0.discussion,m1_0.end_time,m1_0.objective,m1_0.objet,m1_0.presidente,m1_0.rapporteur,m1_0.recommendation,m1_0.room,m1_0.start_time,m1_0.type from meetings m1_0 where m1_0.id=?
2026-06-01T17:20:52.545+02:00 DEBUG 21776 --- [demo] [nio-8080-exec-1] org.hibernate.SQL                        : select p1_0.meeting_id,p1_1.id,p1_1.email,p1_1.first_name,p1_1.last_name,p1_1.phone from meeting_participants p1_0 join participants p1_1 on p1_1.id=p1_0.participant_id where p1_0.meeting_id=?
Hibernate: select p1_0.meeting_id,p1_1.id,p1_1.email,p1_1.first_name,p1_1.last_name,p1_1.phone from meeting_participants p1_0 join participants p1_1 on p1_1.id=p1_0.participant_id where p1_0.meeting_id=?
2026-06-01T17:20:52.547+02:00 DEBUG 21776 --- [demo] [nio-8080-exec-1] org.hibernate.SQL                        : select a1_0.meeting_id,a1_1.id,a1_1.description,a1_1.name from meeting_audiences a1_0 join audiences a1_1 on a1_1.id=a1_0.audience_id where a1_0.meeting_id=?
Hibernate: select a1_0.meeting_id,a1_1.id,a1_1.description,a1_1.name from meeting_audiences a1_0 join audiences a1_1 on a1_1.id=a1_0.audience_id where a1_0.meeting_id=?
2026-06-01T17:20:52.550+02:00 DEBUG 21776 --- [demo] [nio-8080-exec-1] org.hibernate.SQL                        : select p1_0.meeting_id,p1_0.id,p1_0.upload_date,p1_0.uploaded_by_id,p1_0.url from photos p1_0 where p1_0.meeting_id=?
Hibernate: select p1_0.meeting_id,p1_0.id,p1_0.upload_date,p1_0.uploaded_by_id,p1_0.url from photos p1_0 where p1_0.meeting_id=?
2026-06-01T17:20:52.552+02:00 DEBUG 21776 --- [demo] [nio-8080-exec-1] org.hibernate.SQL                        : select d1_0.meeting_id,d1_0.id,d1_0.name,d1_0.url from documents d1_0 where d1_0.meeting_id=?
Hibernate: select d1_0.meeting_id,d1_0.id,d1_0.name,d1_0.url from documents d1_0 where d1_0.meeting_id=?
2026-06-01T17:20:52.554+02:00 DEBUG 21776 --- [demo] [nio-8080-exec-1] o.s.w.s.m.m.a.HttpEntityMethodProcessor  : Using 'application/json', given [application/json, text/plain, */*] and supported [application/json, application/*+json]
2026-06-01T17:20:52.555+02:00 DEBUG 21776 --- [demo] [nio-8080-exec-1] o.s.w.s.m.m.a.HttpEntityMethodProcessor  : Writing [MeetingResponse(id=1004, objective=for what, type=préinstruction, description=null, date=2026-12-12, (truncated)...]
2026-06-01T17:20:52.556+02:00 DEBUG 21776 --- [demo] [nio-8080-exec-1] o.s.web.servlet.DispatcherServlet        : Completed 200 OK
2026-06-01T17:20:57.667+02:00 DEBUG 21776 --- [demo] [nio-8080-exec-3] org.hibernate.SQL                        : select u1_0.id,u1_0.active,u1_0.email,u1_0.name,u1_0.password,u1_0.role from users u1_0 where u1_0.email=?
Hibernate: select u1_0.id,u1_0.active,u1_0.email,u1_0.name,u1_0.password,u1_0.role from users u1_0 where u1_0.email=?
2026-06-01T17:20:57.670+02:00 DEBUG 21776 --- [demo] [nio-8080-exec-3] o.s.web.servlet.DispatcherServlet        : GET "/api/meetings/1004", parameters={}
2026-06-01T17:20:57.670+02:00 DEBUG 21776 --- [demo] [nio-8080-exec-3] s.w.s.m.m.a.RequestMappingHandlerMapping : Mapped to com.example.demo.controller.MeetingController#findById(Long)
2026-06-01T17:20:57.672+02:00 DEBUG 21776 --- [demo] [nio-8080-exec-3] org.hibernate.SQL                        : select m1_0.id,m1_0.date,m1_0.dependences,m1_0.description,m1_0.discussion,m1_0.end_time,m1_0.objective,m1_0.objet,m1_0.presidente,m1_0.rapporteur,m1_0.recommendation,m1_0.room,m1_0.start_time,m1_0.type from meetings m1_0 where m1_0.id=?
Hibernate: select m1_0.id,m1_0.date,m1_0.dependences,m1_0.description,m1_0.discussion,m1_0.end_time,m1_0.objective,m1_0.objet,m1_0.presidente,m1_0.rapporteur,m1_0.recommendation,m1_0.room,m1_0.start_time,m1_0.type from meetings m1_0 where m1_0.id=?
2026-06-01T17:20:57.675+02:00 DEBUG 21776 --- [demo] [nio-8080-exec-3] org.hibernate.SQL                        : select p1_0.meeting_id,p1_1.id,p1_1.email,p1_1.first_name,p1_1.last_name,p1_1.phone from meeting_participants p1_0 join participants p1_1 on p1_1.id=p1_0.participant_id where p1_0.meeting_id=?
Hibernate: select p1_0.meeting_id,p1_1.id,p1_1.email,p1_1.first_name,p1_1.last_name,p1_1.phone from meeting_participants p1_0 join participants p1_1 on p1_1.id=p1_0.participant_id where p1_0.meeting_id=?
2026-06-01T17:20:57.677+02:00 DEBUG 21776 --- [demo] [nio-8080-exec-3] org.hibernate.SQL                        : select a1_0.meeting_id,a1_1.id,a1_1.description,a1_1.name from meeting_audiences a1_0 join audiences a1_1 on a1_1.id=a1_0.audience_id where a1_0.meeting_id=?
Hibernate: select a1_0.meeting_id,a1_1.id,a1_1.description,a1_1.name from meeting_audiences a1_0 join audiences a1_1 on a1_1.id=a1_0.audience_id where a1_0.meeting_id=?
2026-06-01T17:20:57.678+02:00 DEBUG 21776 --- [demo] [nio-8080-exec-3] org.hibernate.SQL                        : select p1_0.meeting_id,p1_0.id,p1_0.upload_date,p1_0.uploaded_by_id,p1_0.url from photos p1_0 where p1_0.meeting_id=?
Hibernate: select p1_0.meeting_id,p1_0.id,p1_0.upload_date,p1_0.uploaded_by_id,p1_0.url from photos p1_0 where p1_0.meeting_id=?
2026-06-01T17:20:57.680+02:00 DEBUG 21776 --- [demo] [nio-8080-exec-3] org.hibernate.SQL                        : select d1_0.meeting_id,d1_0.id,d1_0.name,d1_0.url from documents d1_0 where d1_0.meeting_id=?
Hibernate: select d1_0.meeting_id,d1_0.id,d1_0.name,d1_0.url from documents d1_0 where d1_0.meeting_id=?
2026-06-01T17:20:57.683+02:00 DEBUG 21776 --- [demo] [nio-8080-exec-3] o.s.w.s.m.m.a.HttpEntityMethodProcessor  : Using 'application/json', given [application/json, text/plain, */*] and supported [application/json, application/*+json]
2026-06-01T17:20:57.683+02:00 DEBUG 21776 --- [demo] [nio-8080-exec-3] o.s.w.s.m.m.a.HttpEntityMethodProcessor  : Writing [MeetingResponse(id=1004, objective=for what, type=préinstruction, description=null, date=2026-12-12, (truncated)...]
2026-06-01T17:20:57.684+02:00 DEBUG 21776 --- [demo] [nio-8080-exec-3] o.s.web.servlet.DispatcherServlet        : Completed 200 OK
2026-06-01T17:20:57.694+02:00 DEBUG 21776 --- [demo] [nio-8080-exec-2] org.hibernate.SQL                        : select u1_0.id,u1_0.active,u1_0.email,u1_0.name,u1_0.password,u1_0.role from users u1_0 where u1_0.email=?
Hibernate: select u1_0.id,u1_0.active,u1_0.email,u1_0.name,u1_0.password,u1_0.role from users u1_0 where u1_0.email=?
2026-06-01T17:20:57.695+02:00 DEBUG 21776 --- [demo] [nio-8080-exec-4] org.hibernate.SQL                        : select u1_0.id,u1_0.active,u1_0.email,u1_0.name,u1_0.password,u1_0.role from users u1_0 where u1_0.email=?
Hibernate: select u1_0.id,u1_0.active,u1_0.email,u1_0.name,u1_0.password,u1_0.role from users u1_0 where u1_0.email=?
2026-06-01T17:20:57.696+02:00 DEBUG 21776 --- [demo] [nio-8080-exec-2] o.s.web.servlet.DispatcherServlet        : GET "/api/meetings/1004", parameters={}
2026-06-01T17:20:57.697+02:00 DEBUG 21776 --- [demo] [nio-8080-exec-2] s.w.s.m.m.a.RequestMappingHandlerMapping : Mapped to com.example.demo.controller.MeetingController#findById(Long)
2026-06-01T17:20:57.697+02:00 DEBUG 21776 --- [demo] [nio-8080-exec-4] o.s.web.servlet.DispatcherServlet        : GET "/api/meetings/1004/tasks", parameters={}
2026-06-01T17:20:57.698+02:00 DEBUG 21776 --- [demo] [nio-8080-exec-4] s.w.s.m.m.a.RequestMappingHandlerMapping : Mapped to com.example.demo.controller.TaskController#findByMeeting(Long)
2026-06-01T17:20:57.699+02:00 DEBUG 21776 --- [demo] [nio-8080-exec-2] org.hibernate.SQL                        : select m1_0.id,m1_0.date,m1_0.dependences,m1_0.description,m1_0.discussion,m1_0.end_time,m1_0.objective,m1_0.objet,m1_0.presidente,m1_0.rapporteur,m1_0.recommendation,m1_0.room,m1_0.start_time,m1_0.type from meetings m1_0 where m1_0.id=?
Hibernate: select m1_0.id,m1_0.date,m1_0.dependences,m1_0.description,m1_0.discussion,m1_0.end_time,m1_0.objective,m1_0.objet,m1_0.presidente,m1_0.rapporteur,m1_0.recommendation,m1_0.room,m1_0.start_time,m1_0.type from meetings m1_0 where m1_0.id=?
2026-06-01T17:20:57.700+02:00 DEBUG 21776 --- [demo] [nio-8080-exec-4] org.hibernate.SQL                        : select t1_0.id,t1_0.meeting_id,t1_0.status,t1_0.title from tasks t1_0 where t1_0.meeting_id=?
Hibernate: select t1_0.id,t1_0.meeting_id,t1_0.status,t1_0.title from tasks t1_0 where t1_0.meeting_id=?
2026-06-01T17:20:57.827+02:00 DEBUG 21776 --- [demo] [nio-8080-exec-2] org.hibernate.SQL                        : select p1_0.meeting_id,p1_1.id,p1_1.email,p1_1.first_name,p1_1.last_name,p1_1.phone from meeting_participants p1_0 join participants p1_1 on p1_1.id=p1_0.participant_id where p1_0.meeting_id=?
Hibernate: select p1_0.meeting_id,p1_1.id,p1_1.email,p1_1.first_name,p1_1.last_name,p1_1.phone from meeting_participants p1_0 join participants p1_1 on p1_1.id=p1_0.participant_id where p1_0.meeting_id=?
2026-06-01T17:20:57.830+02:00 DEBUG 21776 --- [demo] [nio-8080-exec-4] o.s.w.s.m.m.a.HttpEntityMethodProcessor  : Using 'application/json', given [application/json, text/plain, */*] and supported [application/json, application/*+json]
2026-06-01T17:20:57.831+02:00 DEBUG 21776 --- [demo] [nio-8080-exec-4] o.s.w.s.m.m.a.HttpEntityMethodProcessor  : Writing [[TaskResponse(id=1, title=333, status=PENDING, meetingId=1004)]]
2026-06-01T17:20:57.831+02:00 DEBUG 21776 --- [demo] [nio-8080-exec-2] org.hibernate.SQL                        : select a1_0.meeting_id,a1_1.id,a1_1.description,a1_1.name from meeting_audiences a1_0 join audiences a1_1 on a1_1.id=a1_0.audience_id where a1_0.meeting_id=?
Hibernate: select a1_0.meeting_id,a1_1.id,a1_1.description,a1_1.name from meeting_audiences a1_0 join audiences a1_1 on a1_1.id=a1_0.audience_id where a1_0.meeting_id=?
2026-06-01T17:20:57.832+02:00 DEBUG 21776 --- [demo] [nio-8080-exec-4] o.s.web.servlet.DispatcherServlet        : Completed 200 OK
2026-06-01T17:20:57.833+02:00 DEBUG 21776 --- [demo] [nio-8080-exec-2] org.hibernate.SQL                        : select p1_0.meeting_id,p1_0.id,p1_0.upload_date,p1_0.uploaded_by_id,p1_0.url from photos p1_0 where p1_0.meeting_id=?
Hibernate: select p1_0.meeting_id,p1_0.id,p1_0.upload_date,p1_0.uploaded_by_id,p1_0.url from photos p1_0 where p1_0.meeting_id=?
2026-06-01T17:20:57.835+02:00 DEBUG 21776 --- [demo] [nio-8080-exec-2] org.hibernate.SQL                        : select d1_0.meeting_id,d1_0.id,d1_0.name,d1_0.url from documents d1_0 where d1_0.meeting_id=?
Hibernate: select d1_0.meeting_id,d1_0.id,d1_0.name,d1_0.url from documents d1_0 where d1_0.meeting_id=?
2026-06-01T17:20:57.837+02:00 DEBUG 21776 --- [demo] [nio-8080-exec-2] o.s.w.s.m.m.a.HttpEntityMethodProcessor  : Using 'application/json', given [application/json, text/plain, */*] and supported [application/json, application/*+json]
2026-06-01T17:20:57.837+02:00 DEBUG 21776 --- [demo] [nio-8080-exec-2] o.s.w.s.m.m.a.HttpEntityMethodProcessor  : Writing [MeetingResponse(id=1004, objective=for what, type=préinstruction, description=null, date=2026-12-12, (truncated)...]
2026-06-01T17:20:57.838+02:00 DEBUG 21776 --- [demo] [nio-8080-exec-2] o.s.web.servlet.DispatcherServlet        : Completed 200 OK
2026-06-01T17:20:57.844+02:00 DEBUG 21776 --- [demo] [nio-8080-exec-5] org.hibernate.SQL                        : select u1_0.id,u1_0.active,u1_0.email,u1_0.name,u1_0.password,u1_0.role from users u1_0 where u1_0.email=?
Hibernate: select u1_0.id,u1_0.active,u1_0.email,u1_0.name,u1_0.password,u1_0.role from users u1_0 where u1_0.email=?
2026-06-01T17:20:57.846+02:00 DEBUG 21776 --- [demo] [nio-8080-exec-5] o.s.web.servlet.DispatcherServlet        : GET "/api/meetings/1004/discussions", parameters={}
2026-06-01T17:20:57.846+02:00 DEBUG 21776 --- [demo] [nio-8080-exec-5] s.w.s.m.m.a.RequestMappingHandlerMapping : Mapped to com.example.demo.controller.DiscussionController#findByMeeting(Long)
2026-06-01T17:20:57.848+02:00 DEBUG 21776 --- [demo] [nio-8080-exec-5] org.hibernate.SQL                        : select d1_0.id,d1_0.content,d1_0.meeting_id,d1_0.id_participant,d1_0.speaker from discussion d1_0 where d1_0.meeting_id=?
Hibernate: select d1_0.id,d1_0.content,d1_0.meeting_id,d1_0.id_participant,d1_0.speaker from discussion d1_0 where d1_0.meeting_id=?
2026-06-01T17:20:57.848+02:00 DEBUG 21776 --- [demo] [nio-8080-exec-8] org.hibernate.SQL                        : select u1_0.id,u1_0.active,u1_0.email,u1_0.name,u1_0.password,u1_0.role from users u1_0 where u1_0.email=?
Hibernate: select u1_0.id,u1_0.active,u1_0.email,u1_0.name,u1_0.password,u1_0.role from users u1_0 where u1_0.email=?
2026-06-01T17:20:57.850+02:00 DEBUG 21776 --- [demo] [nio-8080-exec-5] o.s.w.s.m.m.a.HttpEntityMethodProcessor  : Using 'application/json', given [application/json, text/plain, */*] and supported [application/json, application/*+json]
2026-06-01T17:20:57.851+02:00 DEBUG 21776 --- [demo] [nio-8080-exec-5] o.s.w.s.m.m.a.HttpEntityMethodProcessor  : Writing [[]]
2026-06-01T17:20:57.851+02:00 DEBUG 21776 --- [demo] [nio-8080-exec-8] o.s.web.servlet.DispatcherServlet        : GET "/api/meetings/1004/tasks", parameters={}
2026-06-01T17:20:57.851+02:00 DEBUG 21776 --- [demo] [nio-8080-exec-5] o.s.web.servlet.DispatcherServlet        : Completed 200 OK
2026-06-01T17:20:57.852+02:00 DEBUG 21776 --- [demo] [nio-8080-exec-8] s.w.s.m.m.a.RequestMappingHandlerMapping : Mapped to com.example.demo.controller.TaskController#findByMeeting(Long)
2026-06-01T17:20:57.853+02:00 DEBUG 21776 --- [demo] [nio-8080-exec-8] org.hibernate.SQL                        : select t1_0.id,t1_0.meeting_id,t1_0.status,t1_0.title from tasks t1_0 where t1_0.meeting_id=?
Hibernate: select t1_0.id,t1_0.meeting_id,t1_0.status,t1_0.title from tasks t1_0 where t1_0.meeting_id=?
2026-06-01T17:20:57.857+02:00 DEBUG 21776 --- [demo] [nio-8080-exec-8] o.s.w.s.m.m.a.HttpEntityMethodProcessor  : Using 'application/json', given [application/json, text/plain, */*] and supported [application/json, application/*+json]
2026-06-01T17:20:57.857+02:00 DEBUG 21776 --- [demo] [nio-8080-exec-8] o.s.w.s.m.m.a.HttpEntityMethodProcessor  : Writing [[TaskResponse(id=1, title=333, status=PENDING, meetingId=1004)]]
2026-06-01T17:20:57.858+02:00 DEBUG 21776 --- [demo] [nio-8080-exec-8] o.s.web.servlet.DispatcherServlet        : Completed 200 OK
2026-06-01T17:20:57.868+02:00 DEBUG 21776 --- [demo] [nio-8080-exec-7] org.hibernate.SQL                        : select u1_0.id,u1_0.active,u1_0.email,u1_0.name,u1_0.password,u1_0.role from users u1_0 where u1_0.email=?
Hibernate: select u1_0.id,u1_0.active,u1_0.email,u1_0.name,u1_0.password,u1_0.role from users u1_0 where u1_0.email=?
2026-06-01T17:20:57.870+02:00 DEBUG 21776 --- [demo] [nio-8080-exec-7] o.s.web.servlet.DispatcherServlet        : GET "/api/meetings/1004/discussions", parameters={}
2026-06-01T17:20:57.870+02:00 DEBUG 21776 --- [demo] [nio-8080-exec-7] s.w.s.m.m.a.RequestMappingHandlerMapping : Mapped to com.example.demo.controller.DiscussionController#findByMeeting(Long)
2026-06-01T17:20:57.872+02:00 DEBUG 21776 --- [demo] [nio-8080-exec-7] org.hibernate.SQL                        : select d1_0.id,d1_0.content,d1_0.meeting_id,d1_0.id_participant,d1_0.speaker from discussion d1_0 where d1_0.meeting_id=?
Hibernate: select d1_0.id,d1_0.content,d1_0.meeting_id,d1_0.id_participant,d1_0.speaker from discussion d1_0 where d1_0.meeting_id=?
2026-06-01T17:20:57.873+02:00 DEBUG 21776 --- [demo] [nio-8080-exec-7] o.s.w.s.m.m.a.HttpEntityMethodProcessor  : Using 'application/json', given [application/json, text/plain, */*] and supported [application/json, application/*+json]
2026-06-01T17:20:57.873+02:00 DEBUG 21776 --- [demo] [nio-8080-exec-7] o.s.w.s.m.m.a.HttpEntityMethodProcessor  : Writing [[]]
2026-06-01T17:20:57.875+02:00 DEBUG 21776 --- [demo] [nio-8080-exec-7] o.s.web.servlet.DispatcherServlet        : Completed 200 OK
2026-06-01T17:21:04.081+02:00 DEBUG 21776 --- [demo] [nio-8080-exec-6] org.hibernate.SQL                        : select u1_0.id,u1_0.active,u1_0.email,u1_0.name,u1_0.password,u1_0.role from users u1_0 where u1_0.email=?
Hibernate: select u1_0.id,u1_0.active,u1_0.email,u1_0.name,u1_0.password,u1_0.role from users u1_0 where u1_0.email=?
2026-06-01T17:21:04.082+02:00 DEBUG 21776 --- [demo] [nio-8080-exec-6] o.s.web.servlet.DispatcherServlet        : GET "/api/stats/dashboard", parameters={}
2026-06-01T17:21:04.083+02:00 DEBUG 21776 --- [demo] [nio-8080-exec-6] s.w.s.m.m.a.RequestMappingHandlerMapping : Mapped to com.example.demo.controller.StatsController#getDashboardStats()
2026-06-01T17:21:04.085+02:00 DEBUG 21776 --- [demo] [nio-8080-exec-6] org.hibernate.SQL                        : select m1_0.id,m1_0.date,m1_0.dependences,m1_0.description,m1_0.discussion,m1_0.end_time,m1_0.objective,m1_0.objet,m1_0.presidente,m1_0.rapporteur,m1_0.recommendation,m1_0.room,m1_0.start_time,m1_0.type from meetings m1_0
Hibernate: select m1_0.id,m1_0.date,m1_0.dependences,m1_0.description,m1_0.discussion,m1_0.end_time,m1_0.objective,m1_0.objet,m1_0.presidente,m1_0.rapporteur,m1_0.recommendation,m1_0.room,m1_0.start_time,m1_0.type from meetings m1_0
2026-06-01T17:21:04.087+02:00 DEBUG 21776 --- [demo] [nio-8080-exec-6] org.hibernate.SQL                        : select p1_0.meeting_id,p1_1.id,p1_1.email,p1_1.first_name,p1_1.last_name,p1_1.phone from meeting_participants p1_0 join participants p1_1 on p1_1.id=p1_0.participant_id where p1_0.meeting_id=?
Hibernate: select p1_0.meeting_id,p1_1.id,p1_1.email,p1_1.first_name,p1_1.last_name,p1_1.phone from meeting_participants p1_0 join participants p1_1 on p1_1.id=p1_0.participant_id where p1_0.meeting_id=?
2026-06-01T17:21:04.089+02:00 DEBUG 21776 --- [demo] [nio-8080-exec-6] org.hibernate.SQL                        : select a1_0.meeting_id,a1_1.id,a1_1.description,a1_1.name from meeting_audiences a1_0 join audiences a1_1 on a1_1.id=a1_0.audience_id where a1_0.meeting_id=?
Hibernate: select a1_0.meeting_id,a1_1.id,a1_1.description,a1_1.name from meeting_audiences a1_0 join audiences a1_1 on a1_1.id=a1_0.audience_id where a1_0.meeting_id=?
2026-06-01T17:21:04.128+02:00 DEBUG 21776 --- [demo] [nio-8080-exec-6] org.hibernate.SQL                        : select p1_0.meeting_id,p1_0.id,p1_0.upload_date,p1_0.uploaded_by_id,p1_0.url from photos p1_0 where p1_0.meeting_id=?
Hibernate: select p1_0.meeting_id,p1_0.id,p1_0.upload_date,p1_0.uploaded_by_id,p1_0.url from photos p1_0 where p1_0.meeting_id=?
2026-06-01T17:21:04.130+02:00 DEBUG 21776 --- [demo] [nio-8080-exec-6] org.hibernate.SQL                        : select d1_0.meeting_id,d1_0.id,d1_0.name,d1_0.url from documents d1_0 where d1_0.meeting_id=?
Hibernate: select d1_0.meeting_id,d1_0.id,d1_0.name,d1_0.url from documents d1_0 where d1_0.meeting_id=?
2026-06-01T17:21:04.132+02:00 DEBUG 21776 --- [demo] [nio-8080-exec-6] org.hibernate.SQL                        : select p1_0.meeting_id,p1_1.id,p1_1.email,p1_1.first_name,p1_1.last_name,p1_1.phone from meeting_participants p1_0 join participants p1_1 on p1_1.id=p1_0.participant_id where p1_0.meeting_id=?
Hibernate: select p1_0.meeting_id,p1_1.id,p1_1.email,p1_1.first_name,p1_1.last_name,p1_1.phone from meeting_participants p1_0 join participants p1_1 on p1_1.id=p1_0.participant_id where p1_0.meeting_id=?
2026-06-01T17:21:04.134+02:00 DEBUG 21776 --- [demo] [nio-8080-exec-6] org.hibernate.SQL                        : select a1_0.meeting_id,a1_1.id,a1_1.description,a1_1.name from meeting_audiences a1_0 join audiences a1_1 on a1_1.id=a1_0.audience_id where a1_0.meeting_id=?
Hibernate: select a1_0.meeting_id,a1_1.id,a1_1.description,a1_1.name from meeting_audiences a1_0 join audiences a1_1 on a1_1.id=a1_0.audience_id where a1_0.meeting_id=?
2026-06-01T17:21:04.135+02:00 DEBUG 21776 --- [demo] [nio-8080-exec-6] org.hibernate.SQL                        : select p1_0.meeting_id,p1_0.id,p1_0.upload_date,p1_0.uploaded_by_id,p1_0.url from photos p1_0 where p1_0.meeting_id=?
Hibernate: select p1_0.meeting_id,p1_0.id,p1_0.upload_date,p1_0.uploaded_by_id,p1_0.url from photos p1_0 where p1_0.meeting_id=?
2026-06-01T17:21:04.136+02:00 DEBUG 21776 --- [demo] [nio-8080-exec-6] org.hibernate.SQL                        : select d1_0.meeting_id,d1_0.id,d1_0.name,d1_0.url from documents d1_0 where d1_0.meeting_id=?
Hibernate: select d1_0.meeting_id,d1_0.id,d1_0.name,d1_0.url from documents d1_0 where d1_0.meeting_id=?
2026-06-01T17:21:04.137+02:00 DEBUG 21776 --- [demo] [nio-8080-exec-6] org.hibernate.SQL                        : select p1_0.meeting_id,p1_1.id,p1_1.email,p1_1.first_name,p1_1.last_name,p1_1.phone from meeting_participants p1_0 join participants p1_1 on p1_1.id=p1_0.participant_id where p1_0.meeting_id=?
Hibernate: select p1_0.meeting_id,p1_1.id,p1_1.email,p1_1.first_name,p1_1.last_name,p1_1.phone from meeting_participants p1_0 join participants p1_1 on p1_1.id=p1_0.participant_id where p1_0.meeting_id=?
2026-06-01T17:21:04.138+02:00 DEBUG 21776 --- [demo] [nio-8080-exec-6] org.hibernate.SQL                        : select a1_0.meeting_id,a1_1.id,a1_1.description,a1_1.name from meeting_audiences a1_0 join audiences a1_1 on a1_1.id=a1_0.audience_id where a1_0.meeting_id=?
Hibernate: select a1_0.meeting_id,a1_1.id,a1_1.description,a1_1.name from meeting_audiences a1_0 join audiences a1_1 on a1_1.id=a1_0.audience_id where a1_0.meeting_id=?
2026-06-01T17:21:04.139+02:00 DEBUG 21776 --- [demo] [nio-8080-exec-6] org.hibernate.SQL                        : select p1_0.meeting_id,p1_0.id,p1_0.upload_date,p1_0.uploaded_by_id,p1_0.url from photos p1_0 where p1_0.meeting_id=?
Hibernate: select p1_0.meeting_id,p1_0.id,p1_0.upload_date,p1_0.uploaded_by_id,p1_0.url from photos p1_0 where p1_0.meeting_id=?
2026-06-01T17:21:04.140+02:00 DEBUG 21776 --- [demo] [nio-8080-exec-6] org.hibernate.SQL                        : select d1_0.meeting_id,d1_0.id,d1_0.name,d1_0.url from documents d1_0 where d1_0.meeting_id=?
Hibernate: select d1_0.meeting_id,d1_0.id,d1_0.name,d1_0.url from documents d1_0 where d1_0.meeting_id=?
2026-06-01T17:21:04.141+02:00 DEBUG 21776 --- [demo] [nio-8080-exec-6] org.hibernate.SQL                        : select p1_0.meeting_id,p1_1.id,p1_1.email,p1_1.first_name,p1_1.last_name,p1_1.phone from meeting_participants p1_0 join participants p1_1 on p1_1.id=p1_0.participant_id where p1_0.meeting_id=?
Hibernate: select p1_0.meeting_id,p1_1.id,p1_1.email,p1_1.first_name,p1_1.last_name,p1_1.phone from meeting_participants p1_0 join participants p1_1 on p1_1.id=p1_0.participant_id where p1_0.meeting_id=?
2026-06-01T17:21:04.143+02:00 DEBUG 21776 --- [demo] [nio-8080-exec-6] org.hibernate.SQL                        : select a1_0.meeting_id,a1_1.id,a1_1.description,a1_1.name from meeting_audiences a1_0 join audiences a1_1 on a1_1.id=a1_0.audience_id where a1_0.meeting_id=?
Hibernate: select a1_0.meeting_id,a1_1.id,a1_1.description,a1_1.name from meeting_audiences a1_0 join audiences a1_1 on a1_1.id=a1_0.audience_id where a1_0.meeting_id=?
2026-06-01T17:21:04.144+02:00 DEBUG 21776 --- [demo] [nio-8080-exec-6] org.hibernate.SQL                        : select p1_0.meeting_id,p1_0.id,p1_0.upload_date,p1_0.uploaded_by_id,p1_0.url from photos p1_0 where p1_0.meeting_id=?
Hibernate: select p1_0.meeting_id,p1_0.id,p1_0.upload_date,p1_0.uploaded_by_id,p1_0.url from photos p1_0 where p1_0.meeting_id=?
2026-06-01T17:21:04.146+02:00 DEBUG 21776 --- [demo] [nio-8080-exec-6] org.hibernate.SQL                        : select d1_0.meeting_id,d1_0.id,d1_0.name,d1_0.url from documents d1_0 where d1_0.meeting_id=?
Hibernate: select d1_0.meeting_id,d1_0.id,d1_0.name,d1_0.url from documents d1_0 where d1_0.meeting_id=?
2026-06-01T17:21:04.148+02:00 DEBUG 21776 --- [demo] [nio-8080-exec-6] org.hibernate.SQL                        : select h1_0.id,h1_0.date,h1_0.deleted_at,h1_0.dependences,h1_0.description,h1_0.discussion,h1_0.duration_minutes,h1_0.end_time,h1_0.meeting_id,h1_0.objective,h1_0.objet,h1_0.presidente,h1_0.rapporteur,h1_0.recommendation,h1_0.room,h1_0.start_time,h1_0.type from historique h1_0
Hibernate: select h1_0.id,h1_0.date,h1_0.deleted_at,h1_0.dependences,h1_0.description,h1_0.discussion,h1_0.duration_minutes,h1_0.end_time,h1_0.meeting_id,h1_0.objective,h1_0.objet,h1_0.presidente,h1_0.rapporteur,h1_0.recommendation,h1_0.room,h1_0.start_time,h1_0.type from historique h1_0
2026-06-01T17:21:04.201+02:00 DEBUG 21776 --- [demo] [nio-8080-exec-6] o.s.w.s.m.m.a.HttpEntityMethodProcessor  : Using 'application/json', given [application/json, text/plain, */*] and supported [application/json, application/*+json]
2026-06-01T17:21:04.202+02:00 DEBUG 21776 --- [demo] [nio-8080-exec-6] o.s.w.s.m.m.a.HttpEntityMethodProcessor  : Writing [DashboardStatsResponse(totalMeetings=4, upcomingMeetings=1, inProgressMeetings=0, completedMeetings= (truncated)...]
2026-06-01T17:21:04.203+02:00 DEBUG 21776 --- [demo] [nio-8080-exec-6] o.s.web.servlet.DispatcherServlet        : Completed 200 OK
2026-06-01T17:21:04.213+02:00 DEBUG 21776 --- [demo] [nio-8080-exec-9] org.hibernate.SQL                        : select u1_0.id,u1_0.active,u1_0.email,u1_0.name,u1_0.password,u1_0.role from users u1_0 where u1_0.email=?
Hibernate: select u1_0.id,u1_0.active,u1_0.email,u1_0.name,u1_0.password,u1_0.role from users u1_0 where u1_0.email=?
2026-06-01T17:21:04.215+02:00 DEBUG 21776 --- [demo] [nio-8080-exec-9] o.s.web.servlet.DispatcherServlet        : GET "/api/stats/dashboard", parameters={}
2026-06-01T17:21:04.216+02:00 DEBUG 21776 --- [demo] [nio-8080-exec-9] s.w.s.m.m.a.RequestMappingHandlerMapping : Mapped to com.example.demo.controller.StatsController#getDashboardStats()
2026-06-01T17:21:04.217+02:00 DEBUG 21776 --- [demo] [nio-8080-exec-9] org.hibernate.SQL                        : select m1_0.id,m1_0.date,m1_0.dependences,m1_0.description,m1_0.discussion,m1_0.end_time,m1_0.objective,m1_0.objet,m1_0.presidente,m1_0.rapporteur,m1_0.recommendation,m1_0.room,m1_0.start_time,m1_0.type from meetings m1_0
Hibernate: select m1_0.id,m1_0.date,m1_0.dependences,m1_0.description,m1_0.discussion,m1_0.end_time,m1_0.objective,m1_0.objet,m1_0.presidente,m1_0.rapporteur,m1_0.recommendation,m1_0.room,m1_0.start_time,m1_0.type from meetings m1_0
2026-06-01T17:21:04.219+02:00 DEBUG 21776 --- [demo] [nio-8080-exec-9] org.hibernate.SQL                        : select p1_0.meeting_id,p1_1.id,p1_1.email,p1_1.first_name,p1_1.last_name,p1_1.phone from meeting_participants p1_0 join participants p1_1 on p1_1.id=p1_0.participant_id where p1_0.meeting_id=?
Hibernate: select p1_0.meeting_id,p1_1.id,p1_1.email,p1_1.first_name,p1_1.last_name,p1_1.phone from meeting_participants p1_0 join participants p1_1 on p1_1.id=p1_0.participant_id where p1_0.meeting_id=?
2026-06-01T17:21:04.220+02:00 DEBUG 21776 --- [demo] [nio-8080-exec-9] org.hibernate.SQL                        : select a1_0.meeting_id,a1_1.id,a1_1.description,a1_1.name from meeting_audiences a1_0 join audiences a1_1 on a1_1.id=a1_0.audience_id where a1_0.meeting_id=?
Hibernate: select a1_0.meeting_id,a1_1.id,a1_1.description,a1_1.name from meeting_audiences a1_0 join audiences a1_1 on a1_1.id=a1_0.audience_id where a1_0.meeting_id=?
2026-06-01T17:21:04.222+02:00 DEBUG 21776 --- [demo] [nio-8080-exec-9] org.hibernate.SQL                        : select p1_0.meeting_id,p1_0.id,p1_0.upload_date,p1_0.uploaded_by_id,p1_0.url from photos p1_0 where p1_0.meeting_id=?
Hibernate: select p1_0.meeting_id,p1_0.id,p1_0.upload_date,p1_0.uploaded_by_id,p1_0.url from photos p1_0 where p1_0.meeting_id=?
2026-06-01T17:21:04.276+02:00 DEBUG 21776 --- [demo] [nio-8080-exec-9] org.hibernate.SQL                        : select d1_0.meeting_id,d1_0.id,d1_0.name,d1_0.url from documents d1_0 where d1_0.meeting_id=?
Hibernate: select d1_0.meeting_id,d1_0.id,d1_0.name,d1_0.url from documents d1_0 where d1_0.meeting_id=?
2026-06-01T17:21:04.282+02:00 DEBUG 21776 --- [demo] [nio-8080-exec-9] org.hibernate.SQL                        : select p1_0.meeting_id,p1_1.id,p1_1.email,p1_1.first_name,p1_1.last_name,p1_1.phone from meeting_participants p1_0 join participants p1_1 on p1_1.id=p1_0.participant_id where p1_0.meeting_id=?
Hibernate: select p1_0.meeting_id,p1_1.id,p1_1.email,p1_1.first_name,p1_1.last_name,p1_1.phone from meeting_participants p1_0 join participants p1_1 on p1_1.id=p1_0.participant_id where p1_0.meeting_id=?
2026-06-01T17:21:04.284+02:00 DEBUG 21776 --- [demo] [nio-8080-exec-9] org.hibernate.SQL                        : select a1_0.meeting_id,a1_1.id,a1_1.description,a1_1.name from meeting_audiences a1_0 join audiences a1_1 on a1_1.id=a1_0.audience_id where a1_0.meeting_id=?
Hibernate: select a1_0.meeting_id,a1_1.id,a1_1.description,a1_1.name from meeting_audiences a1_0 join audiences a1_1 on a1_1.id=a1_0.audience_id where a1_0.meeting_id=?
2026-06-01T17:21:04.285+02:00 DEBUG 21776 --- [demo] [nio-8080-exec-9] org.hibernate.SQL                        : select p1_0.meeting_id,p1_0.id,p1_0.upload_date,p1_0.uploaded_by_id,p1_0.url from photos p1_0 where p1_0.meeting_id=?
Hibernate: select p1_0.meeting_id,p1_0.id,p1_0.upload_date,p1_0.uploaded_by_id,p1_0.url from photos p1_0 where p1_0.meeting_id=?
2026-06-01T17:21:04.287+02:00 DEBUG 21776 --- [demo] [nio-8080-exec-9] org.hibernate.SQL                        : select d1_0.meeting_id,d1_0.id,d1_0.name,d1_0.url from documents d1_0 where d1_0.meeting_id=?
Hibernate: select d1_0.meeting_id,d1_0.id,d1_0.name,d1_0.url from documents d1_0 where d1_0.meeting_id=?
2026-06-01T17:21:04.289+02:00 DEBUG 21776 --- [demo] [nio-8080-exec-9] org.hibernate.SQL                        : select p1_0.meeting_id,p1_1.id,p1_1.email,p1_1.first_name,p1_1.last_name,p1_1.phone from meeting_participants p1_0 join participants p1_1 on p1_1.id=p1_0.participant_id where p1_0.meeting_id=?
Hibernate: select p1_0.meeting_id,p1_1.id,p1_1.email,p1_1.first_name,p1_1.last_name,p1_1.phone from meeting_participants p1_0 join participants p1_1 on p1_1.id=p1_0.participant_id where p1_0.meeting_id=?
2026-06-01T17:21:04.290+02:00 DEBUG 21776 --- [demo] [nio-8080-exec-9] org.hibernate.SQL                        : select a1_0.meeting_id,a1_1.id,a1_1.description,a1_1.name from meeting_audiences a1_0 join audiences a1_1 on a1_1.id=a1_0.audience_id where a1_0.meeting_id=?
Hibernate: select a1_0.meeting_id,a1_1.id,a1_1.description,a1_1.name from meeting_audiences a1_0 join audiences a1_1 on a1_1.id=a1_0.audience_id where a1_0.meeting_id=?
2026-06-01T17:21:04.292+02:00 DEBUG 21776 --- [demo] [nio-8080-exec-9] org.hibernate.SQL                        : select p1_0.meeting_id,p1_0.id,p1_0.upload_date,p1_0.uploaded_by_id,p1_0.url from photos p1_0 where p1_0.meeting_id=?
Hibernate: select p1_0.meeting_id,p1_0.id,p1_0.upload_date,p1_0.uploaded_by_id,p1_0.url from photos p1_0 where p1_0.meeting_id=?
2026-06-01T17:21:04.293+02:00 DEBUG 21776 --- [demo] [nio-8080-exec-9] org.hibernate.SQL                        : select d1_0.meeting_id,d1_0.id,d1_0.name,d1_0.url from documents d1_0 where d1_0.meeting_id=?
Hibernate: select d1_0.meeting_id,d1_0.id,d1_0.name,d1_0.url from documents d1_0 where d1_0.meeting_id=?
2026-06-01T17:21:04.294+02:00 DEBUG 21776 --- [demo] [nio-8080-exec-9] org.hibernate.SQL                        : select p1_0.meeting_id,p1_1.id,p1_1.email,p1_1.first_name,p1_1.last_name,p1_1.phone from meeting_participants p1_0 join participants p1_1 on p1_1.id=p1_0.participant_id where p1_0.meeting_id=?
Hibernate: select p1_0.meeting_id,p1_1.id,p1_1.email,p1_1.first_name,p1_1.last_name,p1_1.phone from meeting_participants p1_0 join participants p1_1 on p1_1.id=p1_0.participant_id where p1_0.meeting_id=?
2026-06-01T17:21:04.294+02:00 DEBUG 21776 --- [demo] [nio-8080-exec-9] org.hibernate.SQL                        : select a1_0.meeting_id,a1_1.id,a1_1.description,a1_1.name from meeting_audiences a1_0 join audiences a1_1 on a1_1.id=a1_0.audience_id where a1_0.meeting_id=?
Hibernate: select a1_0.meeting_id,a1_1.id,a1_1.description,a1_1.name from meeting_audiences a1_0 join audiences a1_1 on a1_1.id=a1_0.audience_id where a1_0.meeting_id=?
2026-06-01T17:21:04.295+02:00 DEBUG 21776 --- [demo] [nio-8080-exec-9] org.hibernate.SQL                        : select p1_0.meeting_id,p1_0.id,p1_0.upload_date,p1_0.uploaded_by_id,p1_0.url from photos p1_0 where p1_0.meeting_id=?
Hibernate: select p1_0.meeting_id,p1_0.id,p1_0.upload_date,p1_0.uploaded_by_id,p1_0.url from photos p1_0 where p1_0.meeting_id=?
2026-06-01T17:21:04.295+02:00 DEBUG 21776 --- [demo] [nio-8080-exec-9] org.hibernate.SQL                        : select d1_0.meeting_id,d1_0.id,d1_0.name,d1_0.url from documents d1_0 where d1_0.meeting_id=?
Hibernate: select d1_0.meeting_id,d1_0.id,d1_0.name,d1_0.url from documents d1_0 where d1_0.meeting_id=?
2026-06-01T17:21:04.298+02:00 DEBUG 21776 --- [demo] [nio-8080-exec-9] org.hibernate.SQL                        : select h1_0.id,h1_0.date,h1_0.deleted_at,h1_0.dependences,h1_0.description,h1_0.discussion,h1_0.duration_minutes,h1_0.end_time,h1_0.meeting_id,h1_0.objective,h1_0.objet,h1_0.presidente,h1_0.rapporteur,h1_0.recommendation,h1_0.room,h1_0.start_time,h1_0.type from historique h1_0
Hibernate: select h1_0.id,h1_0.date,h1_0.deleted_at,h1_0.dependences,h1_0.description,h1_0.discussion,h1_0.duration_minutes,h1_0.end_time,h1_0.meeting_id,h1_0.objective,h1_0.objet,h1_0.presidente,h1_0.rapporteur,h1_0.recommendation,h1_0.room,h1_0.start_time,h1_0.type from historique h1_0
2026-06-01T17:21:04.300+02:00 DEBUG 21776 --- [demo] [nio-8080-exec-9] o.s.w.s.m.m.a.HttpEntityMethodProcessor  : Using 'application/json', given [application/json, text/plain, */*] and supported [application/json, application/*+json]
2026-06-01T17:21:04.300+02:00 DEBUG 21776 --- [demo] [nio-8080-exec-9] o.s.w.s.m.m.a.HttpEntityMethodProcessor  : Writing [DashboardStatsResponse(totalMeetings=4, upcomingMeetings=1, inProgressMeetings=0, completedMeetings= (truncated)...]
2026-06-01T17:21:04.301+02:00 DEBUG 21776 --- [demo] [nio-8080-exec-9] o.s.web.servlet.DispatcherServlet        : Completed 200 OK
2026-06-01T17:21:07.457+02:00 DEBUG 21776 --- [demo] [io-8080-exec-10] org.hibernate.SQL                        : select u1_0.id,u1_0.active,u1_0.email,u1_0.name,u1_0.password,u1_0.role from users u1_0 where u1_0.email=?
Hibernate: select u1_0.id,u1_0.active,u1_0.email,u1_0.name,u1_0.password,u1_0.role from users u1_0 where u1_0.email=?
2026-06-01T17:21:07.458+02:00 DEBUG 21776 --- [demo] [nio-8080-exec-1] org.hibernate.SQL                        : select u1_0.id,u1_0.active,u1_0.email,u1_0.name,u1_0.password,u1_0.role from users u1_0 where u1_0.email=?
Hibernate: select u1_0.id,u1_0.active,u1_0.email,u1_0.name,u1_0.password,u1_0.role from users u1_0 where u1_0.email=?
2026-06-01T17:21:07.461+02:00 DEBUG 21776 --- [demo] [io-8080-exec-10] o.s.web.servlet.DispatcherServlet        : GET "/api/historique/objectives", parameters={}
2026-06-01T17:21:07.466+02:00 DEBUG 21776 --- [demo] [io-8080-exec-10] s.w.s.m.m.a.RequestMappingHandlerMapping : Mapped to com.example.demo.controller.HistoriqueController#getObjectives()
2026-06-01T17:21:07.468+02:00 DEBUG 21776 --- [demo] [nio-8080-exec-1] o.s.web.servlet.DispatcherServlet        : GET "/api/participants", parameters={}
2026-06-01T17:21:07.469+02:00 DEBUG 21776 --- [demo] [nio-8080-exec-1] s.w.s.m.m.a.RequestMappingHandlerMapping : Mapped to com.example.demo.controller.ParticipantController#findAll()
2026-06-01T17:21:07.471+02:00 DEBUG 21776 --- [demo] [nio-8080-exec-1] org.hibernate.SQL                        : select p1_0.id,p1_0.email,p1_0.first_name,p1_0.last_name,p1_0.phone from participants p1_0
Hibernate: select p1_0.id,p1_0.email,p1_0.first_name,p1_0.last_name,p1_0.phone from participants p1_0
2026-06-01T17:21:07.473+02:00 DEBUG 21776 --- [demo] [io-8080-exec-10] org.hibernate.SQL                        : select distinct h1_0.objective from historique h1_0 where h1_0.objective is not null and h1_0.objective<>'' order by h1_0.objective
Hibernate: select distinct h1_0.objective from historique h1_0 where h1_0.objective is not null and h1_0.objective<>'' order by h1_0.objective
2026-06-01T17:21:07.475+02:00 DEBUG 21776 --- [demo] [nio-8080-exec-1] o.s.w.s.m.m.a.HttpEntityMethodProcessor  : Using 'application/json', given [application/json, text/plain, */*] and supported [application/json, application/*+json]
2026-06-01T17:21:07.475+02:00 DEBUG 21776 --- [demo] [nio-8080-exec-1] o.s.w.s.m.m.a.HttpEntityMethodProcessor  : Writing [[ParticipantResponse(id=1001, firstName=Sara, lastName=El Amrani, email=sara.elamrani@test.com, phon (truncated)...]
2026-06-01T17:21:07.476+02:00 DEBUG 21776 --- [demo] [io-8080-exec-10] o.s.w.s.m.m.a.HttpEntityMethodProcessor  : Using 'application/json', given [application/json, text/plain, */*] and supported [application/json, application/*+json]
2026-06-01T17:21:07.476+02:00 DEBUG 21776 --- [demo] [io-8080-exec-10] o.s.w.s.m.m.a.HttpEntityMethodProcessor  : Writing [[Suivre les actions ouvertes, test33, test444]]
2026-06-01T17:21:07.476+02:00 DEBUG 21776 --- [demo] [nio-8080-exec-1] o.s.web.servlet.DispatcherServlet        : Completed 200 OK
2026-06-01T17:21:07.478+02:00 DEBUG 21776 --- [demo] [io-8080-exec-10] o.s.web.servlet.DispatcherServlet        : Completed 200 OK
2026-06-01T17:21:07.488+02:00 DEBUG 21776 --- [demo] [nio-8080-exec-3] org.hibernate.SQL                        : select u1_0.id,u1_0.active,u1_0.email,u1_0.name,u1_0.password,u1_0.role from users u1_0 where u1_0.email=?
Hibernate: select u1_0.id,u1_0.active,u1_0.email,u1_0.name,u1_0.password,u1_0.role from users u1_0 where u1_0.email=?
2026-06-01T17:21:07.488+02:00 DEBUG 21776 --- [demo] [nio-8080-exec-4] org.hibernate.SQL                        : select u1_0.id,u1_0.active,u1_0.email,u1_0.name,u1_0.password,u1_0.role from users u1_0 where u1_0.email=?
Hibernate: select u1_0.id,u1_0.active,u1_0.email,u1_0.name,u1_0.password,u1_0.role from users u1_0 where u1_0.email=?
2026-06-01T17:21:07.492+02:00 DEBUG 21776 --- [demo] [nio-8080-exec-3] o.s.web.servlet.DispatcherServlet        : GET "/api/participants", parameters={}
2026-06-01T17:21:07.492+02:00 DEBUG 21776 --- [demo] [nio-8080-exec-4] o.s.web.servlet.DispatcherServlet        : GET "/api/historique/objectives", parameters={}
2026-06-01T17:21:07.492+02:00 DEBUG 21776 --- [demo] [nio-8080-exec-3] s.w.s.m.m.a.RequestMappingHandlerMapping : Mapped to com.example.demo.controller.ParticipantController#findAll()
2026-06-01T17:21:07.492+02:00 DEBUG 21776 --- [demo] [nio-8080-exec-4] s.w.s.m.m.a.RequestMappingHandlerMapping : Mapped to com.example.demo.controller.HistoriqueController#getObjectives()
2026-06-01T17:21:07.495+02:00 DEBUG 21776 --- [demo] [nio-8080-exec-3] org.hibernate.SQL                        : select p1_0.id,p1_0.email,p1_0.first_name,p1_0.last_name,p1_0.phone from participants p1_0
Hibernate: select p1_0.id,p1_0.email,p1_0.first_name,p1_0.last_name,p1_0.phone from participants p1_0
2026-06-01T17:21:07.495+02:00 DEBUG 21776 --- [demo] [nio-8080-exec-4] org.hibernate.SQL                        : select distinct h1_0.objective from historique h1_0 where h1_0.objective is not null and h1_0.objective<>'' order by h1_0.objective
Hibernate: select distinct h1_0.objective from historique h1_0 where h1_0.objective is not null and h1_0.objective<>'' order by h1_0.objective
2026-06-01T17:21:07.569+02:00 DEBUG 21776 --- [demo] [nio-8080-exec-4] o.s.w.s.m.m.a.HttpEntityMethodProcessor  : Using 'application/json', given [application/json, text/plain, */*] and supported [application/json, application/*+json]
2026-06-01T17:21:07.569+02:00 DEBUG 21776 --- [demo] [nio-8080-exec-3] o.s.w.s.m.m.a.HttpEntityMethodProcessor  : Using 'application/json', given [application/json, text/plain, */*] and supported [application/json, application/*+json]
2026-06-01T17:21:07.570+02:00 DEBUG 21776 --- [demo] [nio-8080-exec-4] o.s.w.s.m.m.a.HttpEntityMethodProcessor  : Writing [[Suivre les actions ouvertes, test33, test444]]
2026-06-01T17:21:07.570+02:00 DEBUG 21776 --- [demo] [nio-8080-exec-3] o.s.w.s.m.m.a.HttpEntityMethodProcessor  : Writing [[ParticipantResponse(id=1001, firstName=Sara, lastName=El Amrani, email=sara.elamrani@test.com, phon (truncated)...]
2026-06-01T17:21:07.570+02:00 DEBUG 21776 --- [demo] [nio-8080-exec-4] o.s.web.servlet.DispatcherServlet        : Completed 200 OK
2026-06-01T17:21:07.572+02:00 DEBUG 21776 --- [demo] [nio-8080-exec-3] o.s.web.servlet.DispatcherServlet        : Completed 200 OK
2026-06-01T17:22:36.457+02:00 DEBUG 21776 --- [demo] [nio-8080-exec-2] org.hibernate.SQL                        : select u1_0.id,u1_0.active,u1_0.email,u1_0.name,u1_0.password,u1_0.role from users u1_0 where u1_0.email=?
Hibernate: select u1_0.id,u1_0.active,u1_0.email,u1_0.name,u1_0.password,u1_0.role from users u1_0 where u1_0.email=?
2026-06-01T17:22:36.708+02:00 DEBUG 21776 --- [demo] [nio-8080-exec-2] o.s.web.servlet.DispatcherServlet        : POST "/api/meetings", parameters={}
2026-06-01T17:22:37.006+02:00 DEBUG 21776 --- [demo] [nio-8080-exec-2] s.w.s.m.m.a.RequestMappingHandlerMapping : Mapped to com.example.demo.controller.MeetingController#create(MeetingRequest)
2026-06-01T17:22:37.594+02:00 DEBUG 21776 --- [demo] [nio-8080-exec-2] m.m.a.RequestResponseBodyMethodProcessor : Read "application/json;charset=UTF-8" to [MeetingRequest(objective=test12, type=coordination, description=test12, date=2026-06-01, startTime=1 (truncated)...]
2026-06-01T17:22:37.624+02:00 DEBUG 21776 --- [demo] [nio-8080-exec-2] org.hibernate.SQL                        : select p1_0.id,p1_0.email,p1_0.first_name,p1_0.last_name,p1_0.phone from participants p1_0 where p1_0.id in (?,?,?,?)
Hibernate: select p1_0.id,p1_0.email,p1_0.first_name,p1_0.last_name,p1_0.phone from participants p1_0 where p1_0.id in (?,?,?,?)
2026-06-01T17:22:37.640+02:00 DEBUG 21776 --- [demo] [nio-8080-exec-2] org.hibernate.SQL                        : insert into meetings (date,dependences,description,discussion,end_time,objective,objet,presidente,rapporteur,recommendation,room,start_time,type) values (?,?,?,?,?,?,?,?,?,?,?,?,?)
Hibernate: insert into meetings (date,dependences,description,discussion,end_time,objective,objet,presidente,rapporteur,recommendation,room,start_time,type) values (?,?,?,?,?,?,?,?,?,?,?,?,?)
2026-06-01T17:22:37.861+02:00 DEBUG 21776 --- [demo] [nio-8080-exec-2] org.hibernate.SQL                        : insert into meeting_participants (meeting_id,participant_id) values (?,?)
Hibernate: insert into meeting_participants (meeting_id,participant_id) values (?,?)
2026-06-01T17:22:37.863+02:00 DEBUG 21776 --- [demo] [nio-8080-exec-2] org.hibernate.SQL                        : insert into meeting_participants (meeting_id,participant_id) values (?,?)
Hibernate: insert into meeting_participants (meeting_id,participant_id) values (?,?)
2026-06-01T17:22:37.864+02:00 DEBUG 21776 --- [demo] [nio-8080-exec-2] org.hibernate.SQL                        : insert into meeting_participants (meeting_id,participant_id) values (?,?)
Hibernate: insert into meeting_participants (meeting_id,participant_id) values (?,?)
2026-06-01T17:22:37.865+02:00 DEBUG 21776 --- [demo] [nio-8080-exec-2] org.hibernate.SQL                        : insert into meeting_participants (meeting_id,participant_id) values (?,?)
Hibernate: insert into meeting_participants (meeting_id,participant_id) values (?,?)
2026-06-01T17:22:37.869+02:00 DEBUG 21776 --- [demo] [nio-8080-exec-2] o.s.w.s.m.m.a.HttpEntityMethodProcessor  : Using 'application/json', given [application/json, text/plain, */*] and supported [application/json, application/*+json]
2026-06-01T17:22:37.870+02:00 DEBUG 21776 --- [demo] [nio-8080-exec-2] o.s.w.s.m.m.a.HttpEntityMethodProcessor  : Writing [MeetingResponse(id=1008, objective=test12, type=coordination, description=test12, date=2026-06-01, s (truncated)...]
2026-06-01T17:22:37.872+02:00 DEBUG 21776 --- [demo] [nio-8080-exec-2] o.s.web.servlet.DispatcherServlet        : Completed 201 CREATED
2026-06-01T17:22:37.891+02:00 DEBUG 21776 --- [demo] [nio-8080-exec-5] org.hibernate.SQL                        : select u1_0.id,u1_0.active,u1_0.email,u1_0.name,u1_0.password,u1_0.role from users u1_0 where u1_0.email=?
Hibernate: select u1_0.id,u1_0.active,u1_0.email,u1_0.name,u1_0.password,u1_0.role from users u1_0 where u1_0.email=?
2026-06-01T17:22:37.896+02:00 DEBUG 21776 --- [demo] [nio-8080-exec-5] o.s.web.servlet.DispatcherServlet        : POST "/api/meetings/1008/documents", parameters={multipart}
2026-06-01T17:22:38.246+02:00 DEBUG 21776 --- [demo] [nio-8080-exec-5] s.w.s.m.m.a.RequestMappingHandlerMapping : Mapped to com.example.demo.controller.DocumentController#upload(Long, MultipartFile)
2026-06-01T17:22:38.252+02:00 DEBUG 21776 --- [demo] [nio-8080-exec-5] org.hibernate.SQL                        : select m1_0.id,m1_0.date,m1_0.dependences,m1_0.description,m1_0.discussion,m1_0.end_time,m1_0.objective,m1_0.objet,m1_0.presidente,m1_0.rapporteur,m1_0.recommendation,m1_0.room,m1_0.start_time,m1_0.type from meetings m1_0 where m1_0.id=?
Hibernate: select m1_0.id,m1_0.date,m1_0.dependences,m1_0.description,m1_0.discussion,m1_0.end_time,m1_0.objective,m1_0.objet,m1_0.presidente,m1_0.rapporteur,m1_0.recommendation,m1_0.room,m1_0.start_time,m1_0.type from meetings m1_0 where m1_0.id=?
2026-06-01T17:22:38.262+02:00 DEBUG 21776 --- [demo] [nio-8080-exec-5] org.hibernate.SQL                        : insert into documents (meeting_id,name,url) values (?,?,?)
Hibernate: insert into documents (meeting_id,name,url) values (?,?,?)
2026-06-01T17:22:38.268+02:00 DEBUG 21776 --- [demo] [nio-8080-exec-5] o.s.w.s.m.m.a.HttpEntityMethodProcessor  : Using 'application/json', given [application/json, text/plain, */*] and supported [application/json, application/*+json]
2026-06-01T17:22:38.268+02:00 DEBUG 21776 --- [demo] [nio-8080-exec-5] o.s.w.s.m.m.a.HttpEntityMethodProcessor  : Writing [DocumentResponse(id=1006, name=Perte de confiance-compressed.pdf, url=documents/ebe046cd-1212-47f2-b (truncated)...]
2026-06-01T17:22:38.270+02:00 DEBUG 21776 --- [demo] [nio-8080-exec-5] o.s.web.servlet.DispatcherServlet        : Completed 201 CREATED
2026-06-01T17:22:38.296+02:00 DEBUG 21776 --- [demo] [nio-8080-exec-8] org.hibernate.SQL                        : select u1_0.id,u1_0.active,u1_0.email,u1_0.name,u1_0.password,u1_0.role from users u1_0 where u1_0.email=?
Hibernate: select u1_0.id,u1_0.active,u1_0.email,u1_0.name,u1_0.password,u1_0.role from users u1_0 where u1_0.email=?
2026-06-01T17:22:38.689+02:00 DEBUG 21776 --- [demo] [nio-8080-exec-8] o.s.web.servlet.DispatcherServlet        : GET "/api/meetings", parameters={}
2026-06-01T17:22:38.689+02:00 DEBUG 21776 --- [demo] [nio-8080-exec-8] s.w.s.m.m.a.RequestMappingHandlerMapping : Mapped to com.example.demo.controller.MeetingController#findAll(String, String, String, String, String)
2026-06-01T17:22:38.693+02:00 DEBUG 21776 --- [demo] [nio-8080-exec-8] org.hibernate.SQL                        : select m1_0.id,m1_0.date,m1_0.dependences,m1_0.description,m1_0.discussion,m1_0.end_time,m1_0.objective,m1_0.objet,m1_0.presidente,m1_0.rapporteur,m1_0.recommendation,m1_0.room,m1_0.start_time,m1_0.type from meetings m1_0
Hibernate: select m1_0.id,m1_0.date,m1_0.dependences,m1_0.description,m1_0.discussion,m1_0.end_time,m1_0.objective,m1_0.objet,m1_0.presidente,m1_0.rapporteur,m1_0.recommendation,m1_0.room,m1_0.start_time,m1_0.type from meetings m1_0
2026-06-01T17:22:38.696+02:00 DEBUG 21776 --- [demo] [nio-8080-exec-8] org.hibernate.SQL                        : select p1_0.meeting_id,p1_1.id,p1_1.email,p1_1.first_name,p1_1.last_name,p1_1.phone from meeting_participants p1_0 join participants p1_1 on p1_1.id=p1_0.participant_id where p1_0.meeting_id=?
Hibernate: select p1_0.meeting_id,p1_1.id,p1_1.email,p1_1.first_name,p1_1.last_name,p1_1.phone from meeting_participants p1_0 join participants p1_1 on p1_1.id=p1_0.participant_id where p1_0.meeting_id=?
2026-06-01T17:22:38.699+02:00 DEBUG 21776 --- [demo] [nio-8080-exec-8] org.hibernate.SQL                        : select a1_0.meeting_id,a1_1.id,a1_1.description,a1_1.name from meeting_audiences a1_0 join audiences a1_1 on a1_1.id=a1_0.audience_id where a1_0.meeting_id=?
Hibernate: select a1_0.meeting_id,a1_1.id,a1_1.description,a1_1.name from meeting_audiences a1_0 join audiences a1_1 on a1_1.id=a1_0.audience_id where a1_0.meeting_id=?
2026-06-01T17:22:38.701+02:00 DEBUG 21776 --- [demo] [nio-8080-exec-8] org.hibernate.SQL                        : select p1_0.meeting_id,p1_0.id,p1_0.upload_date,p1_0.uploaded_by_id,p1_0.url from photos p1_0 where p1_0.meeting_id=?
Hibernate: select p1_0.meeting_id,p1_0.id,p1_0.upload_date,p1_0.uploaded_by_id,p1_0.url from photos p1_0 where p1_0.meeting_id=?
2026-06-01T17:22:38.703+02:00 DEBUG 21776 --- [demo] [nio-8080-exec-8] org.hibernate.SQL                        : select d1_0.meeting_id,d1_0.id,d1_0.name,d1_0.url from documents d1_0 where d1_0.meeting_id=?
Hibernate: select d1_0.meeting_id,d1_0.id,d1_0.name,d1_0.url from documents d1_0 where d1_0.meeting_id=?
2026-06-01T17:22:38.706+02:00 DEBUG 21776 --- [demo] [nio-8080-exec-8] org.hibernate.SQL                        : select p1_0.meeting_id,p1_1.id,p1_1.email,p1_1.first_name,p1_1.last_name,p1_1.phone from meeting_participants p1_0 join participants p1_1 on p1_1.id=p1_0.participant_id where p1_0.meeting_id=?
Hibernate: select p1_0.meeting_id,p1_1.id,p1_1.email,p1_1.first_name,p1_1.last_name,p1_1.phone from meeting_participants p1_0 join participants p1_1 on p1_1.id=p1_0.participant_id where p1_0.meeting_id=?
2026-06-01T17:22:38.707+02:00 DEBUG 21776 --- [demo] [nio-8080-exec-8] org.hibernate.SQL                        : select a1_0.meeting_id,a1_1.id,a1_1.description,a1_1.name from meeting_audiences a1_0 join audiences a1_1 on a1_1.id=a1_0.audience_id where a1_0.meeting_id=?
Hibernate: select a1_0.meeting_id,a1_1.id,a1_1.description,a1_1.name from meeting_audiences a1_0 join audiences a1_1 on a1_1.id=a1_0.audience_id where a1_0.meeting_id=?
2026-06-01T17:22:38.708+02:00 DEBUG 21776 --- [demo] [nio-8080-exec-8] org.hibernate.SQL                        : select p1_0.meeting_id,p1_0.id,p1_0.upload_date,p1_0.uploaded_by_id,p1_0.url from photos p1_0 where p1_0.meeting_id=?
Hibernate: select p1_0.meeting_id,p1_0.id,p1_0.upload_date,p1_0.uploaded_by_id,p1_0.url from photos p1_0 where p1_0.meeting_id=?
2026-06-01T17:22:38.710+02:00 DEBUG 21776 --- [demo] [nio-8080-exec-8] org.hibernate.SQL                        : select d1_0.meeting_id,d1_0.id,d1_0.name,d1_0.url from documents d1_0 where d1_0.meeting_id=?
Hibernate: select d1_0.meeting_id,d1_0.id,d1_0.name,d1_0.url from documents d1_0 where d1_0.meeting_id=?
2026-06-01T17:22:38.711+02:00 DEBUG 21776 --- [demo] [nio-8080-exec-8] org.hibernate.SQL                        : select p1_0.meeting_id,p1_1.id,p1_1.email,p1_1.first_name,p1_1.last_name,p1_1.phone from meeting_participants p1_0 join participants p1_1 on p1_1.id=p1_0.participant_id where p1_0.meeting_id=?
Hibernate: select p1_0.meeting_id,p1_1.id,p1_1.email,p1_1.first_name,p1_1.last_name,p1_1.phone from meeting_participants p1_0 join participants p1_1 on p1_1.id=p1_0.participant_id where p1_0.meeting_id=?
2026-06-01T17:22:38.715+02:00 DEBUG 21776 --- [demo] [nio-8080-exec-8] org.hibernate.SQL                        : select a1_0.meeting_id,a1_1.id,a1_1.description,a1_1.name from meeting_audiences a1_0 join audiences a1_1 on a1_1.id=a1_0.audience_id where a1_0.meeting_id=?
Hibernate: select a1_0.meeting_id,a1_1.id,a1_1.description,a1_1.name from meeting_audiences a1_0 join audiences a1_1 on a1_1.id=a1_0.audience_id where a1_0.meeting_id=?
2026-06-01T17:22:38.716+02:00 DEBUG 21776 --- [demo] [nio-8080-exec-8] org.hibernate.SQL                        : select p1_0.meeting_id,p1_0.id,p1_0.upload_date,p1_0.uploaded_by_id,p1_0.url from photos p1_0 where p1_0.meeting_id=?
Hibernate: select p1_0.meeting_id,p1_0.id,p1_0.upload_date,p1_0.uploaded_by_id,p1_0.url from photos p1_0 where p1_0.meeting_id=?
2026-06-01T17:22:38.718+02:00 DEBUG 21776 --- [demo] [nio-8080-exec-8] org.hibernate.SQL                        : select d1_0.meeting_id,d1_0.id,d1_0.name,d1_0.url from documents d1_0 where d1_0.meeting_id=?
Hibernate: select d1_0.meeting_id,d1_0.id,d1_0.name,d1_0.url from documents d1_0 where d1_0.meeting_id=?
2026-06-01T17:22:38.720+02:00 DEBUG 21776 --- [demo] [nio-8080-exec-8] org.hibernate.SQL                        : select p1_0.meeting_id,p1_1.id,p1_1.email,p1_1.first_name,p1_1.last_name,p1_1.phone from meeting_participants p1_0 join participants p1_1 on p1_1.id=p1_0.participant_id where p1_0.meeting_id=?
Hibernate: select p1_0.meeting_id,p1_1.id,p1_1.email,p1_1.first_name,p1_1.last_name,p1_1.phone from meeting_participants p1_0 join participants p1_1 on p1_1.id=p1_0.participant_id where p1_0.meeting_id=?
2026-06-01T17:22:38.721+02:00 DEBUG 21776 --- [demo] [nio-8080-exec-8] org.hibernate.SQL                        : select a1_0.meeting_id,a1_1.id,a1_1.description,a1_1.name from meeting_audiences a1_0 join audiences a1_1 on a1_1.id=a1_0.audience_id where a1_0.meeting_id=?
Hibernate: select a1_0.meeting_id,a1_1.id,a1_1.description,a1_1.name from meeting_audiences a1_0 join audiences a1_1 on a1_1.id=a1_0.audience_id where a1_0.meeting_id=?
2026-06-01T17:22:38.723+02:00 DEBUG 21776 --- [demo] [nio-8080-exec-8] org.hibernate.SQL                        : select p1_0.meeting_id,p1_0.id,p1_0.upload_date,p1_0.uploaded_by_id,p1_0.url from photos p1_0 where p1_0.meeting_id=?
Hibernate: select p1_0.meeting_id,p1_0.id,p1_0.upload_date,p1_0.uploaded_by_id,p1_0.url from photos p1_0 where p1_0.meeting_id=?
2026-06-01T17:22:38.724+02:00 DEBUG 21776 --- [demo] [nio-8080-exec-8] org.hibernate.SQL                        : select d1_0.meeting_id,d1_0.id,d1_0.name,d1_0.url from documents d1_0 where d1_0.meeting_id=?
Hibernate: select d1_0.meeting_id,d1_0.id,d1_0.name,d1_0.url from documents d1_0 where d1_0.meeting_id=?
2026-06-01T17:22:38.726+02:00 DEBUG 21776 --- [demo] [nio-8080-exec-8] org.hibernate.SQL                        : select p1_0.meeting_id,p1_1.id,p1_1.email,p1_1.first_name,p1_1.last_name,p1_1.phone from meeting_participants p1_0 join participants p1_1 on p1_1.id=p1_0.participant_id where p1_0.meeting_id=?
Hibernate: select p1_0.meeting_id,p1_1.id,p1_1.email,p1_1.first_name,p1_1.last_name,p1_1.phone from meeting_participants p1_0 join participants p1_1 on p1_1.id=p1_0.participant_id where p1_0.meeting_id=?
2026-06-01T17:22:38.727+02:00 DEBUG 21776 --- [demo] [nio-8080-exec-8] org.hibernate.SQL                        : select a1_0.meeting_id,a1_1.id,a1_1.description,a1_1.name from meeting_audiences a1_0 join audiences a1_1 on a1_1.id=a1_0.audience_id where a1_0.meeting_id=?
Hibernate: select a1_0.meeting_id,a1_1.id,a1_1.description,a1_1.name from meeting_audiences a1_0 join audiences a1_1 on a1_1.id=a1_0.audience_id where a1_0.meeting_id=?
2026-06-01T17:22:38.728+02:00 DEBUG 21776 --- [demo] [nio-8080-exec-8] org.hibernate.SQL                        : select p1_0.meeting_id,p1_0.id,p1_0.upload_date,p1_0.uploaded_by_id,p1_0.url from photos p1_0 where p1_0.meeting_id=?
Hibernate: select p1_0.meeting_id,p1_0.id,p1_0.upload_date,p1_0.uploaded_by_id,p1_0.url from photos p1_0 where p1_0.meeting_id=?
2026-06-01T17:22:38.729+02:00 DEBUG 21776 --- [demo] [nio-8080-exec-8] org.hibernate.SQL                        : select d1_0.meeting_id,d1_0.id,d1_0.name,d1_0.url from documents d1_0 where d1_0.meeting_id=?
Hibernate: select d1_0.meeting_id,d1_0.id,d1_0.name,d1_0.url from documents d1_0 where d1_0.meeting_id=?
2026-06-01T17:22:38.731+02:00 DEBUG 21776 --- [demo] [nio-8080-exec-8] o.s.w.s.m.m.a.HttpEntityMethodProcessor  : Using 'application/json', given [application/json, text/plain, */*] and supported [application/json, application/*+json]
2026-06-01T17:22:38.732+02:00 DEBUG 21776 --- [demo] [nio-8080-exec-8] o.s.w.s.m.m.a.HttpEntityMethodProcessor  : Writing [[MeetingResponse(id=1001, objective=Planifier le lancement du projet, type=Planning, description=Reu (truncated)...]
2026-06-01T17:22:38.734+02:00 DEBUG 21776 --- [demo] [nio-8080-exec-8] o.s.web.servlet.DispatcherServlet        : Completed 200 OK
2026-06-01T17:22:38.747+02:00 DEBUG 21776 --- [demo] [nio-8080-exec-7] org.hibernate.SQL                        : select u1_0.id,u1_0.active,u1_0.email,u1_0.name,u1_0.password,u1_0.role from users u1_0 where u1_0.email=?
Hibernate: select u1_0.id,u1_0.active,u1_0.email,u1_0.name,u1_0.password,u1_0.role from users u1_0 where u1_0.email=?
2026-06-01T17:22:38.750+02:00 DEBUG 21776 --- [demo] [nio-8080-exec-7] o.s.web.servlet.DispatcherServlet        : GET "/api/meetings", parameters={}
2026-06-01T17:22:38.750+02:00 DEBUG 21776 --- [demo] [nio-8080-exec-7] s.w.s.m.m.a.RequestMappingHandlerMapping : Mapped to com.example.demo.controller.MeetingController#findAll(String, String, String, String, String)
2026-06-01T17:22:38.752+02:00 DEBUG 21776 --- [demo] [nio-8080-exec-7] org.hibernate.SQL                        : select m1_0.id,m1_0.date,m1_0.dependences,m1_0.description,m1_0.discussion,m1_0.end_time,m1_0.objective,m1_0.objet,m1_0.presidente,m1_0.rapporteur,m1_0.recommendation,m1_0.room,m1_0.start_time,m1_0.type from meetings m1_0
Hibernate: select m1_0.id,m1_0.date,m1_0.dependences,m1_0.description,m1_0.discussion,m1_0.end_time,m1_0.objective,m1_0.objet,m1_0.presidente,m1_0.rapporteur,m1_0.recommendation,m1_0.room,m1_0.start_time,m1_0.type from meetings m1_0
2026-06-01T17:22:38.754+02:00 DEBUG 21776 --- [demo] [nio-8080-exec-7] org.hibernate.SQL                        : select p1_0.meeting_id,p1_1.id,p1_1.email,p1_1.first_name,p1_1.last_name,p1_1.phone from meeting_participants p1_0 join participants p1_1 on p1_1.id=p1_0.participant_id where p1_0.meeting_id=?
Hibernate: select p1_0.meeting_id,p1_1.id,p1_1.email,p1_1.first_name,p1_1.last_name,p1_1.phone from meeting_participants p1_0 join participants p1_1 on p1_1.id=p1_0.participant_id where p1_0.meeting_id=?
2026-06-01T17:22:38.755+02:00 DEBUG 21776 --- [demo] [nio-8080-exec-7] org.hibernate.SQL                        : select a1_0.meeting_id,a1_1.id,a1_1.description,a1_1.name from meeting_audiences a1_0 join audiences a1_1 on a1_1.id=a1_0.audience_id where a1_0.meeting_id=?
Hibernate: select a1_0.meeting_id,a1_1.id,a1_1.description,a1_1.name from meeting_audiences a1_0 join audiences a1_1 on a1_1.id=a1_0.audience_id where a1_0.meeting_id=?
2026-06-01T17:22:38.756+02:00 DEBUG 21776 --- [demo] [nio-8080-exec-7] org.hibernate.SQL                        : select p1_0.meeting_id,p1_0.id,p1_0.upload_date,p1_0.uploaded_by_id,p1_0.url from photos p1_0 where p1_0.meeting_id=?
Hibernate: select p1_0.meeting_id,p1_0.id,p1_0.upload_date,p1_0.uploaded_by_id,p1_0.url from photos p1_0 where p1_0.meeting_id=?
2026-06-01T17:22:38.759+02:00 DEBUG 21776 --- [demo] [nio-8080-exec-7] org.hibernate.SQL                        : select d1_0.meeting_id,d1_0.id,d1_0.name,d1_0.url from documents d1_0 where d1_0.meeting_id=?
Hibernate: select d1_0.meeting_id,d1_0.id,d1_0.name,d1_0.url from documents d1_0 where d1_0.meeting_id=?
2026-06-01T17:22:38.760+02:00 DEBUG 21776 --- [demo] [nio-8080-exec-7] org.hibernate.SQL                        : select p1_0.meeting_id,p1_1.id,p1_1.email,p1_1.first_name,p1_1.last_name,p1_1.phone from meeting_participants p1_0 join participants p1_1 on p1_1.id=p1_0.participant_id where p1_0.meeting_id=?
Hibernate: select p1_0.meeting_id,p1_1.id,p1_1.email,p1_1.first_name,p1_1.last_name,p1_1.phone from meeting_participants p1_0 join participants p1_1 on p1_1.id=p1_0.participant_id where p1_0.meeting_id=?
2026-06-01T17:22:38.761+02:00 DEBUG 21776 --- [demo] [nio-8080-exec-7] org.hibernate.SQL                        : select a1_0.meeting_id,a1_1.id,a1_1.description,a1_1.name from meeting_audiences a1_0 join audiences a1_1 on a1_1.id=a1_0.audience_id where a1_0.meeting_id=?
Hibernate: select a1_0.meeting_id,a1_1.id,a1_1.description,a1_1.name from meeting_audiences a1_0 join audiences a1_1 on a1_1.id=a1_0.audience_id where a1_0.meeting_id=?
2026-06-01T17:22:38.762+02:00 DEBUG 21776 --- [demo] [nio-8080-exec-7] org.hibernate.SQL                        : select p1_0.meeting_id,p1_0.id,p1_0.upload_date,p1_0.uploaded_by_id,p1_0.url from photos p1_0 where p1_0.meeting_id=?
Hibernate: select p1_0.meeting_id,p1_0.id,p1_0.upload_date,p1_0.uploaded_by_id,p1_0.url from photos p1_0 where p1_0.meeting_id=?
2026-06-01T17:22:38.763+02:00 DEBUG 21776 --- [demo] [nio-8080-exec-7] org.hibernate.SQL                        : select d1_0.meeting_id,d1_0.id,d1_0.name,d1_0.url from documents d1_0 where d1_0.meeting_id=?
Hibernate: select d1_0.meeting_id,d1_0.id,d1_0.name,d1_0.url from documents d1_0 where d1_0.meeting_id=?
2026-06-01T17:22:38.964+02:00 DEBUG 21776 --- [demo] [nio-8080-exec-7] org.hibernate.SQL                        : select p1_0.meeting_id,p1_1.id,p1_1.email,p1_1.first_name,p1_1.last_name,p1_1.phone from meeting_participants p1_0 join participants p1_1 on p1_1.id=p1_0.participant_id where p1_0.meeting_id=?
Hibernate: select p1_0.meeting_id,p1_1.id,p1_1.email,p1_1.first_name,p1_1.last_name,p1_1.phone from meeting_participants p1_0 join participants p1_1 on p1_1.id=p1_0.participant_id where p1_0.meeting_id=?
2026-06-01T17:22:38.967+02:00 DEBUG 21776 --- [demo] [nio-8080-exec-7] org.hibernate.SQL                        : select a1_0.meeting_id,a1_1.id,a1_1.description,a1_1.name from meeting_audiences a1_0 join audiences a1_1 on a1_1.id=a1_0.audience_id where a1_0.meeting_id=?
Hibernate: select a1_0.meeting_id,a1_1.id,a1_1.description,a1_1.name from meeting_audiences a1_0 join audiences a1_1 on a1_1.id=a1_0.audience_id where a1_0.meeting_id=?
2026-06-01T17:22:38.970+02:00 DEBUG 21776 --- [demo] [nio-8080-exec-7] org.hibernate.SQL                        : select p1_0.meeting_id,p1_0.id,p1_0.upload_date,p1_0.uploaded_by_id,p1_0.url from photos p1_0 where p1_0.meeting_id=?
Hibernate: select p1_0.meeting_id,p1_0.id,p1_0.upload_date,p1_0.uploaded_by_id,p1_0.url from photos p1_0 where p1_0.meeting_id=?
2026-06-01T17:22:38.971+02:00 DEBUG 21776 --- [demo] [nio-8080-exec-7] org.hibernate.SQL                        : select d1_0.meeting_id,d1_0.id,d1_0.name,d1_0.url from documents d1_0 where d1_0.meeting_id=?
Hibernate: select d1_0.meeting_id,d1_0.id,d1_0.name,d1_0.url from documents d1_0 where d1_0.meeting_id=?
2026-06-01T17:22:38.973+02:00 DEBUG 21776 --- [demo] [nio-8080-exec-7] org.hibernate.SQL                        : select p1_0.meeting_id,p1_1.id,p1_1.email,p1_1.first_name,p1_1.last_name,p1_1.phone from meeting_participants p1_0 join participants p1_1 on p1_1.id=p1_0.participant_id where p1_0.meeting_id=?
Hibernate: select p1_0.meeting_id,p1_1.id,p1_1.email,p1_1.first_name,p1_1.last_name,p1_1.phone from meeting_participants p1_0 join participants p1_1 on p1_1.id=p1_0.participant_id where p1_0.meeting_id=?
2026-06-01T17:22:38.974+02:00 DEBUG 21776 --- [demo] [nio-8080-exec-7] org.hibernate.SQL                        : select a1_0.meeting_id,a1_1.id,a1_1.description,a1_1.name from meeting_audiences a1_0 join audiences a1_1 on a1_1.id=a1_0.audience_id where a1_0.meeting_id=?
Hibernate: select a1_0.meeting_id,a1_1.id,a1_1.description,a1_1.name from meeting_audiences a1_0 join audiences a1_1 on a1_1.id=a1_0.audience_id where a1_0.meeting_id=?
2026-06-01T17:22:38.977+02:00 DEBUG 21776 --- [demo] [nio-8080-exec-7] org.hibernate.SQL                        : select p1_0.meeting_id,p1_0.id,p1_0.upload_date,p1_0.uploaded_by_id,p1_0.url from photos p1_0 where p1_0.meeting_id=?
Hibernate: select p1_0.meeting_id,p1_0.id,p1_0.upload_date,p1_0.uploaded_by_id,p1_0.url from photos p1_0 where p1_0.meeting_id=?
2026-06-01T17:22:38.978+02:00 DEBUG 21776 --- [demo] [nio-8080-exec-7] org.hibernate.SQL                        : select d1_0.meeting_id,d1_0.id,d1_0.name,d1_0.url from documents d1_0 where d1_0.meeting_id=?
Hibernate: select d1_0.meeting_id,d1_0.id,d1_0.name,d1_0.url from documents d1_0 where d1_0.meeting_id=?
2026-06-01T17:22:38.979+02:00 DEBUG 21776 --- [demo] [nio-8080-exec-7] org.hibernate.SQL                        : select p1_0.meeting_id,p1_1.id,p1_1.email,p1_1.first_name,p1_1.last_name,p1_1.phone from meeting_participants p1_0 join participants p1_1 on p1_1.id=p1_0.participant_id where p1_0.meeting_id=?
Hibernate: select p1_0.meeting_id,p1_1.id,p1_1.email,p1_1.first_name,p1_1.last_name,p1_1.phone from meeting_participants p1_0 join participants p1_1 on p1_1.id=p1_0.participant_id where p1_0.meeting_id=?
2026-06-01T17:22:38.981+02:00 DEBUG 21776 --- [demo] [nio-8080-exec-7] org.hibernate.SQL                        : select a1_0.meeting_id,a1_1.id,a1_1.description,a1_1.name from meeting_audiences a1_0 join audiences a1_1 on a1_1.id=a1_0.audience_id where a1_0.meeting_id=?
Hibernate: select a1_0.meeting_id,a1_1.id,a1_1.description,a1_1.name from meeting_audiences a1_0 join audiences a1_1 on a1_1.id=a1_0.audience_id where a1_0.meeting_id=?
2026-06-01T17:22:38.982+02:00 DEBUG 21776 --- [demo] [nio-8080-exec-7] org.hibernate.SQL                        : select p1_0.meeting_id,p1_0.id,p1_0.upload_date,p1_0.uploaded_by_id,p1_0.url from photos p1_0 where p1_0.meeting_id=?
Hibernate: select p1_0.meeting_id,p1_0.id,p1_0.upload_date,p1_0.uploaded_by_id,p1_0.url from photos p1_0 where p1_0.meeting_id=?
2026-06-01T17:22:38.984+02:00 DEBUG 21776 --- [demo] [nio-8080-exec-7] org.hibernate.SQL                        : select d1_0.meeting_id,d1_0.id,d1_0.name,d1_0.url from documents d1_0 where d1_0.meeting_id=?
Hibernate: select d1_0.meeting_id,d1_0.id,d1_0.name,d1_0.url from documents d1_0 where d1_0.meeting_id=?
2026-06-01T17:22:38.986+02:00 DEBUG 21776 --- [demo] [nio-8080-exec-7] o.s.w.s.m.m.a.HttpEntityMethodProcessor  : Using 'application/json', given [application/json, text/plain, */*] and supported [application/json, application/*+json]
2026-06-01T17:22:38.987+02:00 DEBUG 21776 --- [demo] [nio-8080-exec-7] o.s.w.s.m.m.a.HttpEntityMethodProcessor  : Writing [[MeetingResponse(id=1001, objective=Planifier le lancement du projet, type=Planning, description=Reu (truncated)...]
2026-06-01T17:22:38.988+02:00 DEBUG 21776 --- [demo] [nio-8080-exec-7] o.s.web.servlet.DispatcherServlet        : Completed 200 OK
2026-06-01T17:22:41.394+02:00 DEBUG 21776 --- [demo] [nio-8080-exec-6] org.hibernate.SQL                        : select u1_0.id,u1_0.active,u1_0.email,u1_0.name,u1_0.password,u1_0.role from users u1_0 where u1_0.email=?
Hibernate: select u1_0.id,u1_0.active,u1_0.email,u1_0.name,u1_0.password,u1_0.role from users u1_0 where u1_0.email=?
2026-06-01T17:22:41.404+02:00 DEBUG 21776 --- [demo] [nio-8080-exec-6] o.s.web.servlet.DispatcherServlet        : GET "/api/meetings/1008", parameters={}
2026-06-01T17:22:41.405+02:00 DEBUG 21776 --- [demo] [nio-8080-exec-6] s.w.s.m.m.a.RequestMappingHandlerMapping : Mapped to com.example.demo.controller.MeetingController#findById(Long)
2026-06-01T17:22:41.406+02:00 DEBUG 21776 --- [demo] [nio-8080-exec-6] org.hibernate.SQL                        : select m1_0.id,m1_0.date,m1_0.dependences,m1_0.description,m1_0.discussion,m1_0.end_time,m1_0.objective,m1_0.objet,m1_0.presidente,m1_0.rapporteur,m1_0.recommendation,m1_0.room,m1_0.start_time,m1_0.type from meetings m1_0 where m1_0.id=?
Hibernate: select m1_0.id,m1_0.date,m1_0.dependences,m1_0.description,m1_0.discussion,m1_0.end_time,m1_0.objective,m1_0.objet,m1_0.presidente,m1_0.rapporteur,m1_0.recommendation,m1_0.room,m1_0.start_time,m1_0.type from meetings m1_0 where m1_0.id=?
2026-06-01T17:22:41.408+02:00 DEBUG 21776 --- [demo] [nio-8080-exec-6] org.hibernate.SQL                        : select p1_0.meeting_id,p1_1.id,p1_1.email,p1_1.first_name,p1_1.last_name,p1_1.phone from meeting_participants p1_0 join participants p1_1 on p1_1.id=p1_0.participant_id where p1_0.meeting_id=?
Hibernate: select p1_0.meeting_id,p1_1.id,p1_1.email,p1_1.first_name,p1_1.last_name,p1_1.phone from meeting_participants p1_0 join participants p1_1 on p1_1.id=p1_0.participant_id where p1_0.meeting_id=?
2026-06-01T17:22:41.410+02:00 DEBUG 21776 --- [demo] [nio-8080-exec-6] org.hibernate.SQL                        : select a1_0.meeting_id,a1_1.id,a1_1.description,a1_1.name from meeting_audiences a1_0 join audiences a1_1 on a1_1.id=a1_0.audience_id where a1_0.meeting_id=?
Hibernate: select a1_0.meeting_id,a1_1.id,a1_1.description,a1_1.name from meeting_audiences a1_0 join audiences a1_1 on a1_1.id=a1_0.audience_id where a1_0.meeting_id=?
2026-06-01T17:22:41.411+02:00 DEBUG 21776 --- [demo] [nio-8080-exec-6] org.hibernate.SQL                        : select p1_0.meeting_id,p1_0.id,p1_0.upload_date,p1_0.uploaded_by_id,p1_0.url from photos p1_0 where p1_0.meeting_id=?
Hibernate: select p1_0.meeting_id,p1_0.id,p1_0.upload_date,p1_0.uploaded_by_id,p1_0.url from photos p1_0 where p1_0.meeting_id=?
2026-06-01T17:22:41.413+02:00 DEBUG 21776 --- [demo] [nio-8080-exec-6] org.hibernate.SQL                        : select d1_0.meeting_id,d1_0.id,d1_0.name,d1_0.url from documents d1_0 where d1_0.meeting_id=?
Hibernate: select d1_0.meeting_id,d1_0.id,d1_0.name,d1_0.url from documents d1_0 where d1_0.meeting_id=?
2026-06-01T17:22:41.414+02:00 DEBUG 21776 --- [demo] [nio-8080-exec-6] o.s.w.s.m.m.a.HttpEntityMethodProcessor  : Using 'application/json', given [application/json, text/plain, */*] and supported [application/json, application/*+json]
2026-06-01T17:22:41.415+02:00 DEBUG 21776 --- [demo] [nio-8080-exec-6] o.s.w.s.m.m.a.HttpEntityMethodProcessor  : Writing [MeetingResponse(id=1008, objective=test12, type=coordination, description=test12, date=2026-06-01, s (truncated)...]
2026-06-01T17:22:41.415+02:00 DEBUG 21776 --- [demo] [nio-8080-exec-6] o.s.web.servlet.DispatcherServlet        : Completed 200 OK
2026-06-01T17:22:41.430+02:00 DEBUG 21776 --- [demo] [nio-8080-exec-9] org.hibernate.SQL                        : select u1_0.id,u1_0.active,u1_0.email,u1_0.name,u1_0.password,u1_0.role from users u1_0 where u1_0.email=?
Hibernate: select u1_0.id,u1_0.active,u1_0.email,u1_0.name,u1_0.password,u1_0.role from users u1_0 where u1_0.email=?
2026-06-01T17:22:41.431+02:00 DEBUG 21776 --- [demo] [nio-8080-exec-1] org.hibernate.SQL                        : select u1_0.id,u1_0.active,u1_0.email,u1_0.name,u1_0.password,u1_0.role from users u1_0 where u1_0.email=?
Hibernate: select u1_0.id,u1_0.active,u1_0.email,u1_0.name,u1_0.password,u1_0.role from users u1_0 where u1_0.email=?
2026-06-01T17:22:41.432+02:00 DEBUG 21776 --- [demo] [nio-8080-exec-9] o.s.web.servlet.DispatcherServlet        : GET "/api/meetings/1008", parameters={}
2026-06-01T17:22:41.433+02:00 DEBUG 21776 --- [demo] [nio-8080-exec-1] o.s.web.servlet.DispatcherServlet        : GET "/api/meetings/1008/tasks", parameters={}
2026-06-01T17:22:41.433+02:00 DEBUG 21776 --- [demo] [nio-8080-exec-9] s.w.s.m.m.a.RequestMappingHandlerMapping : Mapped to com.example.demo.controller.MeetingController#findById(Long)
2026-06-01T17:22:41.433+02:00 DEBUG 21776 --- [demo] [nio-8080-exec-1] s.w.s.m.m.a.RequestMappingHandlerMapping : Mapped to com.example.demo.controller.TaskController#findByMeeting(Long)
2026-06-01T17:22:41.434+02:00 DEBUG 21776 --- [demo] [nio-8080-exec-9] org.hibernate.SQL                        : select m1_0.id,m1_0.date,m1_0.dependences,m1_0.description,m1_0.discussion,m1_0.end_time,m1_0.objective,m1_0.objet,m1_0.presidente,m1_0.rapporteur,m1_0.recommendation,m1_0.room,m1_0.start_time,m1_0.type from meetings m1_0 where m1_0.id=?
Hibernate: select m1_0.id,m1_0.date,m1_0.dependences,m1_0.description,m1_0.discussion,m1_0.end_time,m1_0.objective,m1_0.objet,m1_0.presidente,m1_0.rapporteur,m1_0.recommendation,m1_0.room,m1_0.start_time,m1_0.type from meetings m1_0 where m1_0.id=?
2026-06-01T17:22:41.435+02:00 DEBUG 21776 --- [demo] [nio-8080-exec-1] org.hibernate.SQL                        : select t1_0.id,t1_0.meeting_id,t1_0.status,t1_0.title from tasks t1_0 where t1_0.meeting_id=?
Hibernate: select t1_0.id,t1_0.meeting_id,t1_0.status,t1_0.title from tasks t1_0 where t1_0.meeting_id=?
2026-06-01T17:22:41.436+02:00 DEBUG 21776 --- [demo] [nio-8080-exec-9] org.hibernate.SQL                        : select p1_0.meeting_id,p1_1.id,p1_1.email,p1_1.first_name,p1_1.last_name,p1_1.phone from meeting_participants p1_0 join participants p1_1 on p1_1.id=p1_0.participant_id where p1_0.meeting_id=?
Hibernate: select p1_0.meeting_id,p1_1.id,p1_1.email,p1_1.first_name,p1_1.last_name,p1_1.phone from meeting_participants p1_0 join participants p1_1 on p1_1.id=p1_0.participant_id where p1_0.meeting_id=?
2026-06-01T17:22:41.437+02:00 DEBUG 21776 --- [demo] [nio-8080-exec-1] o.s.w.s.m.m.a.HttpEntityMethodProcessor  : Using 'application/json', given [application/json, text/plain, */*] and supported [application/json, application/*+json]
2026-06-01T17:22:41.437+02:00 DEBUG 21776 --- [demo] [nio-8080-exec-9] org.hibernate.SQL                        : select a1_0.meeting_id,a1_1.id,a1_1.description,a1_1.name from meeting_audiences a1_0 join audiences a1_1 on a1_1.id=a1_0.audience_id where a1_0.meeting_id=?
Hibernate: select a1_0.meeting_id,a1_1.id,a1_1.description,a1_1.name from meeting_audiences a1_0 join audiences a1_1 on a1_1.id=a1_0.audience_id where a1_0.meeting_id=?
2026-06-01T17:22:41.437+02:00 DEBUG 21776 --- [demo] [nio-8080-exec-1] o.s.w.s.m.m.a.HttpEntityMethodProcessor  : Writing [[]]
2026-06-01T17:22:41.438+02:00 DEBUG 21776 --- [demo] [nio-8080-exec-9] org.hibernate.SQL                        : select p1_0.meeting_id,p1_0.id,p1_0.upload_date,p1_0.uploaded_by_id,p1_0.url from photos p1_0 where p1_0.meeting_id=?
Hibernate: select p1_0.meeting_id,p1_0.id,p1_0.upload_date,p1_0.uploaded_by_id,p1_0.url from photos p1_0 where p1_0.meeting_id=?
2026-06-01T17:22:41.438+02:00 DEBUG 21776 --- [demo] [nio-8080-exec-1] o.s.web.servlet.DispatcherServlet        : Completed 200 OK
2026-06-01T17:22:41.439+02:00 DEBUG 21776 --- [demo] [nio-8080-exec-9] org.hibernate.SQL                        : select d1_0.meeting_id,d1_0.id,d1_0.name,d1_0.url from documents d1_0 where d1_0.meeting_id=?
Hibernate: select d1_0.meeting_id,d1_0.id,d1_0.name,d1_0.url from documents d1_0 where d1_0.meeting_id=?
2026-06-01T17:22:41.441+02:00 DEBUG 21776 --- [demo] [nio-8080-exec-9] o.s.w.s.m.m.a.HttpEntityMethodProcessor  : Using 'application/json', given [application/json, text/plain, */*] and supported [application/json, application/*+json]
2026-06-01T17:22:41.442+02:00 DEBUG 21776 --- [demo] [nio-8080-exec-9] o.s.w.s.m.m.a.HttpEntityMethodProcessor  : Writing [MeetingResponse(id=1008, objective=test12, type=coordination, description=test12, date=2026-06-01, s (truncated)...]
2026-06-01T17:22:41.443+02:00 DEBUG 21776 --- [demo] [nio-8080-exec-9] o.s.web.servlet.DispatcherServlet        : Completed 200 OK
2026-06-01T17:22:41.451+02:00 DEBUG 21776 --- [demo] [io-8080-exec-10] org.hibernate.SQL                        : select u1_0.id,u1_0.active,u1_0.email,u1_0.name,u1_0.password,u1_0.role from users u1_0 where u1_0.email=?
Hibernate: select u1_0.id,u1_0.active,u1_0.email,u1_0.name,u1_0.password,u1_0.role from users u1_0 where u1_0.email=?
2026-06-01T17:22:41.452+02:00 DEBUG 21776 --- [demo] [nio-8080-exec-4] org.hibernate.SQL                        : select u1_0.id,u1_0.active,u1_0.email,u1_0.name,u1_0.password,u1_0.role from users u1_0 where u1_0.email=?
Hibernate: select u1_0.id,u1_0.active,u1_0.email,u1_0.name,u1_0.password,u1_0.role from users u1_0 where u1_0.email=?
2026-06-01T17:22:41.453+02:00 DEBUG 21776 --- [demo] [io-8080-exec-10] o.s.web.servlet.DispatcherServlet        : GET "/api/meetings/1008/discussions", parameters={}
2026-06-01T17:22:41.454+02:00 DEBUG 21776 --- [demo] [nio-8080-exec-4] o.s.web.servlet.DispatcherServlet        : GET "/api/meetings/1008/tasks", parameters={}
2026-06-01T17:22:41.454+02:00 DEBUG 21776 --- [demo] [io-8080-exec-10] s.w.s.m.m.a.RequestMappingHandlerMapping : Mapped to com.example.demo.controller.DiscussionController#findByMeeting(Long)
2026-06-01T17:22:41.454+02:00 DEBUG 21776 --- [demo] [nio-8080-exec-4] s.w.s.m.m.a.RequestMappingHandlerMapping : Mapped to com.example.demo.controller.TaskController#findByMeeting(Long)
2026-06-01T17:22:41.456+02:00 DEBUG 21776 --- [demo] [io-8080-exec-10] org.hibernate.SQL                        : select d1_0.id,d1_0.content,d1_0.meeting_id,d1_0.id_participant,d1_0.speaker from discussion d1_0 where d1_0.meeting_id=?
Hibernate: select d1_0.id,d1_0.content,d1_0.meeting_id,d1_0.id_participant,d1_0.speaker from discussion d1_0 where d1_0.meeting_id=?
2026-06-01T17:22:41.457+02:00 DEBUG 21776 --- [demo] [nio-8080-exec-4] org.hibernate.SQL                        : select t1_0.id,t1_0.meeting_id,t1_0.status,t1_0.title from tasks t1_0 where t1_0.meeting_id=?
Hibernate: select t1_0.id,t1_0.meeting_id,t1_0.status,t1_0.title from tasks t1_0 where t1_0.meeting_id=?
2026-06-01T17:22:41.458+02:00 DEBUG 21776 --- [demo] [io-8080-exec-10] o.s.w.s.m.m.a.HttpEntityMethodProcessor  : Using 'application/json', given [application/json, text/plain, */*] and supported [application/json, application/*+json]
2026-06-01T17:22:41.459+02:00 DEBUG 21776 --- [demo] [nio-8080-exec-4] o.s.w.s.m.m.a.HttpEntityMethodProcessor  : Using 'application/json', given [application/json, text/plain, */*] and supported [application/json, application/*+json]
2026-06-01T17:22:41.459+02:00 DEBUG 21776 --- [demo] [io-8080-exec-10] o.s.w.s.m.m.a.HttpEntityMethodProcessor  : Writing [[]]
2026-06-01T17:22:41.459+02:00 DEBUG 21776 --- [demo] [nio-8080-exec-4] o.s.w.s.m.m.a.HttpEntityMethodProcessor  : Writing [[]]
2026-06-01T17:22:41.459+02:00 DEBUG 21776 --- [demo] [io-8080-exec-10] o.s.web.servlet.DispatcherServlet        : Completed 200 OK
2026-06-01T17:22:41.461+02:00 DEBUG 21776 --- [demo] [nio-8080-exec-4] o.s.web.servlet.DispatcherServlet        : Completed 200 OK
2026-06-01T17:22:41.474+02:00 DEBUG 21776 --- [demo] [nio-8080-exec-3] org.hibernate.SQL                        : select u1_0.id,u1_0.active,u1_0.email,u1_0.name,u1_0.password,u1_0.role from users u1_0 where u1_0.email=?
Hibernate: select u1_0.id,u1_0.active,u1_0.email,u1_0.name,u1_0.password,u1_0.role from users u1_0 where u1_0.email=?
2026-06-01T17:22:41.477+02:00 DEBUG 21776 --- [demo] [nio-8080-exec-3] o.s.web.servlet.DispatcherServlet        : GET "/api/meetings/1008/discussions", parameters={}
2026-06-01T17:22:41.477+02:00 DEBUG 21776 --- [demo] [nio-8080-exec-3] s.w.s.m.m.a.RequestMappingHandlerMapping : Mapped to com.example.demo.controller.DiscussionController#findByMeeting(Long)
2026-06-01T17:22:41.480+02:00 DEBUG 21776 --- [demo] [nio-8080-exec-3] org.hibernate.SQL                        : select d1_0.id,d1_0.content,d1_0.meeting_id,d1_0.id_participant,d1_0.speaker from discussion d1_0 where d1_0.meeting_id=?
Hibernate: select d1_0.id,d1_0.content,d1_0.meeting_id,d1_0.id_participant,d1_0.speaker from discussion d1_0 where d1_0.meeting_id=?
2026-06-01T17:22:41.482+02:00 DEBUG 21776 --- [demo] [nio-8080-exec-3] o.s.w.s.m.m.a.HttpEntityMethodProcessor  : Using 'application/json', given [application/json, text/plain, */*] and supported [application/json, application/*+json]
2026-06-01T17:22:41.482+02:00 DEBUG 21776 --- [demo] [nio-8080-exec-3] o.s.w.s.m.m.a.HttpEntityMethodProcessor  : Writing [[]]
2026-06-01T17:22:41.483+02:00 DEBUG 21776 --- [demo] [nio-8080-exec-3] o.s.web.servlet.DispatcherServlet        : Completed 200 OK
2026-06-01T17:22:45.531+02:00 DEBUG 21776 --- [demo] [nio-8080-exec-2] org.hibernate.SQL                        : select u1_0.id,u1_0.active,u1_0.email,u1_0.name,u1_0.password,u1_0.role from users u1_0 where u1_0.email=?
Hibernate: select u1_0.id,u1_0.active,u1_0.email,u1_0.name,u1_0.password,u1_0.role from users u1_0 where u1_0.email=?
2026-06-01T17:22:45.531+02:00 DEBUG 21776 --- [demo] [nio-8080-exec-8] org.hibernate.SQL                        : select u1_0.id,u1_0.active,u1_0.email,u1_0.name,u1_0.password,u1_0.role from users u1_0 where u1_0.email=?
Hibernate: select u1_0.id,u1_0.active,u1_0.email,u1_0.name,u1_0.password,u1_0.role from users u1_0 where u1_0.email=?
2026-06-01T17:22:45.531+02:00 DEBUG 21776 --- [demo] [nio-8080-exec-5] org.hibernate.SQL                        : select u1_0.id,u1_0.active,u1_0.email,u1_0.name,u1_0.password,u1_0.role from users u1_0 where u1_0.email=?
Hibernate: select u1_0.id,u1_0.active,u1_0.email,u1_0.name,u1_0.password,u1_0.role from users u1_0 where u1_0.email=?
2026-06-01T17:22:45.534+02:00 DEBUG 21776 --- [demo] [nio-8080-exec-8] o.s.web.servlet.DispatcherServlet        : GET "/api/meetings/1008/discussions", parameters={}
2026-06-01T17:22:45.534+02:00 DEBUG 21776 --- [demo] [nio-8080-exec-5] o.s.web.servlet.DispatcherServlet        : GET "/api/meetings/1008/tasks", parameters={}
2026-06-01T17:22:45.534+02:00 DEBUG 21776 --- [demo] [nio-8080-exec-2] o.s.web.servlet.DispatcherServlet        : GET "/api/meetings/1008", parameters={}
2026-06-01T17:22:45.534+02:00 DEBUG 21776 --- [demo] [nio-8080-exec-8] s.w.s.m.m.a.RequestMappingHandlerMapping : Mapped to com.example.demo.controller.DiscussionController#findByMeeting(Long)
2026-06-01T17:22:45.651+02:00 DEBUG 21776 --- [demo] [nio-8080-exec-5] s.w.s.m.m.a.RequestMappingHandlerMapping : Mapped to com.example.demo.controller.TaskController#findByMeeting(Long)
2026-06-01T17:22:45.652+02:00 DEBUG 21776 --- [demo] [nio-8080-exec-2] s.w.s.m.m.a.RequestMappingHandlerMapping : Mapped to com.example.demo.controller.MeetingController#findById(Long)
2026-06-01T17:22:45.658+02:00 DEBUG 21776 --- [demo] [nio-8080-exec-2] org.hibernate.SQL                        : select m1_0.id,m1_0.date,m1_0.dependences,m1_0.description,m1_0.discussion,m1_0.end_time,m1_0.objective,m1_0.objet,m1_0.presidente,m1_0.rapporteur,m1_0.recommendation,m1_0.room,m1_0.start_time,m1_0.type from meetings m1_0 where m1_0.id=?
Hibernate: select m1_0.id,m1_0.date,m1_0.dependences,m1_0.description,m1_0.discussion,m1_0.end_time,m1_0.objective,m1_0.objet,m1_0.presidente,m1_0.rapporteur,m1_0.recommendation,m1_0.room,m1_0.start_time,m1_0.type from meetings m1_0 where m1_0.id=?
2026-06-01T17:22:45.660+02:00 DEBUG 21776 --- [demo] [nio-8080-exec-8] org.hibernate.SQL                        : select d1_0.id,d1_0.content,d1_0.meeting_id,d1_0.id_participant,d1_0.speaker from discussion d1_0 where d1_0.meeting_id=?
Hibernate: select d1_0.id,d1_0.content,d1_0.meeting_id,d1_0.id_participant,d1_0.speaker from discussion d1_0 where d1_0.meeting_id=?
2026-06-01T17:22:45.661+02:00 DEBUG 21776 --- [demo] [nio-8080-exec-5] org.hibernate.SQL                        : select t1_0.id,t1_0.meeting_id,t1_0.status,t1_0.title from tasks t1_0 where t1_0.meeting_id=?
Hibernate: select t1_0.id,t1_0.meeting_id,t1_0.status,t1_0.title from tasks t1_0 where t1_0.meeting_id=?
2026-06-01T17:22:45.662+02:00 DEBUG 21776 --- [demo] [nio-8080-exec-2] org.hibernate.SQL                        : select p1_0.meeting_id,p1_1.id,p1_1.email,p1_1.first_name,p1_1.last_name,p1_1.phone from meeting_participants p1_0 join participants p1_1 on p1_1.id=p1_0.participant_id where p1_0.meeting_id=?
2026-06-01T17:22:45.663+02:00 DEBUG 21776 --- [demo] [nio-8080-exec-8] o.s.w.s.m.m.a.HttpEntityMethodProcessor  : Using 'application/json', given [application/json, text/plain, */*] and supported [application/json, application/*+json]
Hibernate: select p1_0.meeting_id,p1_1.id,p1_1.email,p1_1.first_name,p1_1.last_name,p1_1.phone from meeting_participants p1_0 join participants p1_1 on p1_1.id=p1_0.participant_id where p1_0.meeting_id=?
2026-06-01T17:22:45.664+02:00 DEBUG 21776 --- [demo] [nio-8080-exec-8] o.s.w.s.m.m.a.HttpEntityMethodProcessor  : Writing [[]]
2026-06-01T17:22:45.664+02:00 DEBUG 21776 --- [demo] [nio-8080-exec-5] o.s.w.s.m.m.a.HttpEntityMethodProcessor  : Using 'application/json', given [application/json, text/plain, */*] and supported [application/json, application/*+json]
2026-06-01T17:22:45.665+02:00 DEBUG 21776 --- [demo] [nio-8080-exec-2] org.hibernate.SQL                        : select a1_0.meeting_id,a1_1.id,a1_1.description,a1_1.name from meeting_audiences a1_0 join audiences a1_1 on a1_1.id=a1_0.audience_id where a1_0.meeting_id=?
Hibernate: select a1_0.meeting_id,a1_1.id,a1_1.description,a1_1.name from meeting_audiences a1_0 join audiences a1_1 on a1_1.id=a1_0.audience_id where a1_0.meeting_id=?
2026-06-01T17:22:45.665+02:00 DEBUG 21776 --- [demo] [nio-8080-exec-5] o.s.w.s.m.m.a.HttpEntityMethodProcessor  : Writing [[]]
2026-06-01T17:22:45.665+02:00 DEBUG 21776 --- [demo] [nio-8080-exec-8] o.s.web.servlet.DispatcherServlet        : Completed 200 OK
2026-06-01T17:22:45.665+02:00 DEBUG 21776 --- [demo] [nio-8080-exec-2] org.hibernate.SQL                        : select p1_0.meeting_id,p1_0.id,p1_0.upload_date,p1_0.uploaded_by_id,p1_0.url from photos p1_0 where p1_0.meeting_id=?
Hibernate: select p1_0.meeting_id,p1_0.id,p1_0.upload_date,p1_0.uploaded_by_id,p1_0.url from photos p1_0 where p1_0.meeting_id=?
2026-06-01T17:22:45.667+02:00 DEBUG 21776 --- [demo] [nio-8080-exec-5] o.s.web.servlet.DispatcherServlet        : Completed 200 OK
2026-06-01T17:22:45.668+02:00 DEBUG 21776 --- [demo] [nio-8080-exec-2] org.hibernate.SQL                        : select d1_0.meeting_id,d1_0.id,d1_0.name,d1_0.url from documents d1_0 where d1_0.meeting_id=?
Hibernate: select d1_0.meeting_id,d1_0.id,d1_0.name,d1_0.url from documents d1_0 where d1_0.meeting_id=?
2026-06-01T17:22:45.675+02:00 DEBUG 21776 --- [demo] [nio-8080-exec-2] o.s.w.s.m.m.a.HttpEntityMethodProcessor  : Using 'application/json', given [application/json, text/plain, */*] and supported [application/json, application/*+json]
2026-06-01T17:22:45.677+02:00 DEBUG 21776 --- [demo] [nio-8080-exec-2] o.s.w.s.m.m.a.HttpEntityMethodProcessor  : Writing [MeetingResponse(id=1008, objective=test12, type=coordination, description=test12, date=2026-06-01, s (truncated)...]
2026-06-01T17:22:45.679+02:00 DEBUG 21776 --- [demo] [nio-8080-exec-2] o.s.web.servlet.DispatcherServlet        : Completed 200 OK
2026-06-01T17:22:45.686+02:00 DEBUG 21776 --- [demo] [nio-8080-exec-6] org.hibernate.SQL                        : select u1_0.id,u1_0.active,u1_0.email,u1_0.name,u1_0.password,u1_0.role from users u1_0 where u1_0.email=?
Hibernate: select u1_0.id,u1_0.active,u1_0.email,u1_0.name,u1_0.password,u1_0.role from users u1_0 where u1_0.email=?
2026-06-01T17:22:45.686+02:00 DEBUG 21776 --- [demo] [nio-8080-exec-7] org.hibernate.SQL                        : select u1_0.id,u1_0.active,u1_0.email,u1_0.name,u1_0.password,u1_0.role from users u1_0 where u1_0.email=?
Hibernate: select u1_0.id,u1_0.active,u1_0.email,u1_0.name,u1_0.password,u1_0.role from users u1_0 where u1_0.email=?
2026-06-01T17:22:45.688+02:00 DEBUG 21776 --- [demo] [nio-8080-exec-6] o.s.web.servlet.DispatcherServlet        : GET "/api/meetings/1008/tasks", parameters={}
2026-06-01T17:22:45.688+02:00 DEBUG 21776 --- [demo] [nio-8080-exec-7] o.s.web.servlet.DispatcherServlet        : GET "/api/meetings/1008/discussions", parameters={}
2026-06-01T17:22:45.689+02:00 DEBUG 21776 --- [demo] [nio-8080-exec-6] s.w.s.m.m.a.RequestMappingHandlerMapping : Mapped to com.example.demo.controller.TaskController#findByMeeting(Long)
2026-06-01T17:22:45.689+02:00 DEBUG 21776 --- [demo] [nio-8080-exec-1] org.hibernate.SQL                        : select u1_0.id,u1_0.active,u1_0.email,u1_0.name,u1_0.password,u1_0.role from users u1_0 where u1_0.email=?
Hibernate: select u1_0.id,u1_0.active,u1_0.email,u1_0.name,u1_0.password,u1_0.role from users u1_0 where u1_0.email=?
2026-06-01T17:22:45.689+02:00 DEBUG 21776 --- [demo] [nio-8080-exec-7] s.w.s.m.m.a.RequestMappingHandlerMapping : Mapped to com.example.demo.controller.DiscussionController#findByMeeting(Long)
2026-06-01T17:22:45.691+02:00 DEBUG 21776 --- [demo] [nio-8080-exec-6] org.hibernate.SQL                        : select t1_0.id,t1_0.meeting_id,t1_0.status,t1_0.title from tasks t1_0 where t1_0.meeting_id=?
Hibernate: select t1_0.id,t1_0.meeting_id,t1_0.status,t1_0.title from tasks t1_0 where t1_0.meeting_id=?
2026-06-01T17:22:45.691+02:00 DEBUG 21776 --- [demo] [nio-8080-exec-1] o.s.web.servlet.DispatcherServlet        : GET "/api/meetings/1008", parameters={}
2026-06-01T17:22:45.692+02:00 DEBUG 21776 --- [demo] [nio-8080-exec-7] org.hibernate.SQL                        : select d1_0.id,d1_0.content,d1_0.meeting_id,d1_0.id_participant,d1_0.speaker from discussion d1_0 where d1_0.meeting_id=?
Hibernate: select d1_0.id,d1_0.content,d1_0.meeting_id,d1_0.id_participant,d1_0.speaker from discussion d1_0 where d1_0.meeting_id=?
2026-06-01T17:22:45.692+02:00 DEBUG 21776 --- [demo] [nio-8080-exec-1] s.w.s.m.m.a.RequestMappingHandlerMapping : Mapped to com.example.demo.controller.MeetingController#findById(Long)
2026-06-01T17:22:45.693+02:00 DEBUG 21776 --- [demo] [nio-8080-exec-6] o.s.w.s.m.m.a.HttpEntityMethodProcessor  : Using 'application/json', given [application/json, text/plain, */*] and supported [application/json, application/*+json]
2026-06-01T17:22:45.693+02:00 DEBUG 21776 --- [demo] [nio-8080-exec-6] o.s.w.s.m.m.a.HttpEntityMethodProcessor  : Writing [[]]
2026-06-01T17:22:45.694+02:00 DEBUG 21776 --- [demo] [nio-8080-exec-7] o.s.w.s.m.m.a.HttpEntityMethodProcessor  : Using 'application/json', given [application/json, text/plain, */*] and supported [application/json, application/*+json]
2026-06-01T17:22:45.695+02:00 DEBUG 21776 --- [demo] [nio-8080-exec-1] org.hibernate.SQL                        : select m1_0.id,m1_0.date,m1_0.dependences,m1_0.description,m1_0.discussion,m1_0.end_time,m1_0.objective,m1_0.objet,m1_0.presidente,m1_0.rapporteur,m1_0.recommendation,m1_0.room,m1_0.start_time,m1_0.type from meetings m1_0 where m1_0.id=?
Hibernate: select m1_0.id,m1_0.date,m1_0.dependences,m1_0.description,m1_0.discussion,m1_0.end_time,m1_0.objective,m1_0.objet,m1_0.presidente,m1_0.rapporteur,m1_0.recommendation,m1_0.room,m1_0.start_time,m1_0.type from meetings m1_0 where m1_0.id=?
2026-06-01T17:22:45.695+02:00 DEBUG 21776 --- [demo] [nio-8080-exec-6] o.s.web.servlet.DispatcherServlet        : Completed 200 OK
2026-06-01T17:22:45.695+02:00 DEBUG 21776 --- [demo] [nio-8080-exec-7] o.s.w.s.m.m.a.HttpEntityMethodProcessor  : Writing [[]]
2026-06-01T17:22:45.696+02:00 DEBUG 21776 --- [demo] [nio-8080-exec-1] org.hibernate.SQL                        : select p1_0.meeting_id,p1_1.id,p1_1.email,p1_1.first_name,p1_1.last_name,p1_1.phone from meeting_participants p1_0 join participants p1_1 on p1_1.id=p1_0.participant_id where p1_0.meeting_id=?
Hibernate: select p1_0.meeting_id,p1_1.id,p1_1.email,p1_1.first_name,p1_1.last_name,p1_1.phone from meeting_participants p1_0 join participants p1_1 on p1_1.id=p1_0.participant_id where p1_0.meeting_id=?
2026-06-01T17:22:45.696+02:00 DEBUG 21776 --- [demo] [nio-8080-exec-7] o.s.web.servlet.DispatcherServlet        : Completed 200 OK
2026-06-01T17:22:45.698+02:00 DEBUG 21776 --- [demo] [nio-8080-exec-1] org.hibernate.SQL                        : select a1_0.meeting_id,a1_1.id,a1_1.description,a1_1.name from meeting_audiences a1_0 join audiences a1_1 on a1_1.id=a1_0.audience_id where a1_0.meeting_id=?
Hibernate: select a1_0.meeting_id,a1_1.id,a1_1.description,a1_1.name from meeting_audiences a1_0 join audiences a1_1 on a1_1.id=a1_0.audience_id where a1_0.meeting_id=?
2026-06-01T17:22:45.700+02:00 DEBUG 21776 --- [demo] [nio-8080-exec-1] org.hibernate.SQL                        : select p1_0.meeting_id,p1_0.id,p1_0.upload_date,p1_0.uploaded_by_id,p1_0.url from photos p1_0 where p1_0.meeting_id=?
Hibernate: select p1_0.meeting_id,p1_0.id,p1_0.upload_date,p1_0.uploaded_by_id,p1_0.url from photos p1_0 where p1_0.meeting_id=?
2026-06-01T17:22:45.701+02:00 DEBUG 21776 --- [demo] [nio-8080-exec-1] org.hibernate.SQL                        : select d1_0.meeting_id,d1_0.id,d1_0.name,d1_0.url from documents d1_0 where d1_0.meeting_id=?
Hibernate: select d1_0.meeting_id,d1_0.id,d1_0.name,d1_0.url from documents d1_0 where d1_0.meeting_id=?
2026-06-01T17:22:45.703+02:00 DEBUG 21776 --- [demo] [nio-8080-exec-1] o.s.w.s.m.m.a.HttpEntityMethodProcessor  : Using 'application/json', given [application/json, text/plain, */*] and supported [application/json, application/*+json]
2026-06-01T17:22:45.703+02:00 DEBUG 21776 --- [demo] [nio-8080-exec-1] o.s.w.s.m.m.a.HttpEntityMethodProcessor  : Writing [MeetingResponse(id=1008, objective=test12, type=coordination, description=test12, date=2026-06-01, s (truncated)...]
2026-06-01T17:22:45.705+02:00 DEBUG 21776 --- [demo] [nio-8080-exec-1] o.s.web.servlet.DispatcherServlet        : Completed 200 OK
2026-06-01T17:23:13.825+02:00 DEBUG 21776 --- [demo] [nio-8080-exec-9] org.hibernate.SQL                        : select u1_0.id,u1_0.active,u1_0.email,u1_0.name,u1_0.password,u1_0.role from users u1_0 where u1_0.email=?
Hibernate: select u1_0.id,u1_0.active,u1_0.email,u1_0.name,u1_0.password,u1_0.role from users u1_0 where u1_0.email=?
2026-06-01T17:23:13.836+02:00 DEBUG 21776 --- [demo] [nio-8080-exec-9] o.s.web.servlet.DispatcherServlet        : POST "/api/meetings/1008/discussions", parameters={}
2026-06-01T17:23:13.837+02:00 DEBUG 21776 --- [demo] [nio-8080-exec-9] s.w.s.m.m.a.RequestMappingHandlerMapping : Mapped to com.example.demo.controller.DiscussionController#create(Long, DiscussionRequest)
2026-06-01T17:23:13.840+02:00 DEBUG 21776 --- [demo] [nio-8080-exec-9] m.m.a.RequestResponseBodyMethodProcessor : Read "application/json;charset=UTF-8" to [DiscussionRequest(content=hey guys, speaker=Youssef Bennani, participantId=1002)]
2026-06-01T17:23:13.845+02:00 DEBUG 21776 --- [demo] [nio-8080-exec-9] org.hibernate.SQL                        : select m1_0.id,m1_0.date,m1_0.dependences,m1_0.description,m1_0.discussion,m1_0.end_time,m1_0.objective,m1_0.objet,m1_0.presidente,m1_0.rapporteur,m1_0.recommendation,m1_0.room,m1_0.start_time,m1_0.type from meetings m1_0 where m1_0.id=?
Hibernate: select m1_0.id,m1_0.date,m1_0.dependences,m1_0.description,m1_0.discussion,m1_0.end_time,m1_0.objective,m1_0.objet,m1_0.presidente,m1_0.rapporteur,m1_0.recommendation,m1_0.room,m1_0.start_time,m1_0.type from meetings m1_0 where m1_0.id=?
2026-06-01T17:23:13.849+02:00 DEBUG 21776 --- [demo] [nio-8080-exec-9] org.hibernate.SQL                        : select p1_0.id,p1_0.email,p1_0.first_name,p1_0.last_name,p1_0.phone from participants p1_0 where p1_0.id=?
Hibernate: select p1_0.id,p1_0.email,p1_0.first_name,p1_0.last_name,p1_0.phone from participants p1_0 where p1_0.id=?
2026-06-01T17:23:13.851+02:00 DEBUG 21776 --- [demo] [nio-8080-exec-9] org.hibernate.SQL                        : insert into discussion (content,meeting_id,id_participant,speaker) values (?,?,?,?)
Hibernate: insert into discussion (content,meeting_id,id_participant,speaker) values (?,?,?,?)
2026-06-01T17:23:14.195+02:00 DEBUG 21776 --- [demo] [nio-8080-exec-9] o.s.w.s.m.m.a.HttpEntityMethodProcessor  : Using 'application/json', given [application/json, text/plain, */*] and supported [application/json, application/*+json]
2026-06-01T17:23:14.279+02:00 DEBUG 21776 --- [demo] [nio-8080-exec-9] o.s.w.s.m.m.a.HttpEntityMethodProcessor  : Writing [DiscussionResponse(id=1, content=hey guys, speaker=Youssef Bennani, participantId=1002, participantN (truncated)...]
2026-06-01T17:23:14.284+02:00 DEBUG 21776 --- [demo] [nio-8080-exec-9] o.s.web.servlet.DispatcherServlet        : Completed 201 CREATED
2026-06-01T17:23:22.545+02:00 DEBUG 21776 --- [demo] [io-8080-exec-10] org.hibernate.SQL                        : select u1_0.id,u1_0.active,u1_0.email,u1_0.name,u1_0.password,u1_0.role from users u1_0 where u1_0.email=?
Hibernate: select u1_0.id,u1_0.active,u1_0.email,u1_0.name,u1_0.password,u1_0.role from users u1_0 where u1_0.email=?
2026-06-01T17:23:22.548+02:00 DEBUG 21776 --- [demo] [io-8080-exec-10] o.s.web.servlet.DispatcherServlet        : POST "/api/meetings/1008/discussions", parameters={}
2026-06-01T17:23:22.548+02:00 DEBUG 21776 --- [demo] [io-8080-exec-10] s.w.s.m.m.a.RequestMappingHandlerMapping : Mapped to com.example.demo.controller.DiscussionController#create(Long, DiscussionRequest)
2026-06-01T17:23:22.549+02:00 DEBUG 21776 --- [demo] [io-8080-exec-10] m.m.a.RequestResponseBodyMethodProcessor : Read "application/json;charset=UTF-8" to [DiscussionRequest(content=holla, speaker=Karim Alaoui, participantId=1004)]
2026-06-01T17:23:22.550+02:00 DEBUG 21776 --- [demo] [io-8080-exec-10] org.hibernate.SQL                        : select m1_0.id,m1_0.date,m1_0.dependences,m1_0.description,m1_0.discussion,m1_0.end_time,m1_0.objective,m1_0.objet,m1_0.presidente,m1_0.rapporteur,m1_0.recommendation,m1_0.room,m1_0.start_time,m1_0.type from meetings m1_0 where m1_0.id=?
Hibernate: select m1_0.id,m1_0.date,m1_0.dependences,m1_0.description,m1_0.discussion,m1_0.end_time,m1_0.objective,m1_0.objet,m1_0.presidente,m1_0.rapporteur,m1_0.recommendation,m1_0.room,m1_0.start_time,m1_0.type from meetings m1_0 where m1_0.id=?
2026-06-01T17:23:22.552+02:00 DEBUG 21776 --- [demo] [io-8080-exec-10] org.hibernate.SQL                        : select p1_0.id,p1_0.email,p1_0.first_name,p1_0.last_name,p1_0.phone from participants p1_0 where p1_0.id=?
Hibernate: select p1_0.id,p1_0.email,p1_0.first_name,p1_0.last_name,p1_0.phone from participants p1_0 where p1_0.id=?
2026-06-01T17:23:22.553+02:00 DEBUG 21776 --- [demo] [io-8080-exec-10] org.hibernate.SQL                        : insert into discussion (content,meeting_id,id_participant,speaker) values (?,?,?,?)
Hibernate: insert into discussion (content,meeting_id,id_participant,speaker) values (?,?,?,?)
2026-06-01T17:23:22.558+02:00 DEBUG 21776 --- [demo] [io-8080-exec-10] o.s.w.s.m.m.a.HttpEntityMethodProcessor  : Using 'application/json', given [application/json, text/plain, */*] and supported [application/json, application/*+json]
2026-06-01T17:23:22.559+02:00 DEBUG 21776 --- [demo] [io-8080-exec-10] o.s.w.s.m.m.a.HttpEntityMethodProcessor  : Writing [DiscussionResponse(id=2, content=holla, speaker=Karim Alaoui, participantId=1004, participantName=Ka (truncated)...]
2026-06-01T17:23:22.559+02:00 DEBUG 21776 --- [demo] [io-8080-exec-10] o.s.web.servlet.DispatcherServlet        : Completed 201 CREATED
2026-06-01T17:25:01.825+02:00 DEBUG 21776 --- [demo] [nio-8080-exec-4] org.hibernate.SQL                        : select u1_0.id,u1_0.active,u1_0.email,u1_0.name,u1_0.password,u1_0.role from users u1_0 where u1_0.email=?
Hibernate: select u1_0.id,u1_0.active,u1_0.email,u1_0.name,u1_0.password,u1_0.role from users u1_0 where u1_0.email=?
2026-06-01T17:25:01.829+02:00 DEBUG 21776 --- [demo] [nio-8080-exec-4] o.s.web.servlet.DispatcherServlet        : POST "/api/meetings/1008/tasks", parameters={}
2026-06-01T17:25:01.830+02:00 DEBUG 21776 --- [demo] [nio-8080-exec-4] s.w.s.m.m.a.RequestMappingHandlerMapping : Mapped to com.example.demo.controller.TaskController#create(Long, TaskRequest)
2026-06-01T17:25:01.831+02:00 DEBUG 21776 --- [demo] [nio-8080-exec-4] m.m.a.RequestResponseBodyMethodProcessor : Read "application/json;charset=UTF-8" to [TaskRequest(title=cc, status=null)]
2026-06-01T17:25:01.834+02:00 DEBUG 21776 --- [demo] [nio-8080-exec-4] org.hibernate.SQL                        : select m1_0.id,m1_0.date,m1_0.dependences,m1_0.description,m1_0.discussion,m1_0.end_time,m1_0.objective,m1_0.objet,m1_0.presidente,m1_0.rapporteur,m1_0.recommendation,m1_0.room,m1_0.start_time,m1_0.type from meetings m1_0 where m1_0.id=?
Hibernate: select m1_0.id,m1_0.date,m1_0.dependences,m1_0.description,m1_0.discussion,m1_0.end_time,m1_0.objective,m1_0.objet,m1_0.presidente,m1_0.rapporteur,m1_0.recommendation,m1_0.room,m1_0.start_time,m1_0.type from meetings m1_0 where m1_0.id=?
2026-06-01T17:25:01.836+02:00 DEBUG 21776 --- [demo] [nio-8080-exec-4] org.hibernate.SQL                        : insert into tasks (meeting_id,status,title) values (?,?,?)
Hibernate: insert into tasks (meeting_id,status,title) values (?,?,?)
2026-06-01T17:25:03.138+02:00 DEBUG 21776 --- [demo] [nio-8080-exec-4] o.s.w.s.m.m.a.HttpEntityMethodProcessor  : Using 'application/json', given [application/json, text/plain, */*] and supported [application/json, application/*+json]
2026-06-01T17:25:03.143+02:00 DEBUG 21776 --- [demo] [nio-8080-exec-4] o.s.w.s.m.m.a.HttpEntityMethodProcessor  : Writing [TaskResponse(id=2, title=cc, status=PENDING, meetingId=1008)]
2026-06-01T17:25:03.155+02:00 DEBUG 21776 --- [demo] [nio-8080-exec-4] o.s.web.servlet.DispatcherServlet        : Completed 201 CREATED
2026-06-01T17:25:03.179+02:00 DEBUG 21776 --- [demo] [nio-8080-exec-3] org.hibernate.SQL                        : select u1_0.id,u1_0.active,u1_0.email,u1_0.name,u1_0.password,u1_0.role from users u1_0 where u1_0.email=?
Hibernate: select u1_0.id,u1_0.active,u1_0.email,u1_0.name,u1_0.password,u1_0.role from users u1_0 where u1_0.email=?
2026-06-01T17:25:03.181+02:00 DEBUG 21776 --- [demo] [nio-8080-exec-3] o.s.web.servlet.DispatcherServlet        : GET "/api/meetings/1008/tasks", parameters={}
2026-06-01T17:25:03.181+02:00 DEBUG 21776 --- [demo] [nio-8080-exec-3] s.w.s.m.m.a.RequestMappingHandlerMapping : Mapped to com.example.demo.controller.TaskController#findByMeeting(Long)
2026-06-01T17:25:03.183+02:00 DEBUG 21776 --- [demo] [nio-8080-exec-3] org.hibernate.SQL                        : select t1_0.id,t1_0.meeting_id,t1_0.status,t1_0.title from tasks t1_0 where t1_0.meeting_id=?
Hibernate: select t1_0.id,t1_0.meeting_id,t1_0.status,t1_0.title from tasks t1_0 where t1_0.meeting_id=?
2026-06-01T17:25:03.185+02:00 DEBUG 21776 --- [demo] [nio-8080-exec-3] o.s.w.s.m.m.a.HttpEntityMethodProcessor  : Using 'application/json', given [application/json, text/plain, */*] and supported [application/json, application/*+json]
2026-06-01T17:25:03.185+02:00 DEBUG 21776 --- [demo] [nio-8080-exec-3] o.s.w.s.m.m.a.HttpEntityMethodProcessor  : Writing [[TaskResponse(id=2, title=cc, status=PENDING, meetingId=1008)]]
2026-06-01T17:25:03.186+02:00 DEBUG 21776 --- [demo] [nio-8080-exec-3] o.s.web.servlet.DispatcherServlet        : Completed 200 OK
2026-06-01T17:25:06.345+02:00 DEBUG 21776 --- [demo] [nio-8080-exec-8] org.hibernate.SQL                        : select u1_0.id,u1_0.active,u1_0.email,u1_0.name,u1_0.password,u1_0.role from users u1_0 where u1_0.email=?
Hibernate: select u1_0.id,u1_0.active,u1_0.email,u1_0.name,u1_0.password,u1_0.role from users u1_0 where u1_0.email=?
2026-06-01T17:25:06.347+02:00 DEBUG 21776 --- [demo] [nio-8080-exec-8] o.s.web.servlet.DispatcherServlet        : PUT "/api/meetings/1008/tasks/2", parameters={}
2026-06-01T17:25:06.546+02:00 DEBUG 21776 --- [demo] [nio-8080-exec-8] s.w.s.m.m.a.RequestMappingHandlerMapping : Mapped to com.example.demo.controller.TaskController#update(Long, Long, TaskRequest)
2026-06-01T17:25:06.867+02:00 DEBUG 21776 --- [demo] [nio-8080-exec-8] m.m.a.RequestResponseBodyMethodProcessor : Read "application/json;charset=UTF-8" to [TaskRequest(title=null, status=COMPLETED)]
2026-06-01T17:25:07.209+02:00 DEBUG 21776 --- [demo] [nio-8080-exec-8] .m.m.a.ExceptionHandlerExceptionResolver : Using @ExceptionHandler com.example.demo.exception.GlobalExceptionHandler#handleValidation(MethodArgumentNotValidException, HttpServletRequest)
2026-06-01T17:25:07.728+02:00 DEBUG 21776 --- [demo] [nio-8080-exec-8] o.s.w.s.m.m.a.HttpEntityMethodProcessor  : Using 'application/json', given [application/json, text/plain, */*] and supported [application/json, application/*+json]
2026-06-01T17:25:07.735+02:00 DEBUG 21776 --- [demo] [nio-8080-exec-8] o.s.w.s.m.m.a.HttpEntityMethodProcessor  : Writing [ErrorResponse(status=400, error=Validation Failed, message=Title is required, path=/api/meetings/100 (truncated)...]
2026-06-01T17:25:07.740+02:00 DEBUG 21776 --- [demo] [nio-8080-exec-8] .m.m.a.ExceptionHandlerExceptionResolver : Resolved [org.springframework.web.bind.MethodArgumentNotValidException: Validation failed for argument [2] in public org.springframework.http.ResponseEntity<com.example.demo.dto.task.TaskResponse> com.example.demo.controller.TaskController.update(java.lang.Long,java.lang.Long,com.example.demo.dto.task.TaskRequest): [Field error in object 'taskRequest' on field 'title': rejected value [null]; codes [NotBlank.taskRequest.title,NotBlank.title,NotBlank.java.lang.String,NotBlank]; arguments [org.springframework.context.support.DefaultMessageSourceResolvable: codes [taskRequest.title,title]; arguments []; default message [title]]; default message [Title is required]] ]
2026-06-01T17:25:07.746+02:00 DEBUG 21776 --- [demo] [nio-8080-exec-8] o.s.web.servlet.DispatcherServlet        : Completed 400 BAD_REQUEST
2026-06-01T17:25:08.243+02:00 DEBUG 21776 --- [demo] [nio-8080-exec-5] org.hibernate.SQL                        : select u1_0.id,u1_0.active,u1_0.email,u1_0.name,u1_0.password,u1_0.role from users u1_0 where u1_0.email=?
Hibernate: select u1_0.id,u1_0.active,u1_0.email,u1_0.name,u1_0.password,u1_0.role from users u1_0 where u1_0.email=?
2026-06-01T17:25:08.246+02:00 DEBUG 21776 --- [demo] [nio-8080-exec-5] o.s.web.servlet.DispatcherServlet        : PUT "/api/meetings/1008/tasks/2", parameters={}
2026-06-01T17:25:08.247+02:00 DEBUG 21776 --- [demo] [nio-8080-exec-5] s.w.s.m.m.a.RequestMappingHandlerMapping : Mapped to com.example.demo.controller.TaskController#update(Long, Long, TaskRequest)
2026-06-01T17:25:08.248+02:00 DEBUG 21776 --- [demo] [nio-8080-exec-5] m.m.a.RequestResponseBodyMethodProcessor : Read "application/json;charset=UTF-8" to [TaskRequest(title=null, status=COMPLETED)]
2026-06-01T17:25:08.248+02:00 DEBUG 21776 --- [demo] [nio-8080-exec-5] .m.m.a.ExceptionHandlerExceptionResolver : Using @ExceptionHandler com.example.demo.exception.GlobalExceptionHandler#handleValidation(MethodArgumentNotValidException, HttpServletRequest)
2026-06-01T17:25:08.249+02:00 DEBUG 21776 --- [demo] [nio-8080-exec-5] o.s.w.s.m.m.a.HttpEntityMethodProcessor  : Using 'application/json', given [application/json, text/plain, */*] and supported [application/json, application/*+json]
2026-06-01T17:25:08.250+02:00 DEBUG 21776 --- [demo] [nio-8080-exec-5] o.s.w.s.m.m.a.HttpEntityMethodProcessor  : Writing [ErrorResponse(status=400, error=Validation Failed, message=Title is required, path=/api/meetings/100 (truncated)...]
2026-06-01T17:25:08.250+02:00 DEBUG 21776 --- [demo] [nio-8080-exec-5] .m.m.a.ExceptionHandlerExceptionResolver : Resolved [org.springframework.web.bind.MethodArgumentNotValidException: Validation failed for argument [2] in public org.springframework.http.ResponseEntity<com.example.demo.dto.task.TaskResponse> com.example.demo.controller.TaskController.update(java.lang.Long,java.lang.Long,com.example.demo.dto.task.TaskRequest): [Field error in object 'taskRequest' on field 'title': rejected value [null]; codes [NotBlank.taskRequest.title,NotBlank.title,NotBlank.java.lang.String,NotBlank]; arguments [org.springframework.context.support.DefaultMessageSourceResolvable: codes [taskRequest.title,title]; arguments []; default message [title]]; default message [Title is required]] ]
2026-06-01T17:25:08.250+02:00 DEBUG 21776 --- [demo] [nio-8080-exec-5] o.s.web.servlet.DispatcherServlet        : Completed 400 BAD_REQUEST
2026-06-01T17:25:20.314+02:00 DEBUG 21776 --- [demo] [nio-8080-exec-2] org.hibernate.SQL                        : select u1_0.id,u1_0.active,u1_0.email,u1_0.name,u1_0.password,u1_0.role from users u1_0 where u1_0.email=?
Hibernate: select u1_0.id,u1_0.active,u1_0.email,u1_0.name,u1_0.password,u1_0.role from users u1_0 where u1_0.email=?
2026-06-01T17:25:20.316+02:00 DEBUG 21776 --- [demo] [nio-8080-exec-2] o.s.web.servlet.DispatcherServlet        : POST "/api/meetings/1008/discussions", parameters={}
2026-06-01T17:25:20.317+02:00 DEBUG 21776 --- [demo] [nio-8080-exec-2] s.w.s.m.m.a.RequestMappingHandlerMapping : Mapped to com.example.demo.controller.DiscussionController#create(Long, DiscussionRequest)
2026-06-01T17:25:20.318+02:00 DEBUG 21776 --- [demo] [nio-8080-exec-2] m.m.a.RequestResponseBodyMethodProcessor : Read "application/json;charset=UTF-8" to [DiscussionRequest(content=salam, speaker=Youssef Bennani, participantId=1002)]
2026-06-01T17:25:20.319+02:00 DEBUG 21776 --- [demo] [nio-8080-exec-2] org.hibernate.SQL                        : select m1_0.id,m1_0.date,m1_0.dependences,m1_0.description,m1_0.discussion,m1_0.end_time,m1_0.objective,m1_0.objet,m1_0.presidente,m1_0.rapporteur,m1_0.recommendation,m1_0.room,m1_0.start_time,m1_0.type from meetings m1_0 where m1_0.id=?
Hibernate: select m1_0.id,m1_0.date,m1_0.dependences,m1_0.description,m1_0.discussion,m1_0.end_time,m1_0.objective,m1_0.objet,m1_0.presidente,m1_0.rapporteur,m1_0.recommendation,m1_0.room,m1_0.start_time,m1_0.type from meetings m1_0 where m1_0.id=?
2026-06-01T17:25:20.368+02:00 DEBUG 21776 --- [demo] [nio-8080-exec-2] org.hibernate.SQL                        : select p1_0.id,p1_0.email,p1_0.first_name,p1_0.last_name,p1_0.phone from participants p1_0 where p1_0.id=?
Hibernate: select p1_0.id,p1_0.email,p1_0.first_name,p1_0.last_name,p1_0.phone from participants p1_0 where p1_0.id=?
2026-06-01T17:25:20.371+02:00 DEBUG 21776 --- [demo] [nio-8080-exec-2] org.hibernate.SQL                        : insert into discussion (content,meeting_id,id_participant,speaker) values (?,?,?,?)
Hibernate: insert into discussion (content,meeting_id,id_participant,speaker) values (?,?,?,?)
2026-06-01T17:25:20.436+02:00 DEBUG 21776 --- [demo] [nio-8080-exec-2] o.s.w.s.m.m.a.HttpEntityMethodProcessor  : Using 'application/json', given [application/json, text/plain, */*] and supported [application/json, application/*+json]
2026-06-01T17:25:20.437+02:00 DEBUG 21776 --- [demo] [nio-8080-exec-2] o.s.w.s.m.m.a.HttpEntityMethodProcessor  : Writing [DiscussionResponse(id=3, content=salam, speaker=Youssef Bennani, participantId=1002, participantName (truncated)...]
2026-06-01T17:25:20.438+02:00 DEBUG 21776 --- [demo] [nio-8080-exec-2] o.s.web.servlet.DispatcherServlet        : Completed 201 CREATED
2026-06-01T17:26:50.980+02:00 DEBUG 21776 --- [demo] [nio-8080-exec-6] org.hibernate.SQL                        : select u1_0.id,u1_0.active,u1_0.email,u1_0.name,u1_0.password,u1_0.role from users u1_0 where u1_0.email=?
Hibernate: select u1_0.id,u1_0.active,u1_0.email,u1_0.name,u1_0.password,u1_0.role from users u1_0 where u1_0.email=?
2026-06-01T17:26:50.983+02:00 DEBUG 21776 --- [demo] [nio-8080-exec-6] o.s.web.servlet.DispatcherServlet        : GET "/api/meetings/1008", parameters={}
2026-06-01T17:26:50.984+02:00 DEBUG 21776 --- [demo] [nio-8080-exec-6] s.w.s.m.m.a.RequestMappingHandlerMapping : Mapped to com.example.demo.controller.MeetingController#findById(Long)
2026-06-01T17:26:50.986+02:00 DEBUG 21776 --- [demo] [nio-8080-exec-6] org.hibernate.SQL                        : select m1_0.id,m1_0.date,m1_0.dependences,m1_0.description,m1_0.discussion,m1_0.end_time,m1_0.objective,m1_0.objet,m1_0.presidente,m1_0.rapporteur,m1_0.recommendation,m1_0.room,m1_0.start_time,m1_0.type from meetings m1_0 where m1_0.id=?
Hibernate: select m1_0.id,m1_0.date,m1_0.dependences,m1_0.description,m1_0.discussion,m1_0.end_time,m1_0.objective,m1_0.objet,m1_0.presidente,m1_0.rapporteur,m1_0.recommendation,m1_0.room,m1_0.start_time,m1_0.type from meetings m1_0 where m1_0.id=?
2026-06-01T17:26:50.987+02:00 DEBUG 21776 --- [demo] [nio-8080-exec-6] org.hibernate.SQL                        : select p1_0.meeting_id,p1_1.id,p1_1.email,p1_1.first_name,p1_1.last_name,p1_1.phone from meeting_participants p1_0 join participants p1_1 on p1_1.id=p1_0.participant_id where p1_0.meeting_id=?
Hibernate: select p1_0.meeting_id,p1_1.id,p1_1.email,p1_1.first_name,p1_1.last_name,p1_1.phone from meeting_participants p1_0 join participants p1_1 on p1_1.id=p1_0.participant_id where p1_0.meeting_id=?
2026-06-01T17:26:50.990+02:00 DEBUG 21776 --- [demo] [nio-8080-exec-6] org.hibernate.SQL                        : select a1_0.meeting_id,a1_1.id,a1_1.description,a1_1.name from meeting_audiences a1_0 join audiences a1_1 on a1_1.id=a1_0.audience_id where a1_0.meeting_id=?
Hibernate: select a1_0.meeting_id,a1_1.id,a1_1.description,a1_1.name from meeting_audiences a1_0 join audiences a1_1 on a1_1.id=a1_0.audience_id where a1_0.meeting_id=?
2026-06-01T17:26:51.021+02:00 DEBUG 21776 --- [demo] [nio-8080-exec-6] org.hibernate.SQL                        : select p1_0.meeting_id,p1_0.id,p1_0.upload_date,p1_0.uploaded_by_id,p1_0.url from photos p1_0 where p1_0.meeting_id=?
Hibernate: select p1_0.meeting_id,p1_0.id,p1_0.upload_date,p1_0.uploaded_by_id,p1_0.url from photos p1_0 where p1_0.meeting_id=?
2026-06-01T17:26:51.023+02:00 DEBUG 21776 --- [demo] [nio-8080-exec-6] org.hibernate.SQL                        : select d1_0.meeting_id,d1_0.id,d1_0.name,d1_0.url from documents d1_0 where d1_0.meeting_id=?
Hibernate: select d1_0.meeting_id,d1_0.id,d1_0.name,d1_0.url from documents d1_0 where d1_0.meeting_id=?
2026-06-01T17:26:51.026+02:00 DEBUG 21776 --- [demo] [nio-8080-exec-6] o.s.w.s.m.m.a.HttpEntityMethodProcessor  : Using 'application/json', given [application/json, text/plain, */*] and supported [application/json, application/*+json]
2026-06-01T17:26:51.252+02:00 DEBUG 21776 --- [demo] [nio-8080-exec-6] o.s.w.s.m.m.a.HttpEntityMethodProcessor  : Writing [MeetingResponse(id=1008, objective=test12, type=coordination, description=test12, date=2026-06-01, s (truncated)...]
2026-06-01T17:26:51.257+02:00 DEBUG 21776 --- [demo] [nio-8080-exec-6] o.s.web.servlet.DispatcherServlet        : Completed 200 OK
2026-06-01T17:26:51.506+02:00 DEBUG 21776 --- [demo] [nio-8080-exec-7] org.hibernate.SQL                        : select u1_0.id,u1_0.active,u1_0.email,u1_0.name,u1_0.password,u1_0.role from users u1_0 where u1_0.email=?
Hibernate: select u1_0.id,u1_0.active,u1_0.email,u1_0.name,u1_0.password,u1_0.role from users u1_0 where u1_0.email=?
2026-06-01T17:26:51.507+02:00 DEBUG 21776 --- [demo] [nio-8080-exec-1] org.hibernate.SQL                        : select u1_0.id,u1_0.active,u1_0.email,u1_0.name,u1_0.password,u1_0.role from users u1_0 where u1_0.email=?
Hibernate: select u1_0.id,u1_0.active,u1_0.email,u1_0.name,u1_0.password,u1_0.role from users u1_0 where u1_0.email=?
2026-06-01T17:26:51.715+02:00 DEBUG 21776 --- [demo] [nio-8080-exec-7] o.s.web.servlet.DispatcherServlet        : GET "/api/meetings/1008", parameters={}
2026-06-01T17:26:52.155+02:00 DEBUG 21776 --- [demo] [nio-8080-exec-7] s.w.s.m.m.a.RequestMappingHandlerMapping : Mapped to com.example.demo.controller.MeetingController#findById(Long)
2026-06-01T17:26:52.158+02:00 DEBUG 21776 --- [demo] [nio-8080-exec-1] o.s.web.servlet.DispatcherServlet        : GET "/api/meetings/1008/tasks", parameters={}
2026-06-01T17:26:52.393+02:00 DEBUG 21776 --- [demo] [nio-8080-exec-1] s.w.s.m.m.a.RequestMappingHandlerMapping : Mapped to com.example.demo.controller.TaskController#findByMeeting(Long)
2026-06-01T17:26:52.398+02:00 DEBUG 21776 --- [demo] [nio-8080-exec-7] org.hibernate.SQL                        : select m1_0.id,m1_0.date,m1_0.dependences,m1_0.description,m1_0.discussion,m1_0.end_time,m1_0.objective,m1_0.objet,m1_0.presidente,m1_0.rapporteur,m1_0.recommendation,m1_0.room,m1_0.start_time,m1_0.type from meetings m1_0 where m1_0.id=?
Hibernate: select m1_0.id,m1_0.date,m1_0.dependences,m1_0.description,m1_0.discussion,m1_0.end_time,m1_0.objective,m1_0.objet,m1_0.presidente,m1_0.rapporteur,m1_0.recommendation,m1_0.room,m1_0.start_time,m1_0.type from meetings m1_0 where m1_0.id=?
2026-06-01T17:26:52.648+02:00 DEBUG 21776 --- [demo] [nio-8080-exec-7] org.hibernate.SQL                        : select p1_0.meeting_id,p1_1.id,p1_1.email,p1_1.first_name,p1_1.last_name,p1_1.phone from meeting_participants p1_0 join participants p1_1 on p1_1.id=p1_0.participant_id where p1_0.meeting_id=?
Hibernate: select p1_0.meeting_id,p1_1.id,p1_1.email,p1_1.first_name,p1_1.last_name,p1_1.phone from meeting_participants p1_0 join participants p1_1 on p1_1.id=p1_0.participant_id where p1_0.meeting_id=?
2026-06-01T17:26:52.649+02:00 DEBUG 21776 --- [demo] [nio-8080-exec-1] org.hibernate.SQL                        : select t1_0.id,t1_0.meeting_id,t1_0.status,t1_0.title from tasks t1_0 where t1_0.meeting_id=?
Hibernate: select t1_0.id,t1_0.meeting_id,t1_0.status,t1_0.title from tasks t1_0 where t1_0.meeting_id=?
2026-06-01T17:26:52.651+02:00 DEBUG 21776 --- [demo] [nio-8080-exec-7] org.hibernate.SQL                        : select a1_0.meeting_id,a1_1.id,a1_1.description,a1_1.name from meeting_audiences a1_0 join audiences a1_1 on a1_1.id=a1_0.audience_id where a1_0.meeting_id=?
Hibernate: select a1_0.meeting_id,a1_1.id,a1_1.description,a1_1.name from meeting_audiences a1_0 join audiences a1_1 on a1_1.id=a1_0.audience_id where a1_0.meeting_id=?
2026-06-01T17:26:52.652+02:00 DEBUG 21776 --- [demo] [nio-8080-exec-1] o.s.w.s.m.m.a.HttpEntityMethodProcessor  : Using 'application/json', given [application/json, text/plain, */*] and supported [application/json, application/*+json]
2026-06-01T17:26:52.652+02:00 DEBUG 21776 --- [demo] [nio-8080-exec-7] org.hibernate.SQL                        : select p1_0.meeting_id,p1_0.id,p1_0.upload_date,p1_0.uploaded_by_id,p1_0.url from photos p1_0 where p1_0.meeting_id=?
Hibernate: select p1_0.meeting_id,p1_0.id,p1_0.upload_date,p1_0.uploaded_by_id,p1_0.url from photos p1_0 where p1_0.meeting_id=?
2026-06-01T17:26:52.653+02:00 DEBUG 21776 --- [demo] [nio-8080-exec-1] o.s.w.s.m.m.a.HttpEntityMethodProcessor  : Writing [[TaskResponse(id=2, title=cc, status=PENDING, meetingId=1008)]]
2026-06-01T17:26:52.654+02:00 DEBUG 21776 --- [demo] [nio-8080-exec-7] org.hibernate.SQL                        : select d1_0.meeting_id,d1_0.id,d1_0.name,d1_0.url from documents d1_0 where d1_0.meeting_id=?
Hibernate: select d1_0.meeting_id,d1_0.id,d1_0.name,d1_0.url from documents d1_0 where d1_0.meeting_id=?
2026-06-01T17:26:52.655+02:00 DEBUG 21776 --- [demo] [nio-8080-exec-1] o.s.web.servlet.DispatcherServlet        : Completed 200 OK
2026-06-01T17:26:52.659+02:00 DEBUG 21776 --- [demo] [nio-8080-exec-7] o.s.w.s.m.m.a.HttpEntityMethodProcessor  : Using 'application/json', given [application/json, text/plain, */*] and supported [application/json, application/*+json]
2026-06-01T17:26:52.661+02:00 DEBUG 21776 --- [demo] [nio-8080-exec-7] o.s.w.s.m.m.a.HttpEntityMethodProcessor  : Writing [MeetingResponse(id=1008, objective=test12, type=coordination, description=test12, date=2026-06-01, s (truncated)...]
2026-06-01T17:26:52.663+02:00 DEBUG 21776 --- [demo] [nio-8080-exec-7] o.s.web.servlet.DispatcherServlet        : Completed 200 OK
2026-06-01T17:26:52.677+02:00 DEBUG 21776 --- [demo] [nio-8080-exec-9] org.hibernate.SQL                        : select u1_0.id,u1_0.active,u1_0.email,u1_0.name,u1_0.password,u1_0.role from users u1_0 where u1_0.email=?
Hibernate: select u1_0.id,u1_0.active,u1_0.email,u1_0.name,u1_0.password,u1_0.role from users u1_0 where u1_0.email=?
2026-06-01T17:26:52.680+02:00 DEBUG 21776 --- [demo] [nio-8080-exec-9] o.s.web.servlet.DispatcherServlet        : GET "/api/meetings/1008/discussions", parameters={}
2026-06-01T17:26:52.681+02:00 DEBUG 21776 --- [demo] [nio-8080-exec-9] s.w.s.m.m.a.RequestMappingHandlerMapping : Mapped to com.example.demo.controller.DiscussionController#findByMeeting(Long)
2026-06-01T17:26:52.682+02:00 DEBUG 21776 --- [demo] [io-8080-exec-10] org.hibernate.SQL                        : select u1_0.id,u1_0.active,u1_0.email,u1_0.name,u1_0.password,u1_0.role from users u1_0 where u1_0.email=?
Hibernate: select u1_0.id,u1_0.active,u1_0.email,u1_0.name,u1_0.password,u1_0.role from users u1_0 where u1_0.email=?
2026-06-01T17:26:52.683+02:00 DEBUG 21776 --- [demo] [nio-8080-exec-9] org.hibernate.SQL                        : select d1_0.id,d1_0.content,d1_0.meeting_id,d1_0.id_participant,d1_0.speaker from discussion d1_0 where d1_0.meeting_id=?
Hibernate: select d1_0.id,d1_0.content,d1_0.meeting_id,d1_0.id_participant,d1_0.speaker from discussion d1_0 where d1_0.meeting_id=?
2026-06-01T17:26:52.685+02:00 DEBUG 21776 --- [demo] [io-8080-exec-10] o.s.web.servlet.DispatcherServlet        : GET "/api/meetings/1008/tasks", parameters={}
2026-06-01T17:26:52.686+02:00 DEBUG 21776 --- [demo] [nio-8080-exec-9] org.hibernate.SQL                        : select p1_0.id,p1_0.email,p1_0.first_name,p1_0.last_name,p1_0.phone from participants p1_0 where p1_0.id=?
Hibernate: select p1_0.id,p1_0.email,p1_0.first_name,p1_0.last_name,p1_0.phone from participants p1_0 where p1_0.id=?
2026-06-01T17:26:52.686+02:00 DEBUG 21776 --- [demo] [io-8080-exec-10] s.w.s.m.m.a.RequestMappingHandlerMapping : Mapped to com.example.demo.controller.TaskController#findByMeeting(Long)
2026-06-01T17:26:52.688+02:00 DEBUG 21776 --- [demo] [nio-8080-exec-9] org.hibernate.SQL                        : select p1_0.id,p1_0.email,p1_0.first_name,p1_0.last_name,p1_0.phone from participants p1_0 where p1_0.id=?
Hibernate: select p1_0.id,p1_0.email,p1_0.first_name,p1_0.last_name,p1_0.phone from participants p1_0 where p1_0.id=?
2026-06-01T17:26:52.689+02:00 DEBUG 21776 --- [demo] [io-8080-exec-10] org.hibernate.SQL                        : select t1_0.id,t1_0.meeting_id,t1_0.status,t1_0.title from tasks t1_0 where t1_0.meeting_id=?
Hibernate: select t1_0.id,t1_0.meeting_id,t1_0.status,t1_0.title from tasks t1_0 where t1_0.meeting_id=?
2026-06-01T17:26:52.690+02:00 DEBUG 21776 --- [demo] [nio-8080-exec-9] o.s.w.s.m.m.a.HttpEntityMethodProcessor  : Using 'application/json', given [application/json, text/plain, */*] and supported [application/json, application/*+json]
2026-06-01T17:26:52.691+02:00 DEBUG 21776 --- [demo] [nio-8080-exec-9] o.s.w.s.m.m.a.HttpEntityMethodProcessor  : Writing [[DiscussionResponse(id=1, content=hey guys, speaker=Youssef Bennani, participantId=1002, participant (truncated)...]
2026-06-01T17:26:52.691+02:00 DEBUG 21776 --- [demo] [io-8080-exec-10] o.s.w.s.m.m.a.HttpEntityMethodProcessor  : Using 'application/json', given [application/json, text/plain, */*] and supported [application/json, application/*+json]
2026-06-01T17:26:52.692+02:00 DEBUG 21776 --- [demo] [nio-8080-exec-9] o.s.web.servlet.DispatcherServlet        : Completed 200 OK
2026-06-01T17:26:52.692+02:00 DEBUG 21776 --- [demo] [io-8080-exec-10] o.s.w.s.m.m.a.HttpEntityMethodProcessor  : Writing [[TaskResponse(id=2, title=cc, status=PENDING, meetingId=1008)]]
2026-06-01T17:26:52.694+02:00 DEBUG 21776 --- [demo] [io-8080-exec-10] o.s.web.servlet.DispatcherServlet        : Completed 200 OK
2026-06-01T17:26:52.705+02:00 DEBUG 21776 --- [demo] [nio-8080-exec-4] org.hibernate.SQL                        : select u1_0.id,u1_0.active,u1_0.email,u1_0.name,u1_0.password,u1_0.role from users u1_0 where u1_0.email=?
Hibernate: select u1_0.id,u1_0.active,u1_0.email,u1_0.name,u1_0.password,u1_0.role from users u1_0 where u1_0.email=?
2026-06-01T17:26:52.708+02:00 DEBUG 21776 --- [demo] [nio-8080-exec-4] o.s.web.servlet.DispatcherServlet        : GET "/api/meetings/1008/discussions", parameters={}
2026-06-01T17:26:52.709+02:00 DEBUG 21776 --- [demo] [nio-8080-exec-4] s.w.s.m.m.a.RequestMappingHandlerMapping : Mapped to com.example.demo.controller.DiscussionController#findByMeeting(Long)
2026-06-01T17:26:52.711+02:00 DEBUG 21776 --- [demo] [nio-8080-exec-4] org.hibernate.SQL                        : select d1_0.id,d1_0.content,d1_0.meeting_id,d1_0.id_participant,d1_0.speaker from discussion d1_0 where d1_0.meeting_id=?
Hibernate: select d1_0.id,d1_0.content,d1_0.meeting_id,d1_0.id_participant,d1_0.speaker from discussion d1_0 where d1_0.meeting_id=?
2026-06-01T17:26:52.713+02:00 DEBUG 21776 --- [demo] [nio-8080-exec-4] org.hibernate.SQL                        : select p1_0.id,p1_0.email,p1_0.first_name,p1_0.last_name,p1_0.phone from participants p1_0 where p1_0.id=?
Hibernate: select p1_0.id,p1_0.email,p1_0.first_name,p1_0.last_name,p1_0.phone from participants p1_0 where p1_0.id=?
2026-06-01T17:26:52.714+02:00 DEBUG 21776 --- [demo] [nio-8080-exec-4] org.hibernate.SQL                        : select p1_0.id,p1_0.email,p1_0.first_name,p1_0.last_name,p1_0.phone from participants p1_0 where p1_0.id=?
Hibernate: select p1_0.id,p1_0.email,p1_0.first_name,p1_0.last_name,p1_0.phone from participants p1_0 where p1_0.id=?
2026-06-01T17:26:52.715+02:00 DEBUG 21776 --- [demo] [nio-8080-exec-4] o.s.w.s.m.m.a.HttpEntityMethodProcessor  : Using 'application/json', given [application/json, text/plain, */*] and supported [application/json, application/*+json]
2026-06-01T17:26:52.717+02:00 DEBUG 21776 --- [demo] [nio-8080-exec-4] o.s.w.s.m.m.a.HttpEntityMethodProcessor  : Writing [[DiscussionResponse(id=1, content=hey guys, speaker=Youssef Bennani, participantId=1002, participant (truncated)...]
2026-06-01T17:26:52.718+02:00 DEBUG 21776 --- [demo] [nio-8080-exec-4] o.s.web.servlet.DispatcherServlet        : Completed 200 OK
2026-06-01T17:27:02.604+02:00 DEBUG 21776 --- [demo] [nio-8080-exec-5] org.hibernate.SQL                        : select u1_0.id,u1_0.active,u1_0.email,u1_0.name,u1_0.password,u1_0.role from users u1_0 where u1_0.email=?
Hibernate: select u1_0.id,u1_0.active,u1_0.email,u1_0.name,u1_0.password,u1_0.role from users u1_0 where u1_0.email=?
2026-06-01T17:27:02.605+02:00 DEBUG 21776 --- [demo] [nio-8080-exec-3] org.hibernate.SQL                        : select u1_0.id,u1_0.active,u1_0.email,u1_0.name,u1_0.password,u1_0.role from users u1_0 where u1_0.email=?
Hibernate: select u1_0.id,u1_0.active,u1_0.email,u1_0.name,u1_0.password,u1_0.role from users u1_0 where u1_0.email=?
2026-06-01T17:27:02.605+02:00 DEBUG 21776 --- [demo] [nio-8080-exec-8] org.hibernate.SQL                        : select u1_0.id,u1_0.active,u1_0.email,u1_0.name,u1_0.password,u1_0.role from users u1_0 where u1_0.email=?
Hibernate: select u1_0.id,u1_0.active,u1_0.email,u1_0.name,u1_0.password,u1_0.role from users u1_0 where u1_0.email=?
2026-06-01T17:27:02.607+02:00 DEBUG 21776 --- [demo] [nio-8080-exec-5] o.s.web.servlet.DispatcherServlet        : GET "/api/meetings/1008/discussions", parameters={}
2026-06-01T17:27:02.607+02:00 DEBUG 21776 --- [demo] [nio-8080-exec-3] o.s.web.servlet.DispatcherServlet        : GET "/api/meetings/1008", parameters={}
2026-06-01T17:27:02.608+02:00 DEBUG 21776 --- [demo] [nio-8080-exec-5] s.w.s.m.m.a.RequestMappingHandlerMapping : Mapped to com.example.demo.controller.DiscussionController#findByMeeting(Long)
2026-06-01T17:27:02.608+02:00 DEBUG 21776 --- [demo] [nio-8080-exec-8] o.s.web.servlet.DispatcherServlet        : GET "/api/meetings/1008/tasks", parameters={}
2026-06-01T17:27:02.679+02:00 DEBUG 21776 --- [demo] [nio-8080-exec-3] s.w.s.m.m.a.RequestMappingHandlerMapping : Mapped to com.example.demo.controller.MeetingController#findById(Long)
2026-06-01T17:27:02.681+02:00 DEBUG 21776 --- [demo] [nio-8080-exec-8] s.w.s.m.m.a.RequestMappingHandlerMapping : Mapped to com.example.demo.controller.TaskController#findByMeeting(Long)
2026-06-01T17:27:02.682+02:00 DEBUG 21776 --- [demo] [nio-8080-exec-5] org.hibernate.SQL                        : select d1_0.id,d1_0.content,d1_0.meeting_id,d1_0.id_participant,d1_0.speaker from discussion d1_0 where d1_0.meeting_id=?
2026-06-01T17:27:02.682+02:00 DEBUG 21776 --- [demo] [nio-8080-exec-3] org.hibernate.SQL                        : select m1_0.id,m1_0.date,m1_0.dependences,m1_0.description,m1_0.discussion,m1_0.end_time,m1_0.objective,m1_0.objet,m1_0.presidente,m1_0.rapporteur,m1_0.recommendation,m1_0.room,m1_0.start_time,m1_0.type from meetings m1_0 where m1_0.id=?
Hibernate: select m1_0.id,m1_0.date,m1_0.dependences,m1_0.description,m1_0.discussion,m1_0.end_time,m1_0.objective,m1_0.objet,m1_0.presidente,m1_0.rapporteur,m1_0.recommendation,m1_0.room,m1_0.start_time,m1_0.type from meetings m1_0 where m1_0.id=?
Hibernate: select d1_0.id,d1_0.content,d1_0.meeting_id,d1_0.id_participant,d1_0.speaker from discussion d1_0 where d1_0.meeting_id=?
2026-06-01T17:27:02.683+02:00 DEBUG 21776 --- [demo] [nio-8080-exec-8] org.hibernate.SQL                        : select t1_0.id,t1_0.meeting_id,t1_0.status,t1_0.title from tasks t1_0 where t1_0.meeting_id=?
Hibernate: select t1_0.id,t1_0.meeting_id,t1_0.status,t1_0.title from tasks t1_0 where t1_0.meeting_id=?
2026-06-01T17:27:02.684+02:00 DEBUG 21776 --- [demo] [nio-8080-exec-3] org.hibernate.SQL                        : select p1_0.meeting_id,p1_1.id,p1_1.email,p1_1.first_name,p1_1.last_name,p1_1.phone from meeting_participants p1_0 join participants p1_1 on p1_1.id=p1_0.participant_id where p1_0.meeting_id=?
Hibernate: select p1_0.meeting_id,p1_1.id,p1_1.email,p1_1.first_name,p1_1.last_name,p1_1.phone from meeting_participants p1_0 join participants p1_1 on p1_1.id=p1_0.participant_id where p1_0.meeting_id=?
2026-06-01T17:27:02.684+02:00 DEBUG 21776 --- [demo] [nio-8080-exec-5] org.hibernate.SQL                        : select p1_0.id,p1_0.email,p1_0.first_name,p1_0.last_name,p1_0.phone from participants p1_0 where p1_0.id=?
Hibernate: select p1_0.id,p1_0.email,p1_0.first_name,p1_0.last_name,p1_0.phone from participants p1_0 where p1_0.id=?
2026-06-01T17:27:02.685+02:00 DEBUG 21776 --- [demo] [nio-8080-exec-3] org.hibernate.SQL                        : select a1_0.meeting_id,a1_1.id,a1_1.description,a1_1.name from meeting_audiences a1_0 join audiences a1_1 on a1_1.id=a1_0.audience_id where a1_0.meeting_id=?
Hibernate: select a1_0.meeting_id,a1_1.id,a1_1.description,a1_1.name from meeting_audiences a1_0 join audiences a1_1 on a1_1.id=a1_0.audience_id where a1_0.meeting_id=?
2026-06-01T17:27:02.686+02:00 DEBUG 21776 --- [demo] [nio-8080-exec-8] o.s.w.s.m.m.a.HttpEntityMethodProcessor  : Using 'application/json', given [application/json, text/plain, */*] and supported [application/json, application/*+json]
2026-06-01T17:27:02.686+02:00 DEBUG 21776 --- [demo] [nio-8080-exec-5] org.hibernate.SQL                        : select p1_0.id,p1_0.email,p1_0.first_name,p1_0.last_name,p1_0.phone from participants p1_0 where p1_0.id=?
Hibernate: select p1_0.id,p1_0.email,p1_0.first_name,p1_0.last_name,p1_0.phone from participants p1_0 where p1_0.id=?
2026-06-01T17:27:02.687+02:00 DEBUG 21776 --- [demo] [nio-8080-exec-3] org.hibernate.SQL                        : select p1_0.meeting_id,p1_0.id,p1_0.upload_date,p1_0.uploaded_by_id,p1_0.url from photos p1_0 where p1_0.meeting_id=?
Hibernate: select p1_0.meeting_id,p1_0.id,p1_0.upload_date,p1_0.uploaded_by_id,p1_0.url from photos p1_0 where p1_0.meeting_id=?
2026-06-01T17:27:02.687+02:00 DEBUG 21776 --- [demo] [nio-8080-exec-8] o.s.w.s.m.m.a.HttpEntityMethodProcessor  : Writing [[TaskResponse(id=2, title=cc, status=PENDING, meetingId=1008)]]
2026-06-01T17:27:02.687+02:00 DEBUG 21776 --- [demo] [nio-8080-exec-3] org.hibernate.SQL                        : select d1_0.meeting_id,d1_0.id,d1_0.name,d1_0.url from documents d1_0 where d1_0.meeting_id=?
Hibernate: select d1_0.meeting_id,d1_0.id,d1_0.name,d1_0.url from documents d1_0 where d1_0.meeting_id=?
2026-06-01T17:27:02.689+02:00 DEBUG 21776 --- [demo] [nio-8080-exec-5] o.s.w.s.m.m.a.HttpEntityMethodProcessor  : Using 'application/json', given [application/json, text/plain, */*] and supported [application/json, application/*+json]
2026-06-01T17:27:02.689+02:00 DEBUG 21776 --- [demo] [nio-8080-exec-8] o.s.web.servlet.DispatcherServlet        : Completed 200 OK
2026-06-01T17:27:02.689+02:00 DEBUG 21776 --- [demo] [nio-8080-exec-5] o.s.w.s.m.m.a.HttpEntityMethodProcessor  : Writing [[DiscussionResponse(id=1, content=hey guys, speaker=Youssef Bennani, participantId=1002, participant (truncated)...]
2026-06-01T17:27:02.690+02:00 DEBUG 21776 --- [demo] [nio-8080-exec-3] o.s.w.s.m.m.a.HttpEntityMethodProcessor  : Using 'application/json', given [application/json, text/plain, */*] and supported [application/json, application/*+json]
2026-06-01T17:27:02.690+02:00 DEBUG 21776 --- [demo] [nio-8080-exec-5] o.s.web.servlet.DispatcherServlet        : Completed 200 OK
2026-06-01T17:27:02.691+02:00 DEBUG 21776 --- [demo] [nio-8080-exec-3] o.s.w.s.m.m.a.HttpEntityMethodProcessor  : Writing [MeetingResponse(id=1008, objective=test12, type=coordination, description=test12, date=2026-06-01, s (truncated)...]
2026-06-01T17:27:02.693+02:00 DEBUG 21776 --- [demo] [nio-8080-exec-3] o.s.web.servlet.DispatcherServlet        : Completed 200 OK
2026-06-01T17:27:02.702+02:00 DEBUG 21776 --- [demo] [nio-8080-exec-1] org.hibernate.SQL                        : select u1_0.id,u1_0.active,u1_0.email,u1_0.name,u1_0.password,u1_0.role from users u1_0 where u1_0.email=?
Hibernate: select u1_0.id,u1_0.active,u1_0.email,u1_0.name,u1_0.password,u1_0.role from users u1_0 where u1_0.email=?
2026-06-01T17:27:02.702+02:00 DEBUG 21776 --- [demo] [nio-8080-exec-6] org.hibernate.SQL                        : select u1_0.id,u1_0.active,u1_0.email,u1_0.name,u1_0.password,u1_0.role from users u1_0 where u1_0.email=?
Hibernate: select u1_0.id,u1_0.active,u1_0.email,u1_0.name,u1_0.password,u1_0.role from users u1_0 where u1_0.email=?
2026-06-01T17:27:02.702+02:00 DEBUG 21776 --- [demo] [nio-8080-exec-2] org.hibernate.SQL                        : select u1_0.id,u1_0.active,u1_0.email,u1_0.name,u1_0.password,u1_0.role from users u1_0 where u1_0.email=?
Hibernate: select u1_0.id,u1_0.active,u1_0.email,u1_0.name,u1_0.password,u1_0.role from users u1_0 where u1_0.email=?
2026-06-01T17:27:02.705+02:00 DEBUG 21776 --- [demo] [nio-8080-exec-1] o.s.web.servlet.DispatcherServlet        : GET "/api/meetings/1008", parameters={}
2026-06-01T17:27:02.706+02:00 DEBUG 21776 --- [demo] [nio-8080-exec-1] s.w.s.m.m.a.RequestMappingHandlerMapping : Mapped to com.example.demo.controller.MeetingController#findById(Long)
2026-06-01T17:27:02.705+02:00 DEBUG 21776 --- [demo] [nio-8080-exec-6] o.s.web.servlet.DispatcherServlet        : GET "/api/meetings/1008/discussions", parameters={}
2026-06-01T17:27:02.707+02:00 DEBUG 21776 --- [demo] [nio-8080-exec-2] o.s.web.servlet.DispatcherServlet        : GET "/api/meetings/1008/tasks", parameters={}
2026-06-01T17:27:02.708+02:00 DEBUG 21776 --- [demo] [nio-8080-exec-1] org.hibernate.SQL                        : select m1_0.id,m1_0.date,m1_0.dependences,m1_0.description,m1_0.discussion,m1_0.end_time,m1_0.objective,m1_0.objet,m1_0.presidente,m1_0.rapporteur,m1_0.recommendation,m1_0.room,m1_0.start_time,m1_0.type from meetings m1_0 where m1_0.id=?
Hibernate: select m1_0.id,m1_0.date,m1_0.dependences,m1_0.description,m1_0.discussion,m1_0.end_time,m1_0.objective,m1_0.objet,m1_0.presidente,m1_0.rapporteur,m1_0.recommendation,m1_0.room,m1_0.start_time,m1_0.type from meetings m1_0 where m1_0.id=?
2026-06-01T17:27:02.708+02:00 DEBUG 21776 --- [demo] [nio-8080-exec-6] s.w.s.m.m.a.RequestMappingHandlerMapping : Mapped to com.example.demo.controller.DiscussionController#findByMeeting(Long)
2026-06-01T17:27:02.708+02:00 DEBUG 21776 --- [demo] [nio-8080-exec-2] s.w.s.m.m.a.RequestMappingHandlerMapping : Mapped to com.example.demo.controller.TaskController#findByMeeting(Long)
2026-06-01T17:27:02.709+02:00 DEBUG 21776 --- [demo] [nio-8080-exec-1] org.hibernate.SQL                        : select p1_0.meeting_id,p1_1.id,p1_1.email,p1_1.first_name,p1_1.last_name,p1_1.phone from meeting_participants p1_0 join participants p1_1 on p1_1.id=p1_0.participant_id where p1_0.meeting_id=?
Hibernate: select p1_0.meeting_id,p1_1.id,p1_1.email,p1_1.first_name,p1_1.last_name,p1_1.phone from meeting_participants p1_0 join participants p1_1 on p1_1.id=p1_0.participant_id where p1_0.meeting_id=?
2026-06-01T17:27:02.711+02:00 DEBUG 21776 --- [demo] [nio-8080-exec-2] org.hibernate.SQL                        : select t1_0.id,t1_0.meeting_id,t1_0.status,t1_0.title from tasks t1_0 where t1_0.meeting_id=?
Hibernate: select t1_0.id,t1_0.meeting_id,t1_0.status,t1_0.title from tasks t1_0 where t1_0.meeting_id=?
2026-06-01T17:27:02.711+02:00 DEBUG 21776 --- [demo] [nio-8080-exec-6] org.hibernate.SQL                        : select d1_0.id,d1_0.content,d1_0.meeting_id,d1_0.id_participant,d1_0.speaker from discussion d1_0 where d1_0.meeting_id=?
Hibernate: select d1_0.id,d1_0.content,d1_0.meeting_id,d1_0.id_participant,d1_0.speaker from discussion d1_0 where d1_0.meeting_id=?
2026-06-01T17:27:02.712+02:00 DEBUG 21776 --- [demo] [nio-8080-exec-1] org.hibernate.SQL                        : select a1_0.meeting_id,a1_1.id,a1_1.description,a1_1.name from meeting_audiences a1_0 join audiences a1_1 on a1_1.id=a1_0.audience_id where a1_0.meeting_id=?
Hibernate: select a1_0.meeting_id,a1_1.id,a1_1.description,a1_1.name from meeting_audiences a1_0 join audiences a1_1 on a1_1.id=a1_0.audience_id where a1_0.meeting_id=?
2026-06-01T17:27:02.714+02:00 DEBUG 21776 --- [demo] [nio-8080-exec-2] o.s.w.s.m.m.a.HttpEntityMethodProcessor  : Using 'application/json', given [application/json, text/plain, */*] and supported [application/json, application/*+json]
2026-06-01T17:27:02.714+02:00 DEBUG 21776 --- [demo] [nio-8080-exec-1] org.hibernate.SQL                        : select p1_0.meeting_id,p1_0.id,p1_0.upload_date,p1_0.uploaded_by_id,p1_0.url from photos p1_0 where p1_0.meeting_id=?
Hibernate: select p1_0.meeting_id,p1_0.id,p1_0.upload_date,p1_0.uploaded_by_id,p1_0.url from photos p1_0 where p1_0.meeting_id=?
2026-06-01T17:27:02.714+02:00 DEBUG 21776 --- [demo] [nio-8080-exec-6] org.hibernate.SQL                        : select p1_0.id,p1_0.email,p1_0.first_name,p1_0.last_name,p1_0.phone from participants p1_0 where p1_0.id=?
Hibernate: select p1_0.id,p1_0.email,p1_0.first_name,p1_0.last_name,p1_0.phone from participants p1_0 where p1_0.id=?
2026-06-01T17:27:02.714+02:00 DEBUG 21776 --- [demo] [nio-8080-exec-2] o.s.w.s.m.m.a.HttpEntityMethodProcessor  : Writing [[TaskResponse(id=2, title=cc, status=PENDING, meetingId=1008)]]
2026-06-01T17:27:02.716+02:00 DEBUG 21776 --- [demo] [nio-8080-exec-6] org.hibernate.SQL                        : select p1_0.id,p1_0.email,p1_0.first_name,p1_0.last_name,p1_0.phone from participants p1_0 where p1_0.id=?
Hibernate: select p1_0.id,p1_0.email,p1_0.first_name,p1_0.last_name,p1_0.phone from participants p1_0 where p1_0.id=?
2026-06-01T17:27:02.715+02:00 DEBUG 21776 --- [demo] [nio-8080-exec-1] org.hibernate.SQL                        : select d1_0.meeting_id,d1_0.id,d1_0.name,d1_0.url from documents d1_0 where d1_0.meeting_id=?
Hibernate: select d1_0.meeting_id,d1_0.id,d1_0.name,d1_0.url from documents d1_0 where d1_0.meeting_id=?
2026-06-01T17:27:02.717+02:00 DEBUG 21776 --- [demo] [nio-8080-exec-2] o.s.web.servlet.DispatcherServlet        : Completed 200 OK
2026-06-01T17:27:02.719+02:00 DEBUG 21776 --- [demo] [nio-8080-exec-6] o.s.w.s.m.m.a.HttpEntityMethodProcessor  : Using 'application/json', given [application/json, text/plain, */*] and supported [application/json, application/*+json]
2026-06-01T17:27:02.719+02:00 DEBUG 21776 --- [demo] [nio-8080-exec-1] o.s.w.s.m.m.a.HttpEntityMethodProcessor  : Using 'application/json', given [application/json, text/plain, */*] and supported [application/json, application/*+json]
2026-06-01T17:27:02.719+02:00 DEBUG 21776 --- [demo] [nio-8080-exec-6] o.s.w.s.m.m.a.HttpEntityMethodProcessor  : Writing [[DiscussionResponse(id=1, content=hey guys, speaker=Youssef Bennani, participantId=1002, participant (truncated)...]
2026-06-01T17:27:02.720+02:00 DEBUG 21776 --- [demo] [nio-8080-exec-1] o.s.w.s.m.m.a.HttpEntityMethodProcessor  : Writing [MeetingResponse(id=1008, objective=test12, type=coordination, description=test12, date=2026-06-01, s (truncated)...]
2026-06-01T17:27:02.720+02:00 DEBUG 21776 --- [demo] [nio-8080-exec-6] o.s.web.servlet.DispatcherServlet        : Completed 200 OK
2026-06-01T17:27:02.720+02:00 DEBUG 21776 --- [demo] [nio-8080-exec-1] o.s.web.servlet.DispatcherServlet        : Completed 200 OK
2026-06-01T17:30:52.541+02:00 DEBUG 21776 --- [demo] [nio-8080-exec-7] org.hibernate.SQL                        : select u1_0.id,u1_0.active,u1_0.email,u1_0.name,u1_0.password,u1_0.role from users u1_0 where u1_0.email=?
Hibernate: select u1_0.id,u1_0.active,u1_0.email,u1_0.name,u1_0.password,u1_0.role from users u1_0 where u1_0.email=?
2026-06-01T17:30:52.544+02:00 DEBUG 21776 --- [demo] [nio-8080-exec-7] o.s.web.servlet.DispatcherServlet        : DELETE "/api/meetings/1008", parameters={}
2026-06-01T17:30:52.544+02:00 DEBUG 21776 --- [demo] [nio-8080-exec-7] s.w.s.m.m.a.RequestMappingHandlerMapping : Mapped to com.example.demo.controller.MeetingController#delete(Long)
2026-06-01T17:30:52.546+02:00 DEBUG 21776 --- [demo] [nio-8080-exec-7] org.hibernate.SQL                        : select m1_0.id,m1_0.date,m1_0.dependences,m1_0.description,m1_0.discussion,m1_0.end_time,m1_0.objective,m1_0.objet,m1_0.presidente,m1_0.rapporteur,m1_0.recommendation,m1_0.room,m1_0.start_time,m1_0.type from meetings m1_0 where m1_0.id=?
Hibernate: select m1_0.id,m1_0.date,m1_0.dependences,m1_0.description,m1_0.discussion,m1_0.end_time,m1_0.objective,m1_0.objet,m1_0.presidente,m1_0.rapporteur,m1_0.recommendation,m1_0.room,m1_0.start_time,m1_0.type from meetings m1_0 where m1_0.id=?
2026-06-01T17:30:52.548+02:00 DEBUG 21776 --- [demo] [nio-8080-exec-7] org.hibernate.SQL                        : select p1_0.meeting_id,p1_1.id,p1_1.email,p1_1.first_name,p1_1.last_name,p1_1.phone from meeting_participants p1_0 join participants p1_1 on p1_1.id=p1_0.participant_id where p1_0.meeting_id=?
Hibernate: select p1_0.meeting_id,p1_1.id,p1_1.email,p1_1.first_name,p1_1.last_name,p1_1.phone from meeting_participants p1_0 join participants p1_1 on p1_1.id=p1_0.participant_id where p1_0.meeting_id=?
2026-06-01T17:30:52.549+02:00 DEBUG 21776 --- [demo] [nio-8080-exec-7] org.hibernate.SQL                        : select a1_0.meeting_id,a1_1.id,a1_1.description,a1_1.name from meeting_audiences a1_0 join audiences a1_1 on a1_1.id=a1_0.audience_id where a1_0.meeting_id=?
Hibernate: select a1_0.meeting_id,a1_1.id,a1_1.description,a1_1.name from meeting_audiences a1_0 join audiences a1_1 on a1_1.id=a1_0.audience_id where a1_0.meeting_id=?
2026-06-01T17:30:52.551+02:00 DEBUG 21776 --- [demo] [nio-8080-exec-7] org.hibernate.SQL                        : select p1_0.meeting_id,p1_0.id,p1_0.upload_date,p1_0.uploaded_by_id,p1_0.url from photos p1_0 where p1_0.meeting_id=?
Hibernate: select p1_0.meeting_id,p1_0.id,p1_0.upload_date,p1_0.uploaded_by_id,p1_0.url from photos p1_0 where p1_0.meeting_id=?
2026-06-01T17:30:52.551+02:00 DEBUG 21776 --- [demo] [nio-8080-exec-7] org.hibernate.SQL                        : select d1_0.meeting_id,d1_0.id,d1_0.name,d1_0.url from documents d1_0 where d1_0.meeting_id=?
Hibernate: select d1_0.meeting_id,d1_0.id,d1_0.name,d1_0.url from documents d1_0 where d1_0.meeting_id=?
2026-06-01T17:30:52.553+02:00 DEBUG 21776 --- [demo] [nio-8080-exec-7] org.hibernate.SQL                        : insert into historique (date,deleted_at,dependences,description,discussion,duration_minutes,end_time,meeting_id,objective,objet,presidente,rapporteur,recommendation,room,start_time,type) values (?,?,?,?,?,?,?,?,?,?,?,?,?,?,?,?)
Hibernate: insert into historique (date,deleted_at,dependences,description,discussion,duration_minutes,end_time,meeting_id,objective,objet,presidente,rapporteur,recommendation,room,start_time,type) values (?,?,?,?,?,?,?,?,?,?,?,?,?,?,?,?)
2026-06-01T17:30:52.559+02:00 DEBUG 21776 --- [demo] [nio-8080-exec-7] org.hibernate.SQL                        : select d1_0.meeting_id,d1_0.id,d1_0.content,d1_0.id_participant,d1_0.speaker from discussion d1_0 where d1_0.meeting_id=?
Hibernate: select d1_0.meeting_id,d1_0.id,d1_0.content,d1_0.id_participant,d1_0.speaker from discussion d1_0 where d1_0.meeting_id=?
2026-06-01T17:30:52.563+02:00 DEBUG 21776 --- [demo] [nio-8080-exec-7] org.hibernate.SQL                        : select t1_0.meeting_id,t1_0.id,t1_0.status,t1_0.title from tasks t1_0 where t1_0.meeting_id=?
Hibernate: select t1_0.meeting_id,t1_0.id,t1_0.status,t1_0.title from tasks t1_0 where t1_0.meeting_id=?
2026-06-01T17:30:52.567+02:00 DEBUG 21776 --- [demo] [nio-8080-exec-7] org.hibernate.SQL                        : delete from meeting_participants where meeting_id=?
Hibernate: delete from meeting_participants where meeting_id=?
2026-06-01T17:30:52.569+02:00 DEBUG 21776 --- [demo] [nio-8080-exec-7] org.hibernate.SQL                        : delete from discussion where id=?
Hibernate: delete from discussion where id=?
2026-06-01T17:30:52.574+02:00 DEBUG 21776 --- [demo] [nio-8080-exec-7] org.hibernate.SQL                        : delete from discussion where id=?
Hibernate: delete from discussion where id=?
2026-06-01T17:30:52.575+02:00 DEBUG 21776 --- [demo] [nio-8080-exec-7] org.hibernate.SQL                        : delete from discussion where id=?
Hibernate: delete from discussion where id=?
2026-06-01T17:30:52.576+02:00 DEBUG 21776 --- [demo] [nio-8080-exec-7] org.hibernate.SQL                        : delete from documents where id=?
Hibernate: delete from documents where id=?
2026-06-01T17:30:52.578+02:00 DEBUG 21776 --- [demo] [nio-8080-exec-7] org.hibernate.SQL                        : delete from tasks where id=?
Hibernate: delete from tasks where id=?
2026-06-01T17:30:52.579+02:00 DEBUG 21776 --- [demo] [nio-8080-exec-7] org.hibernate.SQL                        : delete from meetings where id=?
Hibernate: delete from meetings where id=?
2026-06-01T17:30:52.586+02:00 DEBUG 21776 --- [demo] [nio-8080-exec-7] o.s.w.s.m.m.a.HttpEntityMethodProcessor  : Using 'application/json', given [application/json, text/plain, */*] and supported [application/json, application/*+json]
2026-06-01T17:30:52.586+02:00 DEBUG 21776 --- [demo] [nio-8080-exec-7] o.s.w.s.m.m.a.HttpEntityMethodProcessor  : Nothing to write: null body
2026-06-01T17:30:52.587+02:00 DEBUG 21776 --- [demo] [nio-8080-exec-7] o.s.web.servlet.DispatcherServlet        : Completed 204 NO_CONTENT
2026-06-01T17:30:53.950+02:00 DEBUG 21776 --- [demo] [nio-8080-exec-9] org.hibernate.SQL                        : select u1_0.id,u1_0.active,u1_0.email,u1_0.name,u1_0.password,u1_0.role from users u1_0 where u1_0.email=?
Hibernate: select u1_0.id,u1_0.active,u1_0.email,u1_0.name,u1_0.password,u1_0.role from users u1_0 where u1_0.email=?
2026-06-01T17:30:53.953+02:00 DEBUG 21776 --- [demo] [nio-8080-exec-9] o.s.web.servlet.DispatcherServlet        : GET "/api/stats/dashboard", parameters={}
2026-06-01T17:30:53.953+02:00 DEBUG 21776 --- [demo] [nio-8080-exec-9] s.w.s.m.m.a.RequestMappingHandlerMapping : Mapped to com.example.demo.controller.StatsController#getDashboardStats()
2026-06-01T17:30:53.956+02:00 DEBUG 21776 --- [demo] [nio-8080-exec-9] org.hibernate.SQL                        : select m1_0.id,m1_0.date,m1_0.dependences,m1_0.description,m1_0.discussion,m1_0.end_time,m1_0.objective,m1_0.objet,m1_0.presidente,m1_0.rapporteur,m1_0.recommendation,m1_0.room,m1_0.start_time,m1_0.type from meetings m1_0
Hibernate: select m1_0.id,m1_0.date,m1_0.dependences,m1_0.description,m1_0.discussion,m1_0.end_time,m1_0.objective,m1_0.objet,m1_0.presidente,m1_0.rapporteur,m1_0.recommendation,m1_0.room,m1_0.start_time,m1_0.type from meetings m1_0
2026-06-01T17:30:53.958+02:00 DEBUG 21776 --- [demo] [nio-8080-exec-9] org.hibernate.SQL                        : select p1_0.meeting_id,p1_1.id,p1_1.email,p1_1.first_name,p1_1.last_name,p1_1.phone from meeting_participants p1_0 join participants p1_1 on p1_1.id=p1_0.participant_id where p1_0.meeting_id=?
Hibernate: select p1_0.meeting_id,p1_1.id,p1_1.email,p1_1.first_name,p1_1.last_name,p1_1.phone from meeting_participants p1_0 join participants p1_1 on p1_1.id=p1_0.participant_id where p1_0.meeting_id=?
2026-06-01T17:30:53.960+02:00 DEBUG 21776 --- [demo] [nio-8080-exec-9] org.hibernate.SQL                        : select a1_0.meeting_id,a1_1.id,a1_1.description,a1_1.name from meeting_audiences a1_0 join audiences a1_1 on a1_1.id=a1_0.audience_id where a1_0.meeting_id=?
Hibernate: select a1_0.meeting_id,a1_1.id,a1_1.description,a1_1.name from meeting_audiences a1_0 join audiences a1_1 on a1_1.id=a1_0.audience_id where a1_0.meeting_id=?
2026-06-01T17:30:53.962+02:00 DEBUG 21776 --- [demo] [nio-8080-exec-9] org.hibernate.SQL                        : select p1_0.meeting_id,p1_0.id,p1_0.upload_date,p1_0.uploaded_by_id,p1_0.url from photos p1_0 where p1_0.meeting_id=?
Hibernate: select p1_0.meeting_id,p1_0.id,p1_0.upload_date,p1_0.uploaded_by_id,p1_0.url from photos p1_0 where p1_0.meeting_id=?
2026-06-01T17:30:53.963+02:00 DEBUG 21776 --- [demo] [nio-8080-exec-9] org.hibernate.SQL                        : select d1_0.meeting_id,d1_0.id,d1_0.name,d1_0.url from documents d1_0 where d1_0.meeting_id=?
Hibernate: select d1_0.meeting_id,d1_0.id,d1_0.name,d1_0.url from documents d1_0 where d1_0.meeting_id=?
2026-06-01T17:30:53.964+02:00 DEBUG 21776 --- [demo] [nio-8080-exec-9] org.hibernate.SQL                        : select p1_0.meeting_id,p1_1.id,p1_1.email,p1_1.first_name,p1_1.last_name,p1_1.phone from meeting_participants p1_0 join participants p1_1 on p1_1.id=p1_0.participant_id where p1_0.meeting_id=?
Hibernate: select p1_0.meeting_id,p1_1.id,p1_1.email,p1_1.first_name,p1_1.last_name,p1_1.phone from meeting_participants p1_0 join participants p1_1 on p1_1.id=p1_0.participant_id where p1_0.meeting_id=?
2026-06-01T17:30:53.965+02:00 DEBUG 21776 --- [demo] [nio-8080-exec-9] org.hibernate.SQL                        : select a1_0.meeting_id,a1_1.id,a1_1.description,a1_1.name from meeting_audiences a1_0 join audiences a1_1 on a1_1.id=a1_0.audience_id where a1_0.meeting_id=?
Hibernate: select a1_0.meeting_id,a1_1.id,a1_1.description,a1_1.name from meeting_audiences a1_0 join audiences a1_1 on a1_1.id=a1_0.audience_id where a1_0.meeting_id=?
2026-06-01T17:30:53.966+02:00 DEBUG 21776 --- [demo] [nio-8080-exec-9] org.hibernate.SQL                        : select p1_0.meeting_id,p1_0.id,p1_0.upload_date,p1_0.uploaded_by_id,p1_0.url from photos p1_0 where p1_0.meeting_id=?
Hibernate: select p1_0.meeting_id,p1_0.id,p1_0.upload_date,p1_0.uploaded_by_id,p1_0.url from photos p1_0 where p1_0.meeting_id=?
2026-06-01T17:30:53.967+02:00 DEBUG 21776 --- [demo] [nio-8080-exec-9] org.hibernate.SQL                        : select d1_0.meeting_id,d1_0.id,d1_0.name,d1_0.url from documents d1_0 where d1_0.meeting_id=?
Hibernate: select d1_0.meeting_id,d1_0.id,d1_0.name,d1_0.url from documents d1_0 where d1_0.meeting_id=?
2026-06-01T17:30:53.969+02:00 DEBUG 21776 --- [demo] [nio-8080-exec-9] org.hibernate.SQL                        : select p1_0.meeting_id,p1_1.id,p1_1.email,p1_1.first_name,p1_1.last_name,p1_1.phone from meeting_participants p1_0 join participants p1_1 on p1_1.id=p1_0.participant_id where p1_0.meeting_id=?
Hibernate: select p1_0.meeting_id,p1_1.id,p1_1.email,p1_1.first_name,p1_1.last_name,p1_1.phone from meeting_participants p1_0 join participants p1_1 on p1_1.id=p1_0.participant_id where p1_0.meeting_id=?
2026-06-01T17:30:53.969+02:00 DEBUG 21776 --- [demo] [nio-8080-exec-9] org.hibernate.SQL                        : select a1_0.meeting_id,a1_1.id,a1_1.description,a1_1.name from meeting_audiences a1_0 join audiences a1_1 on a1_1.id=a1_0.audience_id where a1_0.meeting_id=?
Hibernate: select a1_0.meeting_id,a1_1.id,a1_1.description,a1_1.name from meeting_audiences a1_0 join audiences a1_1 on a1_1.id=a1_0.audience_id where a1_0.meeting_id=?
2026-06-01T17:30:53.970+02:00 DEBUG 21776 --- [demo] [nio-8080-exec-9] org.hibernate.SQL                        : select p1_0.meeting_id,p1_0.id,p1_0.upload_date,p1_0.uploaded_by_id,p1_0.url from photos p1_0 where p1_0.meeting_id=?
Hibernate: select p1_0.meeting_id,p1_0.id,p1_0.upload_date,p1_0.uploaded_by_id,p1_0.url from photos p1_0 where p1_0.meeting_id=?
2026-06-01T17:30:53.971+02:00 DEBUG 21776 --- [demo] [nio-8080-exec-9] org.hibernate.SQL                        : select d1_0.meeting_id,d1_0.id,d1_0.name,d1_0.url from documents d1_0 where d1_0.meeting_id=?
Hibernate: select d1_0.meeting_id,d1_0.id,d1_0.name,d1_0.url from documents d1_0 where d1_0.meeting_id=?
2026-06-01T17:30:53.972+02:00 DEBUG 21776 --- [demo] [nio-8080-exec-9] org.hibernate.SQL                        : select p1_0.meeting_id,p1_1.id,p1_1.email,p1_1.first_name,p1_1.last_name,p1_1.phone from meeting_participants p1_0 join participants p1_1 on p1_1.id=p1_0.participant_id where p1_0.meeting_id=?
Hibernate: select p1_0.meeting_id,p1_1.id,p1_1.email,p1_1.first_name,p1_1.last_name,p1_1.phone from meeting_participants p1_0 join participants p1_1 on p1_1.id=p1_0.participant_id where p1_0.meeting_id=?
2026-06-01T17:30:53.973+02:00 DEBUG 21776 --- [demo] [nio-8080-exec-9] org.hibernate.SQL                        : select a1_0.meeting_id,a1_1.id,a1_1.description,a1_1.name from meeting_audiences a1_0 join audiences a1_1 on a1_1.id=a1_0.audience_id where a1_0.meeting_id=?
Hibernate: select a1_0.meeting_id,a1_1.id,a1_1.description,a1_1.name from meeting_audiences a1_0 join audiences a1_1 on a1_1.id=a1_0.audience_id where a1_0.meeting_id=?
2026-06-01T17:30:53.975+02:00 DEBUG 21776 --- [demo] [nio-8080-exec-9] org.hibernate.SQL                        : select p1_0.meeting_id,p1_0.id,p1_0.upload_date,p1_0.uploaded_by_id,p1_0.url from photos p1_0 where p1_0.meeting_id=?
Hibernate: select p1_0.meeting_id,p1_0.id,p1_0.upload_date,p1_0.uploaded_by_id,p1_0.url from photos p1_0 where p1_0.meeting_id=?
2026-06-01T17:30:53.976+02:00 DEBUG 21776 --- [demo] [nio-8080-exec-9] org.hibernate.SQL                        : select d1_0.meeting_id,d1_0.id,d1_0.name,d1_0.url from documents d1_0 where d1_0.meeting_id=?
Hibernate: select d1_0.meeting_id,d1_0.id,d1_0.name,d1_0.url from documents d1_0 where d1_0.meeting_id=?
2026-06-01T17:30:53.978+02:00 DEBUG 21776 --- [demo] [nio-8080-exec-9] org.hibernate.SQL                        : select h1_0.id,h1_0.date,h1_0.deleted_at,h1_0.dependences,h1_0.description,h1_0.discussion,h1_0.duration_minutes,h1_0.end_time,h1_0.meeting_id,h1_0.objective,h1_0.objet,h1_0.presidente,h1_0.rapporteur,h1_0.recommendation,h1_0.room,h1_0.start_time,h1_0.type from historique h1_0
Hibernate: select h1_0.id,h1_0.date,h1_0.deleted_at,h1_0.dependences,h1_0.description,h1_0.discussion,h1_0.duration_minutes,h1_0.end_time,h1_0.meeting_id,h1_0.objective,h1_0.objet,h1_0.presidente,h1_0.rapporteur,h1_0.recommendation,h1_0.room,h1_0.start_time,h1_0.type from historique h1_0
2026-06-01T17:30:53.980+02:00 DEBUG 21776 --- [demo] [nio-8080-exec-9] o.s.w.s.m.m.a.HttpEntityMethodProcessor  : Using 'application/json', given [application/json, text/plain, */*] and supported [application/json, application/*+json]
2026-06-01T17:30:53.981+02:00 DEBUG 21776 --- [demo] [nio-8080-exec-9] o.s.w.s.m.m.a.HttpEntityMethodProcessor  : Writing [DashboardStatsResponse(totalMeetings=4, upcomingMeetings=1, inProgressMeetings=0, completedMeetings= (truncated)...]
2026-06-01T17:30:53.982+02:00 DEBUG 21776 --- [demo] [nio-8080-exec-9] o.s.web.servlet.DispatcherServlet        : Completed 200 OK
2026-06-01T17:30:53.996+02:00 DEBUG 21776 --- [demo] [io-8080-exec-10] org.hibernate.SQL                        : select u1_0.id,u1_0.active,u1_0.email,u1_0.name,u1_0.password,u1_0.role from users u1_0 where u1_0.email=?
Hibernate: select u1_0.id,u1_0.active,u1_0.email,u1_0.name,u1_0.password,u1_0.role from users u1_0 where u1_0.email=?
2026-06-01T17:30:54.000+02:00 DEBUG 21776 --- [demo] [io-8080-exec-10] o.s.web.servlet.DispatcherServlet        : GET "/api/stats/dashboard", parameters={}
2026-06-01T17:30:54.000+02:00 DEBUG 21776 --- [demo] [io-8080-exec-10] s.w.s.m.m.a.RequestMappingHandlerMapping : Mapped to com.example.demo.controller.StatsController#getDashboardStats()
2026-06-01T17:30:54.002+02:00 DEBUG 21776 --- [demo] [io-8080-exec-10] org.hibernate.SQL                        : select m1_0.id,m1_0.date,m1_0.dependences,m1_0.description,m1_0.discussion,m1_0.end_time,m1_0.objective,m1_0.objet,m1_0.presidente,m1_0.rapporteur,m1_0.recommendation,m1_0.room,m1_0.start_time,m1_0.type from meetings m1_0
Hibernate: select m1_0.id,m1_0.date,m1_0.dependences,m1_0.description,m1_0.discussion,m1_0.end_time,m1_0.objective,m1_0.objet,m1_0.presidente,m1_0.rapporteur,m1_0.recommendation,m1_0.room,m1_0.start_time,m1_0.type from meetings m1_0
2026-06-01T17:30:54.004+02:00 DEBUG 21776 --- [demo] [io-8080-exec-10] org.hibernate.SQL                        : select p1_0.meeting_id,p1_1.id,p1_1.email,p1_1.first_name,p1_1.last_name,p1_1.phone from meeting_participants p1_0 join participants p1_1 on p1_1.id=p1_0.participant_id where p1_0.meeting_id=?
Hibernate: select p1_0.meeting_id,p1_1.id,p1_1.email,p1_1.first_name,p1_1.last_name,p1_1.phone from meeting_participants p1_0 join participants p1_1 on p1_1.id=p1_0.participant_id where p1_0.meeting_id=?
2026-06-01T17:30:54.005+02:00 DEBUG 21776 --- [demo] [io-8080-exec-10] org.hibernate.SQL                        : select a1_0.meeting_id,a1_1.id,a1_1.description,a1_1.name from meeting_audiences a1_0 join audiences a1_1 on a1_1.id=a1_0.audience_id where a1_0.meeting_id=?
Hibernate: select a1_0.meeting_id,a1_1.id,a1_1.description,a1_1.name from meeting_audiences a1_0 join audiences a1_1 on a1_1.id=a1_0.audience_id where a1_0.meeting_id=?
2026-06-01T17:30:54.006+02:00 DEBUG 21776 --- [demo] [io-8080-exec-10] org.hibernate.SQL                        : select p1_0.meeting_id,p1_0.id,p1_0.upload_date,p1_0.uploaded_by_id,p1_0.url from photos p1_0 where p1_0.meeting_id=?
Hibernate: select p1_0.meeting_id,p1_0.id,p1_0.upload_date,p1_0.uploaded_by_id,p1_0.url from photos p1_0 where p1_0.meeting_id=?
2026-06-01T17:30:54.008+02:00 DEBUG 21776 --- [demo] [io-8080-exec-10] org.hibernate.SQL                        : select d1_0.meeting_id,d1_0.id,d1_0.name,d1_0.url from documents d1_0 where d1_0.meeting_id=?
Hibernate: select d1_0.meeting_id,d1_0.id,d1_0.name,d1_0.url from documents d1_0 where d1_0.meeting_id=?
2026-06-01T17:30:54.009+02:00 DEBUG 21776 --- [demo] [io-8080-exec-10] org.hibernate.SQL                        : select p1_0.meeting_id,p1_1.id,p1_1.email,p1_1.first_name,p1_1.last_name,p1_1.phone from meeting_participants p1_0 join participants p1_1 on p1_1.id=p1_0.participant_id where p1_0.meeting_id=?
Hibernate: select p1_0.meeting_id,p1_1.id,p1_1.email,p1_1.first_name,p1_1.last_name,p1_1.phone from meeting_participants p1_0 join participants p1_1 on p1_1.id=p1_0.participant_id where p1_0.meeting_id=?
2026-06-01T17:30:54.011+02:00 DEBUG 21776 --- [demo] [io-8080-exec-10] org.hibernate.SQL                        : select a1_0.meeting_id,a1_1.id,a1_1.description,a1_1.name from meeting_audiences a1_0 join audiences a1_1 on a1_1.id=a1_0.audience_id where a1_0.meeting_id=?
Hibernate: select a1_0.meeting_id,a1_1.id,a1_1.description,a1_1.name from meeting_audiences a1_0 join audiences a1_1 on a1_1.id=a1_0.audience_id where a1_0.meeting_id=?
2026-06-01T17:30:54.012+02:00 DEBUG 21776 --- [demo] [io-8080-exec-10] org.hibernate.SQL                        : select p1_0.meeting_id,p1_0.id,p1_0.upload_date,p1_0.uploaded_by_id,p1_0.url from photos p1_0 where p1_0.meeting_id=?
Hibernate: select p1_0.meeting_id,p1_0.id,p1_0.upload_date,p1_0.uploaded_by_id,p1_0.url from photos p1_0 where p1_0.meeting_id=?
2026-06-01T17:30:54.014+02:00 DEBUG 21776 --- [demo] [io-8080-exec-10] org.hibernate.SQL                        : select d1_0.meeting_id,d1_0.id,d1_0.name,d1_0.url from documents d1_0 where d1_0.meeting_id=?
Hibernate: select d1_0.meeting_id,d1_0.id,d1_0.name,d1_0.url from documents d1_0 where d1_0.meeting_id=?
2026-06-01T17:30:54.016+02:00 DEBUG 21776 --- [demo] [io-8080-exec-10] org.hibernate.SQL                        : select p1_0.meeting_id,p1_1.id,p1_1.email,p1_1.first_name,p1_1.last_name,p1_1.phone from meeting_participants p1_0 join participants p1_1 on p1_1.id=p1_0.participant_id where p1_0.meeting_id=?
Hibernate: select p1_0.meeting_id,p1_1.id,p1_1.email,p1_1.first_name,p1_1.last_name,p1_1.phone from meeting_participants p1_0 join participants p1_1 on p1_1.id=p1_0.participant_id where p1_0.meeting_id=?
2026-06-01T17:30:54.017+02:00 DEBUG 21776 --- [demo] [io-8080-exec-10] org.hibernate.SQL                        : select a1_0.meeting_id,a1_1.id,a1_1.description,a1_1.name from meeting_audiences a1_0 join audiences a1_1 on a1_1.id=a1_0.audience_id where a1_0.meeting_id=?
Hibernate: select a1_0.meeting_id,a1_1.id,a1_1.description,a1_1.name from meeting_audiences a1_0 join audiences a1_1 on a1_1.id=a1_0.audience_id where a1_0.meeting_id=?
2026-06-01T17:30:54.018+02:00 DEBUG 21776 --- [demo] [io-8080-exec-10] org.hibernate.SQL                        : select p1_0.meeting_id,p1_0.id,p1_0.upload_date,p1_0.uploaded_by_id,p1_0.url from photos p1_0 where p1_0.meeting_id=?
Hibernate: select p1_0.meeting_id,p1_0.id,p1_0.upload_date,p1_0.uploaded_by_id,p1_0.url from photos p1_0 where p1_0.meeting_id=?
2026-06-01T17:30:54.020+02:00 DEBUG 21776 --- [demo] [io-8080-exec-10] org.hibernate.SQL                        : select d1_0.meeting_id,d1_0.id,d1_0.name,d1_0.url from documents d1_0 where d1_0.meeting_id=?
Hibernate: select d1_0.meeting_id,d1_0.id,d1_0.name,d1_0.url from documents d1_0 where d1_0.meeting_id=?
2026-06-01T17:30:54.021+02:00 DEBUG 21776 --- [demo] [io-8080-exec-10] org.hibernate.SQL                        : select p1_0.meeting_id,p1_1.id,p1_1.email,p1_1.first_name,p1_1.last_name,p1_1.phone from meeting_participants p1_0 join participants p1_1 on p1_1.id=p1_0.participant_id where p1_0.meeting_id=?
Hibernate: select p1_0.meeting_id,p1_1.id,p1_1.email,p1_1.first_name,p1_1.last_name,p1_1.phone from meeting_participants p1_0 join participants p1_1 on p1_1.id=p1_0.participant_id where p1_0.meeting_id=?
2026-06-01T17:30:54.023+02:00 DEBUG 21776 --- [demo] [io-8080-exec-10] org.hibernate.SQL                        : select a1_0.meeting_id,a1_1.id,a1_1.description,a1_1.name from meeting_audiences a1_0 join audiences a1_1 on a1_1.id=a1_0.audience_id where a1_0.meeting_id=?
Hibernate: select a1_0.meeting_id,a1_1.id,a1_1.description,a1_1.name from meeting_audiences a1_0 join audiences a1_1 on a1_1.id=a1_0.audience_id where a1_0.meeting_id=?
2026-06-01T17:30:54.024+02:00 DEBUG 21776 --- [demo] [io-8080-exec-10] org.hibernate.SQL                        : select p1_0.meeting_id,p1_0.id,p1_0.upload_date,p1_0.uploaded_by_id,p1_0.url from photos p1_0 where p1_0.meeting_id=?
Hibernate: select p1_0.meeting_id,p1_0.id,p1_0.upload_date,p1_0.uploaded_by_id,p1_0.url from photos p1_0 where p1_0.meeting_id=?
2026-06-01T17:30:54.026+02:00 DEBUG 21776 --- [demo] [io-8080-exec-10] org.hibernate.SQL                        : select d1_0.meeting_id,d1_0.id,d1_0.name,d1_0.url from documents d1_0 where d1_0.meeting_id=?
Hibernate: select d1_0.meeting_id,d1_0.id,d1_0.name,d1_0.url from documents d1_0 where d1_0.meeting_id=?
2026-06-01T17:30:54.029+02:00 DEBUG 21776 --- [demo] [io-8080-exec-10] org.hibernate.SQL                        : select h1_0.id,h1_0.date,h1_0.deleted_at,h1_0.dependences,h1_0.description,h1_0.discussion,h1_0.duration_minutes,h1_0.end_time,h1_0.meeting_id,h1_0.objective,h1_0.objet,h1_0.presidente,h1_0.rapporteur,h1_0.recommendation,h1_0.room,h1_0.start_time,h1_0.type from historique h1_0
Hibernate: select h1_0.id,h1_0.date,h1_0.deleted_at,h1_0.dependences,h1_0.description,h1_0.discussion,h1_0.duration_minutes,h1_0.end_time,h1_0.meeting_id,h1_0.objective,h1_0.objet,h1_0.presidente,h1_0.rapporteur,h1_0.recommendation,h1_0.room,h1_0.start_time,h1_0.type from historique h1_0
2026-06-01T17:30:54.032+02:00 DEBUG 21776 --- [demo] [io-8080-exec-10] o.s.w.s.m.m.a.HttpEntityMethodProcessor  : Using 'application/json', given [application/json, text/plain, */*] and supported [application/json, application/*+json]
2026-06-01T17:30:54.033+02:00 DEBUG 21776 --- [demo] [io-8080-exec-10] o.s.w.s.m.m.a.HttpEntityMethodProcessor  : Writing [DashboardStatsResponse(totalMeetings=4, upcomingMeetings=1, inProgressMeetings=0, completedMeetings= (truncated)...]
2026-06-01T17:30:54.034+02:00 DEBUG 21776 --- [demo] [io-8080-exec-10] o.s.web.servlet.DispatcherServlet        : Completed 200 OK
2026-06-01T17:30:56.935+02:00 DEBUG 21776 --- [demo] [nio-8080-exec-4] org.hibernate.SQL                        : select u1_0.id,u1_0.active,u1_0.email,u1_0.name,u1_0.password,u1_0.role from users u1_0 where u1_0.email=?
Hibernate: select u1_0.id,u1_0.active,u1_0.email,u1_0.name,u1_0.password,u1_0.role from users u1_0 where u1_0.email=?
2026-06-01T17:30:56.940+02:00 DEBUG 21776 --- [demo] [nio-8080-exec-4] o.s.web.servlet.DispatcherServlet        : GET "/api/historique", parameters={}
2026-06-01T17:30:56.941+02:00 DEBUG 21776 --- [demo] [nio-8080-exec-4] s.w.s.m.m.a.RequestMappingHandlerMapping : Mapped to com.example.demo.controller.HistoriqueController#getAll()
2026-06-01T17:30:56.942+02:00 DEBUG 21776 --- [demo] [nio-8080-exec-4] org.hibernate.SQL                        : select h1_0.id,h1_0.date,h1_0.deleted_at,h1_0.dependences,h1_0.description,h1_0.discussion,h1_0.duration_minutes,h1_0.end_time,h1_0.meeting_id,h1_0.objective,h1_0.objet,h1_0.presidente,h1_0.rapporteur,h1_0.recommendation,h1_0.room,h1_0.start_time,h1_0.type from historique h1_0 order by h1_0.deleted_at desc
Hibernate: select h1_0.id,h1_0.date,h1_0.deleted_at,h1_0.dependences,h1_0.description,h1_0.discussion,h1_0.duration_minutes,h1_0.end_time,h1_0.meeting_id,h1_0.objective,h1_0.objet,h1_0.presidente,h1_0.rapporteur,h1_0.recommendation,h1_0.room,h1_0.start_time,h1_0.type from historique h1_0 order by h1_0.deleted_at desc
2026-06-01T17:30:56.945+02:00 DEBUG 21776 --- [demo] [nio-8080-exec-4] o.s.w.s.m.m.a.HttpEntityMethodProcessor  : Using 'application/json', given [application/json, text/plain, */*] and supported [application/json, application/*+json]
2026-06-01T17:30:56.945+02:00 DEBUG 21776 --- [demo] [nio-8080-exec-4] o.s.w.s.m.m.a.HttpEntityMethodProcessor  : Writing [[Historique(id=4, meetingId=1008, objective=test12, type=coordination, description=test12, date=2026 (truncated)...]
2026-06-01T17:30:56.947+02:00 DEBUG 21776 --- [demo] [nio-8080-exec-4] o.s.web.servlet.DispatcherServlet        : Completed 200 OK
2026-06-01T17:30:56.962+02:00 DEBUG 21776 --- [demo] [nio-8080-exec-8] org.hibernate.SQL                        : select u1_0.id,u1_0.active,u1_0.email,u1_0.name,u1_0.password,u1_0.role from users u1_0 where u1_0.email=?
Hibernate: select u1_0.id,u1_0.active,u1_0.email,u1_0.name,u1_0.password,u1_0.role from users u1_0 where u1_0.email=?
2026-06-01T17:30:56.964+02:00 DEBUG 21776 --- [demo] [nio-8080-exec-8] o.s.web.servlet.DispatcherServlet        : GET "/api/historique", parameters={}
2026-06-01T17:30:56.965+02:00 DEBUG 21776 --- [demo] [nio-8080-exec-8] s.w.s.m.m.a.RequestMappingHandlerMapping : Mapped to com.example.demo.controller.HistoriqueController#getAll()
2026-06-01T17:30:56.966+02:00 DEBUG 21776 --- [demo] [nio-8080-exec-8] org.hibernate.SQL                        : select h1_0.id,h1_0.date,h1_0.deleted_at,h1_0.dependences,h1_0.description,h1_0.discussion,h1_0.duration_minutes,h1_0.end_time,h1_0.meeting_id,h1_0.objective,h1_0.objet,h1_0.presidente,h1_0.rapporteur,h1_0.recommendation,h1_0.room,h1_0.start_time,h1_0.type from historique h1_0 order by h1_0.deleted_at desc
Hibernate: select h1_0.id,h1_0.date,h1_0.deleted_at,h1_0.dependences,h1_0.description,h1_0.discussion,h1_0.duration_minutes,h1_0.end_time,h1_0.meeting_id,h1_0.objective,h1_0.objet,h1_0.presidente,h1_0.rapporteur,h1_0.recommendation,h1_0.room,h1_0.start_time,h1_0.type from historique h1_0 order by h1_0.deleted_at desc
2026-06-01T17:30:56.967+02:00 DEBUG 21776 --- [demo] [nio-8080-exec-8] o.s.w.s.m.m.a.HttpEntityMethodProcessor  : Using 'application/json', given [application/json, text/plain, */*] and supported [application/json, application/*+json]
2026-06-01T17:30:56.967+02:00 DEBUG 21776 --- [demo] [nio-8080-exec-8] o.s.w.s.m.m.a.HttpEntityMethodProcessor  : Writing [[Historique(id=4, meetingId=1008, objective=test12, type=coordination, description=test12, date=2026 (truncated)...]
2026-06-01T17:30:56.969+02:00 DEBUG 21776 --- [demo] [nio-8080-exec-8] o.s.web.servlet.DispatcherServlet        : Completed 200 OK
2026-06-01T17:31:02.760+02:00 DEBUG 21776 --- [demo] [nio-8080-exec-5] org.hibernate.SQL                        : select u1_0.id,u1_0.active,u1_0.email,u1_0.name,u1_0.password,u1_0.role from users u1_0 where u1_0.email=?
Hibernate: select u1_0.id,u1_0.active,u1_0.email,u1_0.name,u1_0.password,u1_0.role from users u1_0 where u1_0.email=?
2026-06-01T17:31:02.763+02:00 DEBUG 21776 --- [demo] [nio-8080-exec-5] o.s.web.servlet.DispatcherServlet        : GET "/api/historique/4", parameters={}
2026-06-01T17:31:02.764+02:00 DEBUG 21776 --- [demo] [nio-8080-exec-5] s.w.s.m.m.a.RequestMappingHandlerMapping : Mapped to com.example.demo.controller.HistoriqueController#getById(Long)
2026-06-01T17:31:02.765+02:00 DEBUG 21776 --- [demo] [nio-8080-exec-5] org.hibernate.SQL                        : select h1_0.id,h1_0.date,h1_0.deleted_at,h1_0.dependences,h1_0.description,h1_0.discussion,h1_0.duration_minutes,h1_0.end_time,h1_0.meeting_id,h1_0.objective,h1_0.objet,h1_0.presidente,h1_0.rapporteur,h1_0.recommendation,h1_0.room,h1_0.start_time,h1_0.type from historique h1_0 where h1_0.id=?
Hibernate: select h1_0.id,h1_0.date,h1_0.deleted_at,h1_0.dependences,h1_0.description,h1_0.discussion,h1_0.duration_minutes,h1_0.end_time,h1_0.meeting_id,h1_0.objective,h1_0.objet,h1_0.presidente,h1_0.rapporteur,h1_0.recommendation,h1_0.room,h1_0.start_time,h1_0.type from historique h1_0 where h1_0.id=?
2026-06-01T17:31:02.767+02:00 DEBUG 21776 --- [demo] [nio-8080-exec-5] o.s.w.s.m.m.a.HttpEntityMethodProcessor  : Using 'application/json', given [application/json, text/plain, */*] and supported [application/json, application/*+json]
2026-06-01T17:31:02.768+02:00 DEBUG 21776 --- [demo] [nio-8080-exec-5] o.s.w.s.m.m.a.HttpEntityMethodProcessor  : Writing [Historique(id=4, meetingId=1008, objective=test12, type=coordination, description=test12, date=2026- (truncated)...]
2026-06-01T17:31:02.769+02:00 DEBUG 21776 --- [demo] [nio-8080-exec-5] o.s.web.servlet.DispatcherServlet        : Completed 200 OK
2026-06-01T17:31:02.783+02:00 DEBUG 21776 --- [demo] [nio-8080-exec-3] org.hibernate.SQL                        : select u1_0.id,u1_0.active,u1_0.email,u1_0.name,u1_0.password,u1_0.role from users u1_0 where u1_0.email=?
Hibernate: select u1_0.id,u1_0.active,u1_0.email,u1_0.name,u1_0.password,u1_0.role from users u1_0 where u1_0.email=?
2026-06-01T17:31:02.785+02:00 DEBUG 21776 --- [demo] [nio-8080-exec-3] o.s.web.servlet.DispatcherServlet        : GET "/api/historique/4", parameters={}
2026-06-01T17:31:02.786+02:00 DEBUG 21776 --- [demo] [nio-8080-exec-3] s.w.s.m.m.a.RequestMappingHandlerMapping : Mapped to com.example.demo.controller.HistoriqueController#getById(Long)
2026-06-01T17:31:02.787+02:00 DEBUG 21776 --- [demo] [nio-8080-exec-3] org.hibernate.SQL                        : select h1_0.id,h1_0.date,h1_0.deleted_at,h1_0.dependences,h1_0.description,h1_0.discussion,h1_0.duration_minutes,h1_0.end_time,h1_0.meeting_id,h1_0.objective,h1_0.objet,h1_0.presidente,h1_0.rapporteur,h1_0.recommendation,h1_0.room,h1_0.start_time,h1_0.type from historique h1_0 where h1_0.id=?
Hibernate: select h1_0.id,h1_0.date,h1_0.deleted_at,h1_0.dependences,h1_0.description,h1_0.discussion,h1_0.duration_minutes,h1_0.end_time,h1_0.meeting_id,h1_0.objective,h1_0.objet,h1_0.presidente,h1_0.rapporteur,h1_0.recommendation,h1_0.room,h1_0.start_time,h1_0.type from historique h1_0 where h1_0.id=?
2026-06-01T17:31:02.789+02:00 DEBUG 21776 --- [demo] [nio-8080-exec-3] o.s.w.s.m.m.a.HttpEntityMethodProcessor  : Using 'application/json', given [application/json, text/plain, */*] and supported [application/json, application/*+json]
2026-06-01T17:31:02.789+02:00 DEBUG 21776 --- [demo] [nio-8080-exec-3] o.s.w.s.m.m.a.HttpEntityMethodProcessor  : Writing [Historique(id=4, meetingId=1008, objective=test12, type=coordination, description=test12, date=2026- (truncated)...]
2026-06-01T17:31:02.790+02:00 DEBUG 21776 --- [demo] [nio-8080-exec-3] o.s.web.servlet.DispatcherServlet        : Completed 200 OK
2026-06-01T17:31:26.695+02:00 DEBUG 21776 --- [demo] [nio-8080-exec-2] org.hibernate.SQL                        : select u1_0.id,u1_0.active,u1_0.email,u1_0.name,u1_0.password,u1_0.role from users u1_0 where u1_0.email=?
Hibernate: select u1_0.id,u1_0.active,u1_0.email,u1_0.name,u1_0.password,u1_0.role from users u1_0 where u1_0.email=?
2026-06-01T17:31:26.699+02:00 DEBUG 21776 --- [demo] [nio-8080-exec-2] o.s.web.servlet.DispatcherServlet        : GET "/api/meetings?dateFrom=2026-06-01&dateTo=2026-06-30", parameters={masked}
2026-06-01T17:31:26.699+02:00 DEBUG 21776 --- [demo] [nio-8080-exec-2] s.w.s.m.m.a.RequestMappingHandlerMapping : Mapped to com.example.demo.controller.MeetingController#findAll(String, String, String, String, String)
2026-06-01T17:31:26.701+02:00 DEBUG 21776 --- [demo] [nio-8080-exec-2] org.hibernate.SQL                        : select m1_0.id,m1_0.date,m1_0.dependences,m1_0.description,m1_0.discussion,m1_0.end_time,m1_0.objective,m1_0.objet,m1_0.presidente,m1_0.rapporteur,m1_0.recommendation,m1_0.room,m1_0.start_time,m1_0.type from meetings m1_0
Hibernate: select m1_0.id,m1_0.date,m1_0.dependences,m1_0.description,m1_0.discussion,m1_0.end_time,m1_0.objective,m1_0.objet,m1_0.presidente,m1_0.rapporteur,m1_0.recommendation,m1_0.room,m1_0.start_time,m1_0.type from meetings m1_0
2026-06-01T17:31:26.702+02:00 DEBUG 21776 --- [demo] [nio-8080-exec-2] org.hibernate.SQL                        : select p1_0.meeting_id,p1_1.id,p1_1.email,p1_1.first_name,p1_1.last_name,p1_1.phone from meeting_participants p1_0 join participants p1_1 on p1_1.id=p1_0.participant_id where p1_0.meeting_id=?
Hibernate: select p1_0.meeting_id,p1_1.id,p1_1.email,p1_1.first_name,p1_1.last_name,p1_1.phone from meeting_participants p1_0 join participants p1_1 on p1_1.id=p1_0.participant_id where p1_0.meeting_id=?
2026-06-01T17:31:26.703+02:00 DEBUG 21776 --- [demo] [nio-8080-exec-2] org.hibernate.SQL                        : select a1_0.meeting_id,a1_1.id,a1_1.description,a1_1.name from meeting_audiences a1_0 join audiences a1_1 on a1_1.id=a1_0.audience_id where a1_0.meeting_id=?
Hibernate: select a1_0.meeting_id,a1_1.id,a1_1.description,a1_1.name from meeting_audiences a1_0 join audiences a1_1 on a1_1.id=a1_0.audience_id where a1_0.meeting_id=?
2026-06-01T17:31:26.720+02:00 DEBUG 21776 --- [demo] [nio-8080-exec-2] org.hibernate.SQL                        : select p1_0.meeting_id,p1_0.id,p1_0.upload_date,p1_0.uploaded_by_id,p1_0.url from photos p1_0 where p1_0.meeting_id=?
Hibernate: select p1_0.meeting_id,p1_0.id,p1_0.upload_date,p1_0.uploaded_by_id,p1_0.url from photos p1_0 where p1_0.meeting_id=?
2026-06-01T17:31:26.722+02:00 DEBUG 21776 --- [demo] [nio-8080-exec-2] org.hibernate.SQL                        : select d1_0.meeting_id,d1_0.id,d1_0.name,d1_0.url from documents d1_0 where d1_0.meeting_id=?
Hibernate: select d1_0.meeting_id,d1_0.id,d1_0.name,d1_0.url from documents d1_0 where d1_0.meeting_id=?
2026-06-01T17:31:26.724+02:00 DEBUG 21776 --- [demo] [nio-8080-exec-2] org.hibernate.SQL                        : select p1_0.meeting_id,p1_1.id,p1_1.email,p1_1.first_name,p1_1.last_name,p1_1.phone from meeting_participants p1_0 join participants p1_1 on p1_1.id=p1_0.participant_id where p1_0.meeting_id=?
Hibernate: select p1_0.meeting_id,p1_1.id,p1_1.email,p1_1.first_name,p1_1.last_name,p1_1.phone from meeting_participants p1_0 join participants p1_1 on p1_1.id=p1_0.participant_id where p1_0.meeting_id=?
2026-06-01T17:31:26.726+02:00 DEBUG 21776 --- [demo] [nio-8080-exec-2] org.hibernate.SQL                        : select a1_0.meeting_id,a1_1.id,a1_1.description,a1_1.name from meeting_audiences a1_0 join audiences a1_1 on a1_1.id=a1_0.audience_id where a1_0.meeting_id=?
Hibernate: select a1_0.meeting_id,a1_1.id,a1_1.description,a1_1.name from meeting_audiences a1_0 join audiences a1_1 on a1_1.id=a1_0.audience_id where a1_0.meeting_id=?
2026-06-01T17:31:26.727+02:00 DEBUG 21776 --- [demo] [nio-8080-exec-2] org.hibernate.SQL                        : select p1_0.meeting_id,p1_0.id,p1_0.upload_date,p1_0.uploaded_by_id,p1_0.url from photos p1_0 where p1_0.meeting_id=?
Hibernate: select p1_0.meeting_id,p1_0.id,p1_0.upload_date,p1_0.uploaded_by_id,p1_0.url from photos p1_0 where p1_0.meeting_id=?
2026-06-01T17:31:26.728+02:00 DEBUG 21776 --- [demo] [nio-8080-exec-2] org.hibernate.SQL                        : select d1_0.meeting_id,d1_0.id,d1_0.name,d1_0.url from documents d1_0 where d1_0.meeting_id=?
Hibernate: select d1_0.meeting_id,d1_0.id,d1_0.name,d1_0.url from documents d1_0 where d1_0.meeting_id=?
2026-06-01T17:31:26.729+02:00 DEBUG 21776 --- [demo] [nio-8080-exec-2] org.hibernate.SQL                        : select p1_0.meeting_id,p1_1.id,p1_1.email,p1_1.first_name,p1_1.last_name,p1_1.phone from meeting_participants p1_0 join participants p1_1 on p1_1.id=p1_0.participant_id where p1_0.meeting_id=?
Hibernate: select p1_0.meeting_id,p1_1.id,p1_1.email,p1_1.first_name,p1_1.last_name,p1_1.phone from meeting_participants p1_0 join participants p1_1 on p1_1.id=p1_0.participant_id where p1_0.meeting_id=?
2026-06-01T17:31:26.761+02:00 DEBUG 21776 --- [demo] [nio-8080-exec-2] org.hibernate.SQL                        : select a1_0.meeting_id,a1_1.id,a1_1.description,a1_1.name from meeting_audiences a1_0 join audiences a1_1 on a1_1.id=a1_0.audience_id where a1_0.meeting_id=?
Hibernate: select a1_0.meeting_id,a1_1.id,a1_1.description,a1_1.name from meeting_audiences a1_0 join audiences a1_1 on a1_1.id=a1_0.audience_id where a1_0.meeting_id=?
2026-06-01T17:31:26.762+02:00 DEBUG 21776 --- [demo] [nio-8080-exec-2] org.hibernate.SQL                        : select p1_0.meeting_id,p1_0.id,p1_0.upload_date,p1_0.uploaded_by_id,p1_0.url from photos p1_0 where p1_0.meeting_id=?
Hibernate: select p1_0.meeting_id,p1_0.id,p1_0.upload_date,p1_0.uploaded_by_id,p1_0.url from photos p1_0 where p1_0.meeting_id=?
2026-06-01T17:31:26.763+02:00 DEBUG 21776 --- [demo] [nio-8080-exec-2] org.hibernate.SQL                        : select d1_0.meeting_id,d1_0.id,d1_0.name,d1_0.url from documents d1_0 where d1_0.meeting_id=?
Hibernate: select d1_0.meeting_id,d1_0.id,d1_0.name,d1_0.url from documents d1_0 where d1_0.meeting_id=?
2026-06-01T17:31:26.764+02:00 DEBUG 21776 --- [demo] [nio-8080-exec-2] org.hibernate.SQL                        : select p1_0.meeting_id,p1_1.id,p1_1.email,p1_1.first_name,p1_1.last_name,p1_1.phone from meeting_participants p1_0 join participants p1_1 on p1_1.id=p1_0.participant_id where p1_0.meeting_id=?
Hibernate: select p1_0.meeting_id,p1_1.id,p1_1.email,p1_1.first_name,p1_1.last_name,p1_1.phone from meeting_participants p1_0 join participants p1_1 on p1_1.id=p1_0.participant_id where p1_0.meeting_id=?
2026-06-01T17:31:26.765+02:00 DEBUG 21776 --- [demo] [nio-8080-exec-2] org.hibernate.SQL                        : select a1_0.meeting_id,a1_1.id,a1_1.description,a1_1.name from meeting_audiences a1_0 join audiences a1_1 on a1_1.id=a1_0.audience_id where a1_0.meeting_id=?
Hibernate: select a1_0.meeting_id,a1_1.id,a1_1.description,a1_1.name from meeting_audiences a1_0 join audiences a1_1 on a1_1.id=a1_0.audience_id where a1_0.meeting_id=?
2026-06-01T17:31:26.767+02:00 DEBUG 21776 --- [demo] [nio-8080-exec-2] org.hibernate.SQL                        : select p1_0.meeting_id,p1_0.id,p1_0.upload_date,p1_0.uploaded_by_id,p1_0.url from photos p1_0 where p1_0.meeting_id=?
Hibernate: select p1_0.meeting_id,p1_0.id,p1_0.upload_date,p1_0.uploaded_by_id,p1_0.url from photos p1_0 where p1_0.meeting_id=?
2026-06-01T17:31:26.768+02:00 DEBUG 21776 --- [demo] [nio-8080-exec-2] org.hibernate.SQL                        : select d1_0.meeting_id,d1_0.id,d1_0.name,d1_0.url from documents d1_0 where d1_0.meeting_id=?
Hibernate: select d1_0.meeting_id,d1_0.id,d1_0.name,d1_0.url from documents d1_0 where d1_0.meeting_id=?
2026-06-01T17:31:26.770+02:00 DEBUG 21776 --- [demo] [nio-8080-exec-2] o.s.w.s.m.m.a.HttpEntityMethodProcessor  : Using 'application/json', given [application/json, text/plain, */*] and supported [application/json, application/*+json]
2026-06-01T17:31:26.770+02:00 DEBUG 21776 --- [demo] [nio-8080-exec-2] o.s.w.s.m.m.a.HttpEntityMethodProcessor  : Writing [[]]
2026-06-01T17:31:26.770+02:00 DEBUG 21776 --- [demo] [nio-8080-exec-2] o.s.web.servlet.DispatcherServlet        : Completed 200 OK
2026-06-01T17:31:26.779+02:00 DEBUG 21776 --- [demo] [nio-8080-exec-6] org.hibernate.SQL                        : select u1_0.id,u1_0.active,u1_0.email,u1_0.name,u1_0.password,u1_0.role from users u1_0 where u1_0.email=?
Hibernate: select u1_0.id,u1_0.active,u1_0.email,u1_0.name,u1_0.password,u1_0.role from users u1_0 where u1_0.email=?
2026-06-01T17:31:26.781+02:00 DEBUG 21776 --- [demo] [nio-8080-exec-6] o.s.web.servlet.DispatcherServlet        : GET "/api/meetings?dateFrom=2026-06-01&dateTo=2026-06-30", parameters={masked}
2026-06-01T17:31:26.782+02:00 DEBUG 21776 --- [demo] [nio-8080-exec-6] s.w.s.m.m.a.RequestMappingHandlerMapping : Mapped to com.example.demo.controller.MeetingController#findAll(String, String, String, String, String)
2026-06-01T17:31:26.783+02:00 DEBUG 21776 --- [demo] [nio-8080-exec-6] org.hibernate.SQL                        : select m1_0.id,m1_0.date,m1_0.dependences,m1_0.description,m1_0.discussion,m1_0.end_time,m1_0.objective,m1_0.objet,m1_0.presidente,m1_0.rapporteur,m1_0.recommendation,m1_0.room,m1_0.start_time,m1_0.type from meetings m1_0
Hibernate: select m1_0.id,m1_0.date,m1_0.dependences,m1_0.description,m1_0.discussion,m1_0.end_time,m1_0.objective,m1_0.objet,m1_0.presidente,m1_0.rapporteur,m1_0.recommendation,m1_0.room,m1_0.start_time,m1_0.type from meetings m1_0
2026-06-01T17:31:26.785+02:00 DEBUG 21776 --- [demo] [nio-8080-exec-6] org.hibernate.SQL                        : select p1_0.meeting_id,p1_1.id,p1_1.email,p1_1.first_name,p1_1.last_name,p1_1.phone from meeting_participants p1_0 join participants p1_1 on p1_1.id=p1_0.participant_id where p1_0.meeting_id=?
Hibernate: select p1_0.meeting_id,p1_1.id,p1_1.email,p1_1.first_name,p1_1.last_name,p1_1.phone from meeting_participants p1_0 join participants p1_1 on p1_1.id=p1_0.participant_id where p1_0.meeting_id=?
2026-06-01T17:31:26.786+02:00 DEBUG 21776 --- [demo] [nio-8080-exec-6] org.hibernate.SQL                        : select a1_0.meeting_id,a1_1.id,a1_1.description,a1_1.name from meeting_audiences a1_0 join audiences a1_1 on a1_1.id=a1_0.audience_id where a1_0.meeting_id=?
Hibernate: select a1_0.meeting_id,a1_1.id,a1_1.description,a1_1.name from meeting_audiences a1_0 join audiences a1_1 on a1_1.id=a1_0.audience_id where a1_0.meeting_id=?
2026-06-01T17:31:26.788+02:00 DEBUG 21776 --- [demo] [nio-8080-exec-6] org.hibernate.SQL                        : select p1_0.meeting_id,p1_0.id,p1_0.upload_date,p1_0.uploaded_by_id,p1_0.url from photos p1_0 where p1_0.meeting_id=?
Hibernate: select p1_0.meeting_id,p1_0.id,p1_0.upload_date,p1_0.uploaded_by_id,p1_0.url from photos p1_0 where p1_0.meeting_id=?
2026-06-01T17:31:26.789+02:00 DEBUG 21776 --- [demo] [nio-8080-exec-6] org.hibernate.SQL                        : select d1_0.meeting_id,d1_0.id,d1_0.name,d1_0.url from documents d1_0 where d1_0.meeting_id=?
Hibernate: select d1_0.meeting_id,d1_0.id,d1_0.name,d1_0.url from documents d1_0 where d1_0.meeting_id=?
2026-06-01T17:31:26.840+02:00 DEBUG 21776 --- [demo] [nio-8080-exec-6] org.hibernate.SQL                        : select p1_0.meeting_id,p1_1.id,p1_1.email,p1_1.first_name,p1_1.last_name,p1_1.phone from meeting_participants p1_0 join participants p1_1 on p1_1.id=p1_0.participant_id where p1_0.meeting_id=?
Hibernate: select p1_0.meeting_id,p1_1.id,p1_1.email,p1_1.first_name,p1_1.last_name,p1_1.phone from meeting_participants p1_0 join participants p1_1 on p1_1.id=p1_0.participant_id where p1_0.meeting_id=?
2026-06-01T17:31:26.843+02:00 DEBUG 21776 --- [demo] [nio-8080-exec-6] org.hibernate.SQL                        : select a1_0.meeting_id,a1_1.id,a1_1.description,a1_1.name from meeting_audiences a1_0 join audiences a1_1 on a1_1.id=a1_0.audience_id where a1_0.meeting_id=?
Hibernate: select a1_0.meeting_id,a1_1.id,a1_1.description,a1_1.name from meeting_audiences a1_0 join audiences a1_1 on a1_1.id=a1_0.audience_id where a1_0.meeting_id=?
2026-06-01T17:31:26.846+02:00 DEBUG 21776 --- [demo] [nio-8080-exec-6] org.hibernate.SQL                        : select p1_0.meeting_id,p1_0.id,p1_0.upload_date,p1_0.uploaded_by_id,p1_0.url from photos p1_0 where p1_0.meeting_id=?
Hibernate: select p1_0.meeting_id,p1_0.id,p1_0.upload_date,p1_0.uploaded_by_id,p1_0.url from photos p1_0 where p1_0.meeting_id=?
2026-06-01T17:31:26.847+02:00 DEBUG 21776 --- [demo] [nio-8080-exec-6] org.hibernate.SQL                        : select d1_0.meeting_id,d1_0.id,d1_0.name,d1_0.url from documents d1_0 where d1_0.meeting_id=?
Hibernate: select d1_0.meeting_id,d1_0.id,d1_0.name,d1_0.url from documents d1_0 where d1_0.meeting_id=?
2026-06-01T17:31:26.850+02:00 DEBUG 21776 --- [demo] [nio-8080-exec-6] org.hibernate.SQL                        : select p1_0.meeting_id,p1_1.id,p1_1.email,p1_1.first_name,p1_1.last_name,p1_1.phone from meeting_participants p1_0 join participants p1_1 on p1_1.id=p1_0.participant_id where p1_0.meeting_id=?
Hibernate: select p1_0.meeting_id,p1_1.id,p1_1.email,p1_1.first_name,p1_1.last_name,p1_1.phone from meeting_participants p1_0 join participants p1_1 on p1_1.id=p1_0.participant_id where p1_0.meeting_id=?
2026-06-01T17:31:26.851+02:00 DEBUG 21776 --- [demo] [nio-8080-exec-6] org.hibernate.SQL                        : select a1_0.meeting_id,a1_1.id,a1_1.description,a1_1.name from meeting_audiences a1_0 join audiences a1_1 on a1_1.id=a1_0.audience_id where a1_0.meeting_id=?
Hibernate: select a1_0.meeting_id,a1_1.id,a1_1.description,a1_1.name from meeting_audiences a1_0 join audiences a1_1 on a1_1.id=a1_0.audience_id where a1_0.meeting_id=?
2026-06-01T17:31:26.853+02:00 DEBUG 21776 --- [demo] [nio-8080-exec-6] org.hibernate.SQL                        : select p1_0.meeting_id,p1_0.id,p1_0.upload_date,p1_0.uploaded_by_id,p1_0.url from photos p1_0 where p1_0.meeting_id=?
Hibernate: select p1_0.meeting_id,p1_0.id,p1_0.upload_date,p1_0.uploaded_by_id,p1_0.url from photos p1_0 where p1_0.meeting_id=?
2026-06-01T17:31:26.884+02:00 DEBUG 21776 --- [demo] [nio-8080-exec-6] org.hibernate.SQL                        : select d1_0.meeting_id,d1_0.id,d1_0.name,d1_0.url from documents d1_0 where d1_0.meeting_id=?
Hibernate: select d1_0.meeting_id,d1_0.id,d1_0.name,d1_0.url from documents d1_0 where d1_0.meeting_id=?
2026-06-01T17:31:26.885+02:00 DEBUG 21776 --- [demo] [nio-8080-exec-6] org.hibernate.SQL                        : select p1_0.meeting_id,p1_1.id,p1_1.email,p1_1.first_name,p1_1.last_name,p1_1.phone from meeting_participants p1_0 join participants p1_1 on p1_1.id=p1_0.participant_id where p1_0.meeting_id=?
Hibernate: select p1_0.meeting_id,p1_1.id,p1_1.email,p1_1.first_name,p1_1.last_name,p1_1.phone from meeting_participants p1_0 join participants p1_1 on p1_1.id=p1_0.participant_id where p1_0.meeting_id=?
2026-06-01T17:31:26.886+02:00 DEBUG 21776 --- [demo] [nio-8080-exec-6] org.hibernate.SQL                        : select a1_0.meeting_id,a1_1.id,a1_1.description,a1_1.name from meeting_audiences a1_0 join audiences a1_1 on a1_1.id=a1_0.audience_id where a1_0.meeting_id=?
Hibernate: select a1_0.meeting_id,a1_1.id,a1_1.description,a1_1.name from meeting_audiences a1_0 join audiences a1_1 on a1_1.id=a1_0.audience_id where a1_0.meeting_id=?
2026-06-01T17:31:26.887+02:00 DEBUG 21776 --- [demo] [nio-8080-exec-6] org.hibernate.SQL                        : select p1_0.meeting_id,p1_0.id,p1_0.upload_date,p1_0.uploaded_by_id,p1_0.url from photos p1_0 where p1_0.meeting_id=?
Hibernate: select p1_0.meeting_id,p1_0.id,p1_0.upload_date,p1_0.uploaded_by_id,p1_0.url from photos p1_0 where p1_0.meeting_id=?
2026-06-01T17:31:26.887+02:00 DEBUG 21776 --- [demo] [nio-8080-exec-6] org.hibernate.SQL                        : select d1_0.meeting_id,d1_0.id,d1_0.name,d1_0.url from documents d1_0 where d1_0.meeting_id=?
Hibernate: select d1_0.meeting_id,d1_0.id,d1_0.name,d1_0.url from documents d1_0 where d1_0.meeting_id=?
2026-06-01T17:31:26.889+02:00 DEBUG 21776 --- [demo] [nio-8080-exec-6] o.s.w.s.m.m.a.HttpEntityMethodProcessor  : Using 'application/json', given [application/json, text/plain, */*] and supported [application/json, application/*+json]
2026-06-01T17:31:26.889+02:00 DEBUG 21776 --- [demo] [nio-8080-exec-6] o.s.w.s.m.m.a.HttpEntityMethodProcessor  : Writing [[]]
2026-06-01T17:31:26.890+02:00 DEBUG 21776 --- [demo] [nio-8080-exec-6] o.s.web.servlet.DispatcherServlet        : Completed 200 OK
2026-06-01T17:31:32.949+02:00 DEBUG 21776 --- [demo] [nio-8080-exec-1] org.hibernate.SQL                        : select u1_0.id,u1_0.active,u1_0.email,u1_0.name,u1_0.password,u1_0.role from users u1_0 where u1_0.email=?
Hibernate: select u1_0.id,u1_0.active,u1_0.email,u1_0.name,u1_0.password,u1_0.role from users u1_0 where u1_0.email=?
2026-06-01T17:31:32.955+02:00 DEBUG 21776 --- [demo] [nio-8080-exec-1] o.s.web.servlet.DispatcherServlet        : GET "/api/meetings?dateFrom=2026-05-01&dateTo=2026-05-31", parameters={masked}
2026-06-01T17:31:32.956+02:00 DEBUG 21776 --- [demo] [nio-8080-exec-1] s.w.s.m.m.a.RequestMappingHandlerMapping : Mapped to com.example.demo.controller.MeetingController#findAll(String, String, String, String, String)
2026-06-01T17:31:32.959+02:00 DEBUG 21776 --- [demo] [nio-8080-exec-1] org.hibernate.SQL                        : select m1_0.id,m1_0.date,m1_0.dependences,m1_0.description,m1_0.discussion,m1_0.end_time,m1_0.objective,m1_0.objet,m1_0.presidente,m1_0.rapporteur,m1_0.recommendation,m1_0.room,m1_0.start_time,m1_0.type from meetings m1_0
Hibernate: select m1_0.id,m1_0.date,m1_0.dependences,m1_0.description,m1_0.discussion,m1_0.end_time,m1_0.objective,m1_0.objet,m1_0.presidente,m1_0.rapporteur,m1_0.recommendation,m1_0.room,m1_0.start_time,m1_0.type from meetings m1_0
2026-06-01T17:31:32.962+02:00 DEBUG 21776 --- [demo] [nio-8080-exec-1] org.hibernate.SQL                        : select p1_0.meeting_id,p1_1.id,p1_1.email,p1_1.first_name,p1_1.last_name,p1_1.phone from meeting_participants p1_0 join participants p1_1 on p1_1.id=p1_0.participant_id where p1_0.meeting_id=?
Hibernate: select p1_0.meeting_id,p1_1.id,p1_1.email,p1_1.first_name,p1_1.last_name,p1_1.phone from meeting_participants p1_0 join participants p1_1 on p1_1.id=p1_0.participant_id where p1_0.meeting_id=?
2026-06-01T17:31:32.963+02:00 DEBUG 21776 --- [demo] [nio-8080-exec-1] org.hibernate.SQL                        : select a1_0.meeting_id,a1_1.id,a1_1.description,a1_1.name from meeting_audiences a1_0 join audiences a1_1 on a1_1.id=a1_0.audience_id where a1_0.meeting_id=?
Hibernate: select a1_0.meeting_id,a1_1.id,a1_1.description,a1_1.name from meeting_audiences a1_0 join audiences a1_1 on a1_1.id=a1_0.audience_id where a1_0.meeting_id=?
2026-06-01T17:31:32.964+02:00 DEBUG 21776 --- [demo] [nio-8080-exec-1] org.hibernate.SQL                        : select p1_0.meeting_id,p1_0.id,p1_0.upload_date,p1_0.uploaded_by_id,p1_0.url from photos p1_0 where p1_0.meeting_id=?
Hibernate: select p1_0.meeting_id,p1_0.id,p1_0.upload_date,p1_0.uploaded_by_id,p1_0.url from photos p1_0 where p1_0.meeting_id=?
2026-06-01T17:31:32.965+02:00 DEBUG 21776 --- [demo] [nio-8080-exec-1] org.hibernate.SQL                        : select d1_0.meeting_id,d1_0.id,d1_0.name,d1_0.url from documents d1_0 where d1_0.meeting_id=?
Hibernate: select d1_0.meeting_id,d1_0.id,d1_0.name,d1_0.url from documents d1_0 where d1_0.meeting_id=?
2026-06-01T17:31:32.966+02:00 DEBUG 21776 --- [demo] [nio-8080-exec-1] org.hibernate.SQL                        : select p1_0.meeting_id,p1_1.id,p1_1.email,p1_1.first_name,p1_1.last_name,p1_1.phone from meeting_participants p1_0 join participants p1_1 on p1_1.id=p1_0.participant_id where p1_0.meeting_id=?
Hibernate: select p1_0.meeting_id,p1_1.id,p1_1.email,p1_1.first_name,p1_1.last_name,p1_1.phone from meeting_participants p1_0 join participants p1_1 on p1_1.id=p1_0.participant_id where p1_0.meeting_id=?
2026-06-01T17:31:32.967+02:00 DEBUG 21776 --- [demo] [nio-8080-exec-1] org.hibernate.SQL                        : select a1_0.meeting_id,a1_1.id,a1_1.description,a1_1.name from meeting_audiences a1_0 join audiences a1_1 on a1_1.id=a1_0.audience_id where a1_0.meeting_id=?
Hibernate: select a1_0.meeting_id,a1_1.id,a1_1.description,a1_1.name from meeting_audiences a1_0 join audiences a1_1 on a1_1.id=a1_0.audience_id where a1_0.meeting_id=?
2026-06-01T17:31:32.968+02:00 DEBUG 21776 --- [demo] [nio-8080-exec-1] org.hibernate.SQL                        : select p1_0.meeting_id,p1_0.id,p1_0.upload_date,p1_0.uploaded_by_id,p1_0.url from photos p1_0 where p1_0.meeting_id=?
Hibernate: select p1_0.meeting_id,p1_0.id,p1_0.upload_date,p1_0.uploaded_by_id,p1_0.url from photos p1_0 where p1_0.meeting_id=?
2026-06-01T17:31:32.969+02:00 DEBUG 21776 --- [demo] [nio-8080-exec-1] org.hibernate.SQL                        : select d1_0.meeting_id,d1_0.id,d1_0.name,d1_0.url from documents d1_0 where d1_0.meeting_id=?
Hibernate: select d1_0.meeting_id,d1_0.id,d1_0.name,d1_0.url from documents d1_0 where d1_0.meeting_id=?
2026-06-01T17:31:32.970+02:00 DEBUG 21776 --- [demo] [nio-8080-exec-1] org.hibernate.SQL                        : select p1_0.meeting_id,p1_1.id,p1_1.email,p1_1.first_name,p1_1.last_name,p1_1.phone from meeting_participants p1_0 join participants p1_1 on p1_1.id=p1_0.participant_id where p1_0.meeting_id=?
Hibernate: select p1_0.meeting_id,p1_1.id,p1_1.email,p1_1.first_name,p1_1.last_name,p1_1.phone from meeting_participants p1_0 join participants p1_1 on p1_1.id=p1_0.participant_id where p1_0.meeting_id=?
2026-06-01T17:31:32.971+02:00 DEBUG 21776 --- [demo] [nio-8080-exec-1] org.hibernate.SQL                        : select a1_0.meeting_id,a1_1.id,a1_1.description,a1_1.name from meeting_audiences a1_0 join audiences a1_1 on a1_1.id=a1_0.audience_id where a1_0.meeting_id=?
Hibernate: select a1_0.meeting_id,a1_1.id,a1_1.description,a1_1.name from meeting_audiences a1_0 join audiences a1_1 on a1_1.id=a1_0.audience_id where a1_0.meeting_id=?
2026-06-01T17:31:32.971+02:00 DEBUG 21776 --- [demo] [nio-8080-exec-1] org.hibernate.SQL                        : select p1_0.meeting_id,p1_0.id,p1_0.upload_date,p1_0.uploaded_by_id,p1_0.url from photos p1_0 where p1_0.meeting_id=?
Hibernate: select p1_0.meeting_id,p1_0.id,p1_0.upload_date,p1_0.uploaded_by_id,p1_0.url from photos p1_0 where p1_0.meeting_id=?
2026-06-01T17:31:32.972+02:00 DEBUG 21776 --- [demo] [nio-8080-exec-1] org.hibernate.SQL                        : select d1_0.meeting_id,d1_0.id,d1_0.name,d1_0.url from documents d1_0 where d1_0.meeting_id=?
Hibernate: select d1_0.meeting_id,d1_0.id,d1_0.name,d1_0.url from documents d1_0 where d1_0.meeting_id=?
2026-06-01T17:31:32.973+02:00 DEBUG 21776 --- [demo] [nio-8080-exec-1] org.hibernate.SQL                        : select p1_0.meeting_id,p1_1.id,p1_1.email,p1_1.first_name,p1_1.last_name,p1_1.phone from meeting_participants p1_0 join participants p1_1 on p1_1.id=p1_0.participant_id where p1_0.meeting_id=?
Hibernate: select p1_0.meeting_id,p1_1.id,p1_1.email,p1_1.first_name,p1_1.last_name,p1_1.phone from meeting_participants p1_0 join participants p1_1 on p1_1.id=p1_0.participant_id where p1_0.meeting_id=?
2026-06-01T17:31:32.974+02:00 DEBUG 21776 --- [demo] [nio-8080-exec-1] org.hibernate.SQL                        : select a1_0.meeting_id,a1_1.id,a1_1.description,a1_1.name from meeting_audiences a1_0 join audiences a1_1 on a1_1.id=a1_0.audience_id where a1_0.meeting_id=?
Hibernate: select a1_0.meeting_id,a1_1.id,a1_1.description,a1_1.name from meeting_audiences a1_0 join audiences a1_1 on a1_1.id=a1_0.audience_id where a1_0.meeting_id=?
2026-06-01T17:31:32.976+02:00 DEBUG 21776 --- [demo] [nio-8080-exec-1] org.hibernate.SQL                        : select p1_0.meeting_id,p1_0.id,p1_0.upload_date,p1_0.uploaded_by_id,p1_0.url from photos p1_0 where p1_0.meeting_id=?
Hibernate: select p1_0.meeting_id,p1_0.id,p1_0.upload_date,p1_0.uploaded_by_id,p1_0.url from photos p1_0 where p1_0.meeting_id=?
2026-06-01T17:31:32.976+02:00 DEBUG 21776 --- [demo] [nio-8080-exec-1] org.hibernate.SQL                        : select d1_0.meeting_id,d1_0.id,d1_0.name,d1_0.url from documents d1_0 where d1_0.meeting_id=?
Hibernate: select d1_0.meeting_id,d1_0.id,d1_0.name,d1_0.url from documents d1_0 where d1_0.meeting_id=?
2026-06-01T17:31:32.978+02:00 DEBUG 21776 --- [demo] [nio-8080-exec-1] o.s.w.s.m.m.a.HttpEntityMethodProcessor  : Using 'application/json', given [application/json, text/plain, */*] and supported [application/json, application/*+json]
2026-06-01T17:31:32.979+02:00 DEBUG 21776 --- [demo] [nio-8080-exec-1] o.s.w.s.m.m.a.HttpEntityMethodProcessor  : Writing [[MeetingResponse(id=1001, objective=Planifier le lancement du projet, type=Planning, description=Reu (truncated)...]
2026-06-01T17:31:32.980+02:00 DEBUG 21776 --- [demo] [nio-8080-exec-1] o.s.web.servlet.DispatcherServlet        : Completed 200 OK
2026-06-01T17:31:36.148+02:00 DEBUG 21776 --- [demo] [nio-8080-exec-7] org.hibernate.SQL                        : select u1_0.id,u1_0.active,u1_0.email,u1_0.name,u1_0.password,u1_0.role from users u1_0 where u1_0.email=?
Hibernate: select u1_0.id,u1_0.active,u1_0.email,u1_0.name,u1_0.password,u1_0.role from users u1_0 where u1_0.email=?
2026-06-01T17:31:36.155+02:00 DEBUG 21776 --- [demo] [nio-8080-exec-7] o.s.web.servlet.DispatcherServlet        : GET "/api/meetings?dateFrom=2026-06-01&dateTo=2026-06-30", parameters={masked}
2026-06-01T17:31:36.155+02:00 DEBUG 21776 --- [demo] [nio-8080-exec-7] s.w.s.m.m.a.RequestMappingHandlerMapping : Mapped to com.example.demo.controller.MeetingController#findAll(String, String, String, String, String)
2026-06-01T17:31:36.157+02:00 DEBUG 21776 --- [demo] [nio-8080-exec-7] org.hibernate.SQL                        : select m1_0.id,m1_0.date,m1_0.dependences,m1_0.description,m1_0.discussion,m1_0.end_time,m1_0.objective,m1_0.objet,m1_0.presidente,m1_0.rapporteur,m1_0.recommendation,m1_0.room,m1_0.start_time,m1_0.type from meetings m1_0
Hibernate: select m1_0.id,m1_0.date,m1_0.dependences,m1_0.description,m1_0.discussion,m1_0.end_time,m1_0.objective,m1_0.objet,m1_0.presidente,m1_0.rapporteur,m1_0.recommendation,m1_0.room,m1_0.start_time,m1_0.type from meetings m1_0
2026-06-01T17:31:36.160+02:00 DEBUG 21776 --- [demo] [nio-8080-exec-7] org.hibernate.SQL                        : select p1_0.meeting_id,p1_1.id,p1_1.email,p1_1.first_name,p1_1.last_name,p1_1.phone from meeting_participants p1_0 join participants p1_1 on p1_1.id=p1_0.participant_id where p1_0.meeting_id=?
Hibernate: select p1_0.meeting_id,p1_1.id,p1_1.email,p1_1.first_name,p1_1.last_name,p1_1.phone from meeting_participants p1_0 join participants p1_1 on p1_1.id=p1_0.participant_id where p1_0.meeting_id=?
2026-06-01T17:31:36.161+02:00 DEBUG 21776 --- [demo] [nio-8080-exec-7] org.hibernate.SQL                        : select a1_0.meeting_id,a1_1.id,a1_1.description,a1_1.name from meeting_audiences a1_0 join audiences a1_1 on a1_1.id=a1_0.audience_id where a1_0.meeting_id=?
Hibernate: select a1_0.meeting_id,a1_1.id,a1_1.description,a1_1.name from meeting_audiences a1_0 join audiences a1_1 on a1_1.id=a1_0.audience_id where a1_0.meeting_id=?
2026-06-01T17:31:36.163+02:00 DEBUG 21776 --- [demo] [nio-8080-exec-7] org.hibernate.SQL                        : select p1_0.meeting_id,p1_0.id,p1_0.upload_date,p1_0.uploaded_by_id,p1_0.url from photos p1_0 where p1_0.meeting_id=?
Hibernate: select p1_0.meeting_id,p1_0.id,p1_0.upload_date,p1_0.uploaded_by_id,p1_0.url from photos p1_0 where p1_0.meeting_id=?
2026-06-01T17:31:36.164+02:00 DEBUG 21776 --- [demo] [nio-8080-exec-7] org.hibernate.SQL                        : select d1_0.meeting_id,d1_0.id,d1_0.name,d1_0.url from documents d1_0 where d1_0.meeting_id=?
Hibernate: select d1_0.meeting_id,d1_0.id,d1_0.name,d1_0.url from documents d1_0 where d1_0.meeting_id=?
2026-06-01T17:31:36.165+02:00 DEBUG 21776 --- [demo] [nio-8080-exec-7] org.hibernate.SQL                        : select p1_0.meeting_id,p1_1.id,p1_1.email,p1_1.first_name,p1_1.last_name,p1_1.phone from meeting_participants p1_0 join participants p1_1 on p1_1.id=p1_0.participant_id where p1_0.meeting_id=?
Hibernate: select p1_0.meeting_id,p1_1.id,p1_1.email,p1_1.first_name,p1_1.last_name,p1_1.phone from meeting_participants p1_0 join participants p1_1 on p1_1.id=p1_0.participant_id where p1_0.meeting_id=?
2026-06-01T17:31:36.166+02:00 DEBUG 21776 --- [demo] [nio-8080-exec-7] org.hibernate.SQL                        : select a1_0.meeting_id,a1_1.id,a1_1.description,a1_1.name from meeting_audiences a1_0 join audiences a1_1 on a1_1.id=a1_0.audience_id where a1_0.meeting_id=?
Hibernate: select a1_0.meeting_id,a1_1.id,a1_1.description,a1_1.name from meeting_audiences a1_0 join audiences a1_1 on a1_1.id=a1_0.audience_id where a1_0.meeting_id=?
2026-06-01T17:31:36.167+02:00 DEBUG 21776 --- [demo] [nio-8080-exec-7] org.hibernate.SQL                        : select p1_0.meeting_id,p1_0.id,p1_0.upload_date,p1_0.uploaded_by_id,p1_0.url from photos p1_0 where p1_0.meeting_id=?
Hibernate: select p1_0.meeting_id,p1_0.id,p1_0.upload_date,p1_0.uploaded_by_id,p1_0.url from photos p1_0 where p1_0.meeting_id=?
2026-06-01T17:31:36.168+02:00 DEBUG 21776 --- [demo] [nio-8080-exec-7] org.hibernate.SQL                        : select d1_0.meeting_id,d1_0.id,d1_0.name,d1_0.url from documents d1_0 where d1_0.meeting_id=?
Hibernate: select d1_0.meeting_id,d1_0.id,d1_0.name,d1_0.url from documents d1_0 where d1_0.meeting_id=?
2026-06-01T17:31:36.169+02:00 DEBUG 21776 --- [demo] [nio-8080-exec-7] org.hibernate.SQL                        : select p1_0.meeting_id,p1_1.id,p1_1.email,p1_1.first_name,p1_1.last_name,p1_1.phone from meeting_participants p1_0 join participants p1_1 on p1_1.id=p1_0.participant_id where p1_0.meeting_id=?
Hibernate: select p1_0.meeting_id,p1_1.id,p1_1.email,p1_1.first_name,p1_1.last_name,p1_1.phone from meeting_participants p1_0 join participants p1_1 on p1_1.id=p1_0.participant_id where p1_0.meeting_id=?
2026-06-01T17:31:36.170+02:00 DEBUG 21776 --- [demo] [nio-8080-exec-7] org.hibernate.SQL                        : select a1_0.meeting_id,a1_1.id,a1_1.description,a1_1.name from meeting_audiences a1_0 join audiences a1_1 on a1_1.id=a1_0.audience_id where a1_0.meeting_id=?
Hibernate: select a1_0.meeting_id,a1_1.id,a1_1.description,a1_1.name from meeting_audiences a1_0 join audiences a1_1 on a1_1.id=a1_0.audience_id where a1_0.meeting_id=?
2026-06-01T17:31:36.171+02:00 DEBUG 21776 --- [demo] [nio-8080-exec-7] org.hibernate.SQL                        : select p1_0.meeting_id,p1_0.id,p1_0.upload_date,p1_0.uploaded_by_id,p1_0.url from photos p1_0 where p1_0.meeting_id=?
Hibernate: select p1_0.meeting_id,p1_0.id,p1_0.upload_date,p1_0.uploaded_by_id,p1_0.url from photos p1_0 where p1_0.meeting_id=?
2026-06-01T17:31:36.172+02:00 DEBUG 21776 --- [demo] [nio-8080-exec-7] org.hibernate.SQL                        : select d1_0.meeting_id,d1_0.id,d1_0.name,d1_0.url from documents d1_0 where d1_0.meeting_id=?
Hibernate: select d1_0.meeting_id,d1_0.id,d1_0.name,d1_0.url from documents d1_0 where d1_0.meeting_id=?
2026-06-01T17:31:36.172+02:00 DEBUG 21776 --- [demo] [nio-8080-exec-7] org.hibernate.SQL                        : select p1_0.meeting_id,p1_1.id,p1_1.email,p1_1.first_name,p1_1.last_name,p1_1.phone from meeting_participants p1_0 join participants p1_1 on p1_1.id=p1_0.participant_id where p1_0.meeting_id=?
Hibernate: select p1_0.meeting_id,p1_1.id,p1_1.email,p1_1.first_name,p1_1.last_name,p1_1.phone from meeting_participants p1_0 join participants p1_1 on p1_1.id=p1_0.participant_id where p1_0.meeting_id=?
2026-06-01T17:31:36.174+02:00 DEBUG 21776 --- [demo] [nio-8080-exec-7] org.hibernate.SQL                        : select a1_0.meeting_id,a1_1.id,a1_1.description,a1_1.name from meeting_audiences a1_0 join audiences a1_1 on a1_1.id=a1_0.audience_id where a1_0.meeting_id=?
Hibernate: select a1_0.meeting_id,a1_1.id,a1_1.description,a1_1.name from meeting_audiences a1_0 join audiences a1_1 on a1_1.id=a1_0.audience_id where a1_0.meeting_id=?
2026-06-01T17:31:36.175+02:00 DEBUG 21776 --- [demo] [nio-8080-exec-7] org.hibernate.SQL                        : select p1_0.meeting_id,p1_0.id,p1_0.upload_date,p1_0.uploaded_by_id,p1_0.url from photos p1_0 where p1_0.meeting_id=?
Hibernate: select p1_0.meeting_id,p1_0.id,p1_0.upload_date,p1_0.uploaded_by_id,p1_0.url from photos p1_0 where p1_0.meeting_id=?
2026-06-01T17:31:36.176+02:00 DEBUG 21776 --- [demo] [nio-8080-exec-7] org.hibernate.SQL                        : select d1_0.meeting_id,d1_0.id,d1_0.name,d1_0.url from documents d1_0 where d1_0.meeting_id=?
Hibernate: select d1_0.meeting_id,d1_0.id,d1_0.name,d1_0.url from documents d1_0 where d1_0.meeting_id=?
2026-06-01T17:31:36.178+02:00 DEBUG 21776 --- [demo] [nio-8080-exec-7] o.s.w.s.m.m.a.HttpEntityMethodProcessor  : Using 'application/json', given [application/json, text/plain, */*] and supported [application/json, application/*+json]
2026-06-01T17:31:36.179+02:00 DEBUG 21776 --- [demo] [nio-8080-exec-7] o.s.w.s.m.m.a.HttpEntityMethodProcessor  : Writing [[]]
2026-06-01T17:31:36.180+02:00 DEBUG 21776 --- [demo] [nio-8080-exec-7] o.s.web.servlet.DispatcherServlet        : Completed 200 OK
2026-06-01T17:31:39.012+02:00 DEBUG 21776 --- [demo] [nio-8080-exec-9] org.hibernate.SQL                        : select u1_0.id,u1_0.active,u1_0.email,u1_0.name,u1_0.password,u1_0.role from users u1_0 where u1_0.email=?
Hibernate: select u1_0.id,u1_0.active,u1_0.email,u1_0.name,u1_0.password,u1_0.role from users u1_0 where u1_0.email=?
2026-06-01T17:31:39.019+02:00 DEBUG 21776 --- [demo] [nio-8080-exec-9] o.s.web.servlet.DispatcherServlet        : GET "/api/meetings?dateFrom=2026-05-01&dateTo=2026-05-31", parameters={masked}
2026-06-01T17:31:39.020+02:00 DEBUG 21776 --- [demo] [nio-8080-exec-9] s.w.s.m.m.a.RequestMappingHandlerMapping : Mapped to com.example.demo.controller.MeetingController#findAll(String, String, String, String, String)
2026-06-01T17:31:39.023+02:00 DEBUG 21776 --- [demo] [nio-8080-exec-9] org.hibernate.SQL                        : select m1_0.id,m1_0.date,m1_0.dependences,m1_0.description,m1_0.discussion,m1_0.end_time,m1_0.objective,m1_0.objet,m1_0.presidente,m1_0.rapporteur,m1_0.recommendation,m1_0.room,m1_0.start_time,m1_0.type from meetings m1_0
Hibernate: select m1_0.id,m1_0.date,m1_0.dependences,m1_0.description,m1_0.discussion,m1_0.end_time,m1_0.objective,m1_0.objet,m1_0.presidente,m1_0.rapporteur,m1_0.recommendation,m1_0.room,m1_0.start_time,m1_0.type from meetings m1_0
2026-06-01T17:31:39.025+02:00 DEBUG 21776 --- [demo] [nio-8080-exec-9] org.hibernate.SQL                        : select p1_0.meeting_id,p1_1.id,p1_1.email,p1_1.first_name,p1_1.last_name,p1_1.phone from meeting_participants p1_0 join participants p1_1 on p1_1.id=p1_0.participant_id where p1_0.meeting_id=?
Hibernate: select p1_0.meeting_id,p1_1.id,p1_1.email,p1_1.first_name,p1_1.last_name,p1_1.phone from meeting_participants p1_0 join participants p1_1 on p1_1.id=p1_0.participant_id where p1_0.meeting_id=?
2026-06-01T17:31:39.027+02:00 DEBUG 21776 --- [demo] [nio-8080-exec-9] org.hibernate.SQL                        : select a1_0.meeting_id,a1_1.id,a1_1.description,a1_1.name from meeting_audiences a1_0 join audiences a1_1 on a1_1.id=a1_0.audience_id where a1_0.meeting_id=?
Hibernate: select a1_0.meeting_id,a1_1.id,a1_1.description,a1_1.name from meeting_audiences a1_0 join audiences a1_1 on a1_1.id=a1_0.audience_id where a1_0.meeting_id=?
2026-06-01T17:31:39.029+02:00 DEBUG 21776 --- [demo] [nio-8080-exec-9] org.hibernate.SQL                        : select p1_0.meeting_id,p1_0.id,p1_0.upload_date,p1_0.uploaded_by_id,p1_0.url from photos p1_0 where p1_0.meeting_id=?
Hibernate: select p1_0.meeting_id,p1_0.id,p1_0.upload_date,p1_0.uploaded_by_id,p1_0.url from photos p1_0 where p1_0.meeting_id=?
2026-06-01T17:31:39.030+02:00 DEBUG 21776 --- [demo] [nio-8080-exec-9] org.hibernate.SQL                        : select d1_0.meeting_id,d1_0.id,d1_0.name,d1_0.url from documents d1_0 where d1_0.meeting_id=?
Hibernate: select d1_0.meeting_id,d1_0.id,d1_0.name,d1_0.url from documents d1_0 where d1_0.meeting_id=?
2026-06-01T17:31:39.032+02:00 DEBUG 21776 --- [demo] [nio-8080-exec-9] org.hibernate.SQL                        : select p1_0.meeting_id,p1_1.id,p1_1.email,p1_1.first_name,p1_1.last_name,p1_1.phone from meeting_participants p1_0 join participants p1_1 on p1_1.id=p1_0.participant_id where p1_0.meeting_id=?
Hibernate: select p1_0.meeting_id,p1_1.id,p1_1.email,p1_1.first_name,p1_1.last_name,p1_1.phone from meeting_participants p1_0 join participants p1_1 on p1_1.id=p1_0.participant_id where p1_0.meeting_id=?
2026-06-01T17:31:39.033+02:00 DEBUG 21776 --- [demo] [nio-8080-exec-9] org.hibernate.SQL                        : select a1_0.meeting_id,a1_1.id,a1_1.description,a1_1.name from meeting_audiences a1_0 join audiences a1_1 on a1_1.id=a1_0.audience_id where a1_0.meeting_id=?
Hibernate: select a1_0.meeting_id,a1_1.id,a1_1.description,a1_1.name from meeting_audiences a1_0 join audiences a1_1 on a1_1.id=a1_0.audience_id where a1_0.meeting_id=?
2026-06-01T17:31:39.034+02:00 DEBUG 21776 --- [demo] [nio-8080-exec-9] org.hibernate.SQL                        : select p1_0.meeting_id,p1_0.id,p1_0.upload_date,p1_0.uploaded_by_id,p1_0.url from photos p1_0 where p1_0.meeting_id=?
Hibernate: select p1_0.meeting_id,p1_0.id,p1_0.upload_date,p1_0.uploaded_by_id,p1_0.url from photos p1_0 where p1_0.meeting_id=?
2026-06-01T17:31:39.037+02:00 DEBUG 21776 --- [demo] [nio-8080-exec-9] org.hibernate.SQL                        : select d1_0.meeting_id,d1_0.id,d1_0.name,d1_0.url from documents d1_0 where d1_0.meeting_id=?
Hibernate: select d1_0.meeting_id,d1_0.id,d1_0.name,d1_0.url from documents d1_0 where d1_0.meeting_id=?
2026-06-01T17:31:39.038+02:00 DEBUG 21776 --- [demo] [nio-8080-exec-9] org.hibernate.SQL                        : select p1_0.meeting_id,p1_1.id,p1_1.email,p1_1.first_name,p1_1.last_name,p1_1.phone from meeting_participants p1_0 join participants p1_1 on p1_1.id=p1_0.participant_id where p1_0.meeting_id=?
Hibernate: select p1_0.meeting_id,p1_1.id,p1_1.email,p1_1.first_name,p1_1.last_name,p1_1.phone from meeting_participants p1_0 join participants p1_1 on p1_1.id=p1_0.participant_id where p1_0.meeting_id=?
2026-06-01T17:31:39.040+02:00 DEBUG 21776 --- [demo] [nio-8080-exec-9] org.hibernate.SQL                        : select a1_0.meeting_id,a1_1.id,a1_1.description,a1_1.name from meeting_audiences a1_0 join audiences a1_1 on a1_1.id=a1_0.audience_id where a1_0.meeting_id=?
Hibernate: select a1_0.meeting_id,a1_1.id,a1_1.description,a1_1.name from meeting_audiences a1_0 join audiences a1_1 on a1_1.id=a1_0.audience_id where a1_0.meeting_id=?
2026-06-01T17:31:39.041+02:00 DEBUG 21776 --- [demo] [nio-8080-exec-9] org.hibernate.SQL                        : select p1_0.meeting_id,p1_0.id,p1_0.upload_date,p1_0.uploaded_by_id,p1_0.url from photos p1_0 where p1_0.meeting_id=?
Hibernate: select p1_0.meeting_id,p1_0.id,p1_0.upload_date,p1_0.uploaded_by_id,p1_0.url from photos p1_0 where p1_0.meeting_id=?
2026-06-01T17:31:39.042+02:00 DEBUG 21776 --- [demo] [nio-8080-exec-9] org.hibernate.SQL                        : select d1_0.meeting_id,d1_0.id,d1_0.name,d1_0.url from documents d1_0 where d1_0.meeting_id=?
Hibernate: select d1_0.meeting_id,d1_0.id,d1_0.name,d1_0.url from documents d1_0 where d1_0.meeting_id=?
2026-06-01T17:31:39.044+02:00 DEBUG 21776 --- [demo] [nio-8080-exec-9] org.hibernate.SQL                        : select p1_0.meeting_id,p1_1.id,p1_1.email,p1_1.first_name,p1_1.last_name,p1_1.phone from meeting_participants p1_0 join participants p1_1 on p1_1.id=p1_0.participant_id where p1_0.meeting_id=?
Hibernate: select p1_0.meeting_id,p1_1.id,p1_1.email,p1_1.first_name,p1_1.last_name,p1_1.phone from meeting_participants p1_0 join participants p1_1 on p1_1.id=p1_0.participant_id where p1_0.meeting_id=?
2026-06-01T17:31:39.045+02:00 DEBUG 21776 --- [demo] [nio-8080-exec-9] org.hibernate.SQL                        : select a1_0.meeting_id,a1_1.id,a1_1.description,a1_1.name from meeting_audiences a1_0 join audiences a1_1 on a1_1.id=a1_0.audience_id where a1_0.meeting_id=?
Hibernate: select a1_0.meeting_id,a1_1.id,a1_1.description,a1_1.name from meeting_audiences a1_0 join audiences a1_1 on a1_1.id=a1_0.audience_id where a1_0.meeting_id=?
2026-06-01T17:31:39.046+02:00 DEBUG 21776 --- [demo] [nio-8080-exec-9] org.hibernate.SQL                        : select p1_0.meeting_id,p1_0.id,p1_0.upload_date,p1_0.uploaded_by_id,p1_0.url from photos p1_0 where p1_0.meeting_id=?
Hibernate: select p1_0.meeting_id,p1_0.id,p1_0.upload_date,p1_0.uploaded_by_id,p1_0.url from photos p1_0 where p1_0.meeting_id=?
2026-06-01T17:31:39.048+02:00 DEBUG 21776 --- [demo] [nio-8080-exec-9] org.hibernate.SQL                        : select d1_0.meeting_id,d1_0.id,d1_0.name,d1_0.url from documents d1_0 where d1_0.meeting_id=?
Hibernate: select d1_0.meeting_id,d1_0.id,d1_0.name,d1_0.url from documents d1_0 where d1_0.meeting_id=?
2026-06-01T17:31:39.050+02:00 DEBUG 21776 --- [demo] [nio-8080-exec-9] o.s.w.s.m.m.a.HttpEntityMethodProcessor  : Using 'application/json', given [application/json, text/plain, */*] and supported [application/json, application/*+json]
2026-06-01T17:31:39.051+02:00 DEBUG 21776 --- [demo] [nio-8080-exec-9] o.s.w.s.m.m.a.HttpEntityMethodProcessor  : Writing [[MeetingResponse(id=1001, objective=Planifier le lancement du projet, type=Planning, description=Reu (truncated)...]
2026-06-01T17:31:39.052+02:00 DEBUG 21776 --- [demo] [nio-8080-exec-9] o.s.web.servlet.DispatcherServlet        : Completed 200 OK
2026-06-01T17:31:40.124+02:00 DEBUG 21776 --- [demo] [io-8080-exec-10] org.hibernate.SQL                        : select u1_0.id,u1_0.active,u1_0.email,u1_0.name,u1_0.password,u1_0.role from users u1_0 where u1_0.email=?
Hibernate: select u1_0.id,u1_0.active,u1_0.email,u1_0.name,u1_0.password,u1_0.role from users u1_0 where u1_0.email=?
2026-06-01T17:31:40.130+02:00 DEBUG 21776 --- [demo] [io-8080-exec-10] o.s.web.servlet.DispatcherServlet        : GET "/api/meetings?dateFrom=2026-04-01&dateTo=2026-04-30", parameters={masked}
2026-06-01T17:31:40.130+02:00 DEBUG 21776 --- [demo] [io-8080-exec-10] s.w.s.m.m.a.RequestMappingHandlerMapping : Mapped to com.example.demo.controller.MeetingController#findAll(String, String, String, String, String)
2026-06-01T17:31:40.133+02:00 DEBUG 21776 --- [demo] [io-8080-exec-10] org.hibernate.SQL                        : select m1_0.id,m1_0.date,m1_0.dependences,m1_0.description,m1_0.discussion,m1_0.end_time,m1_0.objective,m1_0.objet,m1_0.presidente,m1_0.rapporteur,m1_0.recommendation,m1_0.room,m1_0.start_time,m1_0.type from meetings m1_0
Hibernate: select m1_0.id,m1_0.date,m1_0.dependences,m1_0.description,m1_0.discussion,m1_0.end_time,m1_0.objective,m1_0.objet,m1_0.presidente,m1_0.rapporteur,m1_0.recommendation,m1_0.room,m1_0.start_time,m1_0.type from meetings m1_0
2026-06-01T17:31:40.135+02:00 DEBUG 21776 --- [demo] [io-8080-exec-10] org.hibernate.SQL                        : select p1_0.meeting_id,p1_1.id,p1_1.email,p1_1.first_name,p1_1.last_name,p1_1.phone from meeting_participants p1_0 join participants p1_1 on p1_1.id=p1_0.participant_id where p1_0.meeting_id=?
Hibernate: select p1_0.meeting_id,p1_1.id,p1_1.email,p1_1.first_name,p1_1.last_name,p1_1.phone from meeting_participants p1_0 join participants p1_1 on p1_1.id=p1_0.participant_id where p1_0.meeting_id=?
2026-06-01T17:31:40.136+02:00 DEBUG 21776 --- [demo] [io-8080-exec-10] org.hibernate.SQL                        : select a1_0.meeting_id,a1_1.id,a1_1.description,a1_1.name from meeting_audiences a1_0 join audiences a1_1 on a1_1.id=a1_0.audience_id where a1_0.meeting_id=?
Hibernate: select a1_0.meeting_id,a1_1.id,a1_1.description,a1_1.name from meeting_audiences a1_0 join audiences a1_1 on a1_1.id=a1_0.audience_id where a1_0.meeting_id=?
2026-06-01T17:31:40.137+02:00 DEBUG 21776 --- [demo] [io-8080-exec-10] org.hibernate.SQL                        : select p1_0.meeting_id,p1_0.id,p1_0.upload_date,p1_0.uploaded_by_id,p1_0.url from photos p1_0 where p1_0.meeting_id=?
Hibernate: select p1_0.meeting_id,p1_0.id,p1_0.upload_date,p1_0.uploaded_by_id,p1_0.url from photos p1_0 where p1_0.meeting_id=?
2026-06-01T17:31:40.138+02:00 DEBUG 21776 --- [demo] [io-8080-exec-10] org.hibernate.SQL                        : select d1_0.meeting_id,d1_0.id,d1_0.name,d1_0.url from documents d1_0 where d1_0.meeting_id=?
Hibernate: select d1_0.meeting_id,d1_0.id,d1_0.name,d1_0.url from documents d1_0 where d1_0.meeting_id=?
2026-06-01T17:31:40.139+02:00 DEBUG 21776 --- [demo] [io-8080-exec-10] org.hibernate.SQL                        : select p1_0.meeting_id,p1_1.id,p1_1.email,p1_1.first_name,p1_1.last_name,p1_1.phone from meeting_participants p1_0 join participants p1_1 on p1_1.id=p1_0.participant_id where p1_0.meeting_id=?
Hibernate: select p1_0.meeting_id,p1_1.id,p1_1.email,p1_1.first_name,p1_1.last_name,p1_1.phone from meeting_participants p1_0 join participants p1_1 on p1_1.id=p1_0.participant_id where p1_0.meeting_id=?
2026-06-01T17:31:40.140+02:00 DEBUG 21776 --- [demo] [io-8080-exec-10] org.hibernate.SQL                        : select a1_0.meeting_id,a1_1.id,a1_1.description,a1_1.name from meeting_audiences a1_0 join audiences a1_1 on a1_1.id=a1_0.audience_id where a1_0.meeting_id=?
Hibernate: select a1_0.meeting_id,a1_1.id,a1_1.description,a1_1.name from meeting_audiences a1_0 join audiences a1_1 on a1_1.id=a1_0.audience_id where a1_0.meeting_id=?
2026-06-01T17:31:40.141+02:00 DEBUG 21776 --- [demo] [io-8080-exec-10] org.hibernate.SQL                        : select p1_0.meeting_id,p1_0.id,p1_0.upload_date,p1_0.uploaded_by_id,p1_0.url from photos p1_0 where p1_0.meeting_id=?
Hibernate: select p1_0.meeting_id,p1_0.id,p1_0.upload_date,p1_0.uploaded_by_id,p1_0.url from photos p1_0 where p1_0.meeting_id=?
2026-06-01T17:31:40.143+02:00 DEBUG 21776 --- [demo] [io-8080-exec-10] org.hibernate.SQL                        : select d1_0.meeting_id,d1_0.id,d1_0.name,d1_0.url from documents d1_0 where d1_0.meeting_id=?
Hibernate: select d1_0.meeting_id,d1_0.id,d1_0.name,d1_0.url from documents d1_0 where d1_0.meeting_id=?
2026-06-01T17:31:40.144+02:00 DEBUG 21776 --- [demo] [io-8080-exec-10] org.hibernate.SQL                        : select p1_0.meeting_id,p1_1.id,p1_1.email,p1_1.first_name,p1_1.last_name,p1_1.phone from meeting_participants p1_0 join participants p1_1 on p1_1.id=p1_0.participant_id where p1_0.meeting_id=?
Hibernate: select p1_0.meeting_id,p1_1.id,p1_1.email,p1_1.first_name,p1_1.last_name,p1_1.phone from meeting_participants p1_0 join participants p1_1 on p1_1.id=p1_0.participant_id where p1_0.meeting_id=?
2026-06-01T17:31:40.145+02:00 DEBUG 21776 --- [demo] [io-8080-exec-10] org.hibernate.SQL                        : select a1_0.meeting_id,a1_1.id,a1_1.description,a1_1.name from meeting_audiences a1_0 join audiences a1_1 on a1_1.id=a1_0.audience_id where a1_0.meeting_id=?
Hibernate: select a1_0.meeting_id,a1_1.id,a1_1.description,a1_1.name from meeting_audiences a1_0 join audiences a1_1 on a1_1.id=a1_0.audience_id where a1_0.meeting_id=?
2026-06-01T17:31:40.146+02:00 DEBUG 21776 --- [demo] [io-8080-exec-10] org.hibernate.SQL                        : select p1_0.meeting_id,p1_0.id,p1_0.upload_date,p1_0.uploaded_by_id,p1_0.url from photos p1_0 where p1_0.meeting_id=?
Hibernate: select p1_0.meeting_id,p1_0.id,p1_0.upload_date,p1_0.uploaded_by_id,p1_0.url from photos p1_0 where p1_0.meeting_id=?
2026-06-01T17:31:40.147+02:00 DEBUG 21776 --- [demo] [io-8080-exec-10] org.hibernate.SQL                        : select d1_0.meeting_id,d1_0.id,d1_0.name,d1_0.url from documents d1_0 where d1_0.meeting_id=?
Hibernate: select d1_0.meeting_id,d1_0.id,d1_0.name,d1_0.url from documents d1_0 where d1_0.meeting_id=?
2026-06-01T17:31:40.148+02:00 DEBUG 21776 --- [demo] [io-8080-exec-10] org.hibernate.SQL                        : select p1_0.meeting_id,p1_1.id,p1_1.email,p1_1.first_name,p1_1.last_name,p1_1.phone from meeting_participants p1_0 join participants p1_1 on p1_1.id=p1_0.participant_id where p1_0.meeting_id=?
Hibernate: select p1_0.meeting_id,p1_1.id,p1_1.email,p1_1.first_name,p1_1.last_name,p1_1.phone from meeting_participants p1_0 join participants p1_1 on p1_1.id=p1_0.participant_id where p1_0.meeting_id=?
2026-06-01T17:31:40.149+02:00 DEBUG 21776 --- [demo] [io-8080-exec-10] org.hibernate.SQL                        : select a1_0.meeting_id,a1_1.id,a1_1.description,a1_1.name from meeting_audiences a1_0 join audiences a1_1 on a1_1.id=a1_0.audience_id where a1_0.meeting_id=?
Hibernate: select a1_0.meeting_id,a1_1.id,a1_1.description,a1_1.name from meeting_audiences a1_0 join audiences a1_1 on a1_1.id=a1_0.audience_id where a1_0.meeting_id=?
2026-06-01T17:31:40.150+02:00 DEBUG 21776 --- [demo] [io-8080-exec-10] org.hibernate.SQL                        : select p1_0.meeting_id,p1_0.id,p1_0.upload_date,p1_0.uploaded_by_id,p1_0.url from photos p1_0 where p1_0.meeting_id=?
Hibernate: select p1_0.meeting_id,p1_0.id,p1_0.upload_date,p1_0.uploaded_by_id,p1_0.url from photos p1_0 where p1_0.meeting_id=?
2026-06-01T17:31:40.150+02:00 DEBUG 21776 --- [demo] [io-8080-exec-10] org.hibernate.SQL                        : select d1_0.meeting_id,d1_0.id,d1_0.name,d1_0.url from documents d1_0 where d1_0.meeting_id=?
Hibernate: select d1_0.meeting_id,d1_0.id,d1_0.name,d1_0.url from documents d1_0 where d1_0.meeting_id=?
2026-06-01T17:31:40.151+02:00 DEBUG 21776 --- [demo] [io-8080-exec-10] o.s.w.s.m.m.a.HttpEntityMethodProcessor  : Using 'application/json', given [application/json, text/plain, */*] and supported [application/json, application/*+json]
2026-06-01T17:31:40.153+02:00 DEBUG 21776 --- [demo] [io-8080-exec-10] o.s.w.s.m.m.a.HttpEntityMethodProcessor  : Writing [[]]
2026-06-01T17:31:40.153+02:00 DEBUG 21776 --- [demo] [io-8080-exec-10] o.s.web.servlet.DispatcherServlet        : Completed 200 OK
2026-06-01T17:31:41.042+02:00 DEBUG 21776 --- [demo] [nio-8080-exec-8] org.hibernate.SQL                        : select u1_0.id,u1_0.active,u1_0.email,u1_0.name,u1_0.password,u1_0.role from users u1_0 where u1_0.email=?
Hibernate: select u1_0.id,u1_0.active,u1_0.email,u1_0.name,u1_0.password,u1_0.role from users u1_0 where u1_0.email=?
2026-06-01T17:31:41.043+02:00 DEBUG 21776 --- [demo] [nio-8080-exec-4] org.hibernate.SQL                        : select u1_0.id,u1_0.active,u1_0.email,u1_0.name,u1_0.password,u1_0.role from users u1_0 where u1_0.email=?
Hibernate: select u1_0.id,u1_0.active,u1_0.email,u1_0.name,u1_0.password,u1_0.role from users u1_0 where u1_0.email=?
2026-06-01T17:31:41.049+02:00 DEBUG 21776 --- [demo] [nio-8080-exec-8] o.s.web.servlet.DispatcherServlet        : GET "/api/historique/objectives", parameters={}
2026-06-01T17:31:41.049+02:00 DEBUG 21776 --- [demo] [nio-8080-exec-4] o.s.web.servlet.DispatcherServlet        : GET "/api/participants", parameters={}
2026-06-01T17:31:41.050+02:00 DEBUG 21776 --- [demo] [nio-8080-exec-8] s.w.s.m.m.a.RequestMappingHandlerMapping : Mapped to com.example.demo.controller.HistoriqueController#getObjectives()
2026-06-01T17:31:41.050+02:00 DEBUG 21776 --- [demo] [nio-8080-exec-4] s.w.s.m.m.a.RequestMappingHandlerMapping : Mapped to com.example.demo.controller.ParticipantController#findAll()
2026-06-01T17:31:41.051+02:00 DEBUG 21776 --- [demo] [nio-8080-exec-8] org.hibernate.SQL                        : select distinct h1_0.objective from historique h1_0 where h1_0.objective is not null and h1_0.objective<>'' order by h1_0.objective
Hibernate: select distinct h1_0.objective from historique h1_0 where h1_0.objective is not null and h1_0.objective<>'' order by h1_0.objective
2026-06-01T17:31:41.053+02:00 DEBUG 21776 --- [demo] [nio-8080-exec-4] org.hibernate.SQL                        : select p1_0.id,p1_0.email,p1_0.first_name,p1_0.last_name,p1_0.phone from participants p1_0
Hibernate: select p1_0.id,p1_0.email,p1_0.first_name,p1_0.last_name,p1_0.phone from participants p1_0
2026-06-01T17:31:41.053+02:00 DEBUG 21776 --- [demo] [nio-8080-exec-8] o.s.w.s.m.m.a.HttpEntityMethodProcessor  : Using 'application/json', given [application/json, text/plain, */*] and supported [application/json, application/*+json]
2026-06-01T17:31:41.054+02:00 DEBUG 21776 --- [demo] [nio-8080-exec-8] o.s.w.s.m.m.a.HttpEntityMethodProcessor  : Writing [[Suivre les actions ouvertes, test12, test33, test444]]
2026-06-01T17:31:41.055+02:00 DEBUG 21776 --- [demo] [nio-8080-exec-8] o.s.web.servlet.DispatcherServlet        : Completed 200 OK
2026-06-01T17:31:41.055+02:00 DEBUG 21776 --- [demo] [nio-8080-exec-4] o.s.w.s.m.m.a.HttpEntityMethodProcessor  : Using 'application/json', given [application/json, text/plain, */*] and supported [application/json, application/*+json]
2026-06-01T17:31:41.055+02:00 DEBUG 21776 --- [demo] [nio-8080-exec-4] o.s.w.s.m.m.a.HttpEntityMethodProcessor  : Writing [[ParticipantResponse(id=1001, firstName=Sara, lastName=El Amrani, email=sara.elamrani@test.com, phon (truncated)...]
2026-06-01T17:31:41.056+02:00 DEBUG 21776 --- [demo] [nio-8080-exec-4] o.s.web.servlet.DispatcherServlet        : Completed 200 OK
2026-06-01T17:31:41.069+02:00 DEBUG 21776 --- [demo] [nio-8080-exec-5] org.hibernate.SQL                        : select u1_0.id,u1_0.active,u1_0.email,u1_0.name,u1_0.password,u1_0.role from users u1_0 where u1_0.email=?
Hibernate: select u1_0.id,u1_0.active,u1_0.email,u1_0.name,u1_0.password,u1_0.role from users u1_0 where u1_0.email=?
2026-06-01T17:31:41.069+02:00 DEBUG 21776 --- [demo] [nio-8080-exec-3] org.hibernate.SQL                        : select u1_0.id,u1_0.active,u1_0.email,u1_0.name,u1_0.password,u1_0.role from users u1_0 where u1_0.email=?
Hibernate: select u1_0.id,u1_0.active,u1_0.email,u1_0.name,u1_0.password,u1_0.role from users u1_0 where u1_0.email=?
2026-06-01T17:31:41.070+02:00 DEBUG 21776 --- [demo] [nio-8080-exec-5] o.s.web.servlet.DispatcherServlet        : GET "/api/historique/objectives", parameters={}
2026-06-01T17:31:41.071+02:00 DEBUG 21776 --- [demo] [nio-8080-exec-3] o.s.web.servlet.DispatcherServlet        : GET "/api/participants", parameters={}
2026-06-01T17:31:41.071+02:00 DEBUG 21776 --- [demo] [nio-8080-exec-5] s.w.s.m.m.a.RequestMappingHandlerMapping : Mapped to com.example.demo.controller.HistoriqueController#getObjectives()
2026-06-01T17:31:41.071+02:00 DEBUG 21776 --- [demo] [nio-8080-exec-3] s.w.s.m.m.a.RequestMappingHandlerMapping : Mapped to com.example.demo.controller.ParticipantController#findAll()
2026-06-01T17:31:41.071+02:00 DEBUG 21776 --- [demo] [nio-8080-exec-5] org.hibernate.SQL                        : select distinct h1_0.objective from historique h1_0 where h1_0.objective is not null and h1_0.objective<>'' order by h1_0.objective
Hibernate: select distinct h1_0.objective from historique h1_0 where h1_0.objective is not null and h1_0.objective<>'' order by h1_0.objective
2026-06-01T17:31:41.073+02:00 DEBUG 21776 --- [demo] [nio-8080-exec-3] org.hibernate.SQL                        : select p1_0.id,p1_0.email,p1_0.first_name,p1_0.last_name,p1_0.phone from participants p1_0
Hibernate: select p1_0.id,p1_0.email,p1_0.first_name,p1_0.last_name,p1_0.phone from participants p1_0
2026-06-01T17:31:41.074+02:00 DEBUG 21776 --- [demo] [nio-8080-exec-5] o.s.w.s.m.m.a.HttpEntityMethodProcessor  : Using 'application/json', given [application/json, text/plain, */*] and supported [application/json, application/*+json]
2026-06-01T17:31:41.074+02:00 DEBUG 21776 --- [demo] [nio-8080-exec-5] o.s.w.s.m.m.a.HttpEntityMethodProcessor  : Writing [[Suivre les actions ouvertes, test12, test33, test444]]
2026-06-01T17:31:41.075+02:00 DEBUG 21776 --- [demo] [nio-8080-exec-5] o.s.web.servlet.DispatcherServlet        : Completed 200 OK
2026-06-01T17:31:41.076+02:00 DEBUG 21776 --- [demo] [nio-8080-exec-3] o.s.w.s.m.m.a.HttpEntityMethodProcessor  : Using 'application/json', given [application/json, text/plain, */*] and supported [application/json, application/*+json]
2026-06-01T17:31:41.076+02:00 DEBUG 21776 --- [demo] [nio-8080-exec-3] o.s.w.s.m.m.a.HttpEntityMethodProcessor  : Writing [[ParticipantResponse(id=1001, firstName=Sara, lastName=El Amrani, email=sara.elamrani@test.com, phon (truncated)...]
2026-06-01T17:31:41.077+02:00 DEBUG 21776 --- [demo] [nio-8080-exec-3] o.s.web.servlet.DispatcherServlet        : Completed 200 OK
2026-06-01T17:44:58.350+02:00 DEBUG 21776 --- [demo] [nio-8080-exec-2] org.hibernate.SQL                        : select u1_0.id,u1_0.active,u1_0.email,u1_0.name,u1_0.password,u1_0.role from users u1_0 where u1_0.email=?
Hibernate: select u1_0.id,u1_0.active,u1_0.email,u1_0.name,u1_0.password,u1_0.role from users u1_0 where u1_0.email=?
2026-06-01T17:44:58.355+02:00 DEBUG 21776 --- [demo] [nio-8080-exec-2] o.s.web.servlet.DispatcherServlet        : GET "/api/meetings", parameters={}
2026-06-01T17:44:58.356+02:00 DEBUG 21776 --- [demo] [nio-8080-exec-2] s.w.s.m.m.a.RequestMappingHandlerMapping : Mapped to com.example.demo.controller.MeetingController#findAll(String, String, String, String, String)
2026-06-01T17:44:58.358+02:00 DEBUG 21776 --- [demo] [nio-8080-exec-2] org.hibernate.SQL                        : select m1_0.id,m1_0.date,m1_0.dependences,m1_0.description,m1_0.discussion,m1_0.end_time,m1_0.objective,m1_0.objet,m1_0.presidente,m1_0.rapporteur,m1_0.recommendation,m1_0.room,m1_0.start_time,m1_0.type from meetings m1_0
Hibernate: select m1_0.id,m1_0.date,m1_0.dependences,m1_0.description,m1_0.discussion,m1_0.end_time,m1_0.objective,m1_0.objet,m1_0.presidente,m1_0.rapporteur,m1_0.recommendation,m1_0.room,m1_0.start_time,m1_0.type from meetings m1_0
2026-06-01T17:44:58.361+02:00 DEBUG 21776 --- [demo] [nio-8080-exec-2] org.hibernate.SQL                        : select p1_0.meeting_id,p1_1.id,p1_1.email,p1_1.first_name,p1_1.last_name,p1_1.phone from meeting_participants p1_0 join participants p1_1 on p1_1.id=p1_0.participant_id where p1_0.meeting_id=?
Hibernate: select p1_0.meeting_id,p1_1.id,p1_1.email,p1_1.first_name,p1_1.last_name,p1_1.phone from meeting_participants p1_0 join participants p1_1 on p1_1.id=p1_0.participant_id where p1_0.meeting_id=?
2026-06-01T17:44:58.362+02:00 DEBUG 21776 --- [demo] [nio-8080-exec-2] org.hibernate.SQL                        : select a1_0.meeting_id,a1_1.id,a1_1.description,a1_1.name from meeting_audiences a1_0 join audiences a1_1 on a1_1.id=a1_0.audience_id where a1_0.meeting_id=?
Hibernate: select a1_0.meeting_id,a1_1.id,a1_1.description,a1_1.name from meeting_audiences a1_0 join audiences a1_1 on a1_1.id=a1_0.audience_id where a1_0.meeting_id=?
2026-06-01T17:44:58.364+02:00 DEBUG 21776 --- [demo] [nio-8080-exec-2] org.hibernate.SQL                        : select p1_0.meeting_id,p1_0.id,p1_0.upload_date,p1_0.uploaded_by_id,p1_0.url from photos p1_0 where p1_0.meeting_id=?
Hibernate: select p1_0.meeting_id,p1_0.id,p1_0.upload_date,p1_0.uploaded_by_id,p1_0.url from photos p1_0 where p1_0.meeting_id=?
2026-06-01T17:44:58.366+02:00 DEBUG 21776 --- [demo] [nio-8080-exec-2] org.hibernate.SQL                        : select d1_0.meeting_id,d1_0.id,d1_0.name,d1_0.url from documents d1_0 where d1_0.meeting_id=?
Hibernate: select d1_0.meeting_id,d1_0.id,d1_0.name,d1_0.url from documents d1_0 where d1_0.meeting_id=?
2026-06-01T17:44:58.367+02:00 DEBUG 21776 --- [demo] [nio-8080-exec-2] org.hibernate.SQL                        : select p1_0.meeting_id,p1_1.id,p1_1.email,p1_1.first_name,p1_1.last_name,p1_1.phone from meeting_participants p1_0 join participants p1_1 on p1_1.id=p1_0.participant_id where p1_0.meeting_id=?
Hibernate: select p1_0.meeting_id,p1_1.id,p1_1.email,p1_1.first_name,p1_1.last_name,p1_1.phone from meeting_participants p1_0 join participants p1_1 on p1_1.id=p1_0.participant_id where p1_0.meeting_id=?
2026-06-01T17:44:58.368+02:00 DEBUG 21776 --- [demo] [nio-8080-exec-2] org.hibernate.SQL                        : select a1_0.meeting_id,a1_1.id,a1_1.description,a1_1.name from meeting_audiences a1_0 join audiences a1_1 on a1_1.id=a1_0.audience_id where a1_0.meeting_id=?
Hibernate: select a1_0.meeting_id,a1_1.id,a1_1.description,a1_1.name from meeting_audiences a1_0 join audiences a1_1 on a1_1.id=a1_0.audience_id where a1_0.meeting_id=?
2026-06-01T17:44:58.368+02:00 DEBUG 21776 --- [demo] [nio-8080-exec-2] org.hibernate.SQL                        : select p1_0.meeting_id,p1_0.id,p1_0.upload_date,p1_0.uploaded_by_id,p1_0.url from photos p1_0 where p1_0.meeting_id=?
Hibernate: select p1_0.meeting_id,p1_0.id,p1_0.upload_date,p1_0.uploaded_by_id,p1_0.url from photos p1_0 where p1_0.meeting_id=?
2026-06-01T17:44:58.370+02:00 DEBUG 21776 --- [demo] [nio-8080-exec-2] org.hibernate.SQL                        : select d1_0.meeting_id,d1_0.id,d1_0.name,d1_0.url from documents d1_0 where d1_0.meeting_id=?
Hibernate: select d1_0.meeting_id,d1_0.id,d1_0.name,d1_0.url from documents d1_0 where d1_0.meeting_id=?
2026-06-01T17:44:58.371+02:00 DEBUG 21776 --- [demo] [nio-8080-exec-2] org.hibernate.SQL                        : select p1_0.meeting_id,p1_1.id,p1_1.email,p1_1.first_name,p1_1.last_name,p1_1.phone from meeting_participants p1_0 join participants p1_1 on p1_1.id=p1_0.participant_id where p1_0.meeting_id=?
Hibernate: select p1_0.meeting_id,p1_1.id,p1_1.email,p1_1.first_name,p1_1.last_name,p1_1.phone from meeting_participants p1_0 join participants p1_1 on p1_1.id=p1_0.participant_id where p1_0.meeting_id=?
2026-06-01T17:44:58.372+02:00 DEBUG 21776 --- [demo] [nio-8080-exec-2] org.hibernate.SQL                        : select a1_0.meeting_id,a1_1.id,a1_1.description,a1_1.name from meeting_audiences a1_0 join audiences a1_1 on a1_1.id=a1_0.audience_id where a1_0.meeting_id=?
Hibernate: select a1_0.meeting_id,a1_1.id,a1_1.description,a1_1.name from meeting_audiences a1_0 join audiences a1_1 on a1_1.id=a1_0.audience_id where a1_0.meeting_id=?
2026-06-01T17:44:58.374+02:00 DEBUG 21776 --- [demo] [nio-8080-exec-2] org.hibernate.SQL                        : select p1_0.meeting_id,p1_0.id,p1_0.upload_date,p1_0.uploaded_by_id,p1_0.url from photos p1_0 where p1_0.meeting_id=?
Hibernate: select p1_0.meeting_id,p1_0.id,p1_0.upload_date,p1_0.uploaded_by_id,p1_0.url from photos p1_0 where p1_0.meeting_id=?
2026-06-01T17:44:58.375+02:00 DEBUG 21776 --- [demo] [nio-8080-exec-2] org.hibernate.SQL                        : select d1_0.meeting_id,d1_0.id,d1_0.name,d1_0.url from documents d1_0 where d1_0.meeting_id=?
Hibernate: select d1_0.meeting_id,d1_0.id,d1_0.name,d1_0.url from documents d1_0 where d1_0.meeting_id=?
2026-06-01T17:44:58.376+02:00 DEBUG 21776 --- [demo] [nio-8080-exec-2] org.hibernate.SQL                        : select p1_0.meeting_id,p1_1.id,p1_1.email,p1_1.first_name,p1_1.last_name,p1_1.phone from meeting_participants p1_0 join participants p1_1 on p1_1.id=p1_0.participant_id where p1_0.meeting_id=?
Hibernate: select p1_0.meeting_id,p1_1.id,p1_1.email,p1_1.first_name,p1_1.last_name,p1_1.phone from meeting_participants p1_0 join participants p1_1 on p1_1.id=p1_0.participant_id where p1_0.meeting_id=?
2026-06-01T17:44:58.377+02:00 DEBUG 21776 --- [demo] [nio-8080-exec-2] org.hibernate.SQL                        : select a1_0.meeting_id,a1_1.id,a1_1.description,a1_1.name from meeting_audiences a1_0 join audiences a1_1 on a1_1.id=a1_0.audience_id where a1_0.meeting_id=?
Hibernate: select a1_0.meeting_id,a1_1.id,a1_1.description,a1_1.name from meeting_audiences a1_0 join audiences a1_1 on a1_1.id=a1_0.audience_id where a1_0.meeting_id=?
2026-06-01T17:44:58.378+02:00 DEBUG 21776 --- [demo] [nio-8080-exec-2] org.hibernate.SQL                        : select p1_0.meeting_id,p1_0.id,p1_0.upload_date,p1_0.uploaded_by_id,p1_0.url from photos p1_0 where p1_0.meeting_id=?
Hibernate: select p1_0.meeting_id,p1_0.id,p1_0.upload_date,p1_0.uploaded_by_id,p1_0.url from photos p1_0 where p1_0.meeting_id=?
2026-06-01T17:44:58.379+02:00 DEBUG 21776 --- [demo] [nio-8080-exec-2] org.hibernate.SQL                        : select d1_0.meeting_id,d1_0.id,d1_0.name,d1_0.url from documents d1_0 where d1_0.meeting_id=?
Hibernate: select d1_0.meeting_id,d1_0.id,d1_0.name,d1_0.url from documents d1_0 where d1_0.meeting_id=?
2026-06-01T17:44:58.380+02:00 DEBUG 21776 --- [demo] [nio-8080-exec-2] o.s.w.s.m.m.a.HttpEntityMethodProcessor  : Using 'application/json', given [application/json, text/plain, */*] and supported [application/json, application/*+json]
2026-06-01T17:44:58.382+02:00 DEBUG 21776 --- [demo] [nio-8080-exec-2] o.s.w.s.m.m.a.HttpEntityMethodProcessor  : Writing [[MeetingResponse(id=1001, objective=Planifier le lancement du projet, type=Planning, description=Reu (truncated)...]
2026-06-01T17:44:58.383+02:00 DEBUG 21776 --- [demo] [nio-8080-exec-2] o.s.web.servlet.DispatcherServlet        : Completed 200 OK
2026-06-01T17:44:58.392+02:00 DEBUG 21776 --- [demo] [nio-8080-exec-6] org.hibernate.SQL                        : select u1_0.id,u1_0.active,u1_0.email,u1_0.name,u1_0.password,u1_0.role from users u1_0 where u1_0.email=?
Hibernate: select u1_0.id,u1_0.active,u1_0.email,u1_0.name,u1_0.password,u1_0.role from users u1_0 where u1_0.email=?
2026-06-01T17:44:58.394+02:00 DEBUG 21776 --- [demo] [nio-8080-exec-6] o.s.web.servlet.DispatcherServlet        : GET "/api/meetings", parameters={}
2026-06-01T17:44:58.395+02:00 DEBUG 21776 --- [demo] [nio-8080-exec-6] s.w.s.m.m.a.RequestMappingHandlerMapping : Mapped to com.example.demo.controller.MeetingController#findAll(String, String, String, String, String)
2026-06-01T17:44:58.397+02:00 DEBUG 21776 --- [demo] [nio-8080-exec-6] org.hibernate.SQL                        : select m1_0.id,m1_0.date,m1_0.dependences,m1_0.description,m1_0.discussion,m1_0.end_time,m1_0.objective,m1_0.objet,m1_0.presidente,m1_0.rapporteur,m1_0.recommendation,m1_0.room,m1_0.start_time,m1_0.type from meetings m1_0
Hibernate: select m1_0.id,m1_0.date,m1_0.dependences,m1_0.description,m1_0.discussion,m1_0.end_time,m1_0.objective,m1_0.objet,m1_0.presidente,m1_0.rapporteur,m1_0.recommendation,m1_0.room,m1_0.start_time,m1_0.type from meetings m1_0
2026-06-01T17:44:58.399+02:00 DEBUG 21776 --- [demo] [nio-8080-exec-6] org.hibernate.SQL                        : select p1_0.meeting_id,p1_1.id,p1_1.email,p1_1.first_name,p1_1.last_name,p1_1.phone from meeting_participants p1_0 join participants p1_1 on p1_1.id=p1_0.participant_id where p1_0.meeting_id=?
Hibernate: select p1_0.meeting_id,p1_1.id,p1_1.email,p1_1.first_name,p1_1.last_name,p1_1.phone from meeting_participants p1_0 join participants p1_1 on p1_1.id=p1_0.participant_id where p1_0.meeting_id=?
2026-06-01T17:44:58.400+02:00 DEBUG 21776 --- [demo] [nio-8080-exec-6] org.hibernate.SQL                        : select a1_0.meeting_id,a1_1.id,a1_1.description,a1_1.name from meeting_audiences a1_0 join audiences a1_1 on a1_1.id=a1_0.audience_id where a1_0.meeting_id=?
Hibernate: select a1_0.meeting_id,a1_1.id,a1_1.description,a1_1.name from meeting_audiences a1_0 join audiences a1_1 on a1_1.id=a1_0.audience_id where a1_0.meeting_id=?
2026-06-01T17:44:58.403+02:00 DEBUG 21776 --- [demo] [nio-8080-exec-6] org.hibernate.SQL                        : select p1_0.meeting_id,p1_0.id,p1_0.upload_date,p1_0.uploaded_by_id,p1_0.url from photos p1_0 where p1_0.meeting_id=?
Hibernate: select p1_0.meeting_id,p1_0.id,p1_0.upload_date,p1_0.uploaded_by_id,p1_0.url from photos p1_0 where p1_0.meeting_id=?
2026-06-01T17:44:58.404+02:00 DEBUG 21776 --- [demo] [nio-8080-exec-6] org.hibernate.SQL                        : select d1_0.meeting_id,d1_0.id,d1_0.name,d1_0.url from documents d1_0 where d1_0.meeting_id=?
Hibernate: select d1_0.meeting_id,d1_0.id,d1_0.name,d1_0.url from documents d1_0 where d1_0.meeting_id=?
2026-06-01T17:44:58.405+02:00 DEBUG 21776 --- [demo] [nio-8080-exec-6] org.hibernate.SQL                        : select p1_0.meeting_id,p1_1.id,p1_1.email,p1_1.first_name,p1_1.last_name,p1_1.phone from meeting_participants p1_0 join participants p1_1 on p1_1.id=p1_0.participant_id where p1_0.meeting_id=?
Hibernate: select p1_0.meeting_id,p1_1.id,p1_1.email,p1_1.first_name,p1_1.last_name,p1_1.phone from meeting_participants p1_0 join participants p1_1 on p1_1.id=p1_0.participant_id where p1_0.meeting_id=?
2026-06-01T17:44:58.407+02:00 DEBUG 21776 --- [demo] [nio-8080-exec-6] org.hibernate.SQL                        : select a1_0.meeting_id,a1_1.id,a1_1.description,a1_1.name from meeting_audiences a1_0 join audiences a1_1 on a1_1.id=a1_0.audience_id where a1_0.meeting_id=?
Hibernate: select a1_0.meeting_id,a1_1.id,a1_1.description,a1_1.name from meeting_audiences a1_0 join audiences a1_1 on a1_1.id=a1_0.audience_id where a1_0.meeting_id=?
2026-06-01T17:44:58.408+02:00 DEBUG 21776 --- [demo] [nio-8080-exec-6] org.hibernate.SQL                        : select p1_0.meeting_id,p1_0.id,p1_0.upload_date,p1_0.uploaded_by_id,p1_0.url from photos p1_0 where p1_0.meeting_id=?
Hibernate: select p1_0.meeting_id,p1_0.id,p1_0.upload_date,p1_0.uploaded_by_id,p1_0.url from photos p1_0 where p1_0.meeting_id=?
2026-06-01T17:44:58.409+02:00 DEBUG 21776 --- [demo] [nio-8080-exec-6] org.hibernate.SQL                        : select d1_0.meeting_id,d1_0.id,d1_0.name,d1_0.url from documents d1_0 where d1_0.meeting_id=?
Hibernate: select d1_0.meeting_id,d1_0.id,d1_0.name,d1_0.url from documents d1_0 where d1_0.meeting_id=?
2026-06-01T17:44:58.411+02:00 DEBUG 21776 --- [demo] [nio-8080-exec-6] org.hibernate.SQL                        : select p1_0.meeting_id,p1_1.id,p1_1.email,p1_1.first_name,p1_1.last_name,p1_1.phone from meeting_participants p1_0 join participants p1_1 on p1_1.id=p1_0.participant_id where p1_0.meeting_id=?
Hibernate: select p1_0.meeting_id,p1_1.id,p1_1.email,p1_1.first_name,p1_1.last_name,p1_1.phone from meeting_participants p1_0 join participants p1_1 on p1_1.id=p1_0.participant_id where p1_0.meeting_id=?
2026-06-01T17:44:58.412+02:00 DEBUG 21776 --- [demo] [nio-8080-exec-6] org.hibernate.SQL                        : select a1_0.meeting_id,a1_1.id,a1_1.description,a1_1.name from meeting_audiences a1_0 join audiences a1_1 on a1_1.id=a1_0.audience_id where a1_0.meeting_id=?
Hibernate: select a1_0.meeting_id,a1_1.id,a1_1.description,a1_1.name from meeting_audiences a1_0 join audiences a1_1 on a1_1.id=a1_0.audience_id where a1_0.meeting_id=?
2026-06-01T17:44:58.412+02:00 DEBUG 21776 --- [demo] [nio-8080-exec-6] org.hibernate.SQL                        : select p1_0.meeting_id,p1_0.id,p1_0.upload_date,p1_0.uploaded_by_id,p1_0.url from photos p1_0 where p1_0.meeting_id=?
Hibernate: select p1_0.meeting_id,p1_0.id,p1_0.upload_date,p1_0.uploaded_by_id,p1_0.url from photos p1_0 where p1_0.meeting_id=?
2026-06-01T17:44:58.413+02:00 DEBUG 21776 --- [demo] [nio-8080-exec-6] org.hibernate.SQL                        : select d1_0.meeting_id,d1_0.id,d1_0.name,d1_0.url from documents d1_0 where d1_0.meeting_id=?
Hibernate: select d1_0.meeting_id,d1_0.id,d1_0.name,d1_0.url from documents d1_0 where d1_0.meeting_id=?
2026-06-01T17:44:58.414+02:00 DEBUG 21776 --- [demo] [nio-8080-exec-6] org.hibernate.SQL                        : select p1_0.meeting_id,p1_1.id,p1_1.email,p1_1.first_name,p1_1.last_name,p1_1.phone from meeting_participants p1_0 join participants p1_1 on p1_1.id=p1_0.participant_id where p1_0.meeting_id=?
Hibernate: select p1_0.meeting_id,p1_1.id,p1_1.email,p1_1.first_name,p1_1.last_name,p1_1.phone from meeting_participants p1_0 join participants p1_1 on p1_1.id=p1_0.participant_id where p1_0.meeting_id=?
2026-06-01T17:44:58.416+02:00 DEBUG 21776 --- [demo] [nio-8080-exec-6] org.hibernate.SQL                        : select a1_0.meeting_id,a1_1.id,a1_1.description,a1_1.name from meeting_audiences a1_0 join audiences a1_1 on a1_1.id=a1_0.audience_id where a1_0.meeting_id=?
Hibernate: select a1_0.meeting_id,a1_1.id,a1_1.description,a1_1.name from meeting_audiences a1_0 join audiences a1_1 on a1_1.id=a1_0.audience_id where a1_0.meeting_id=?
2026-06-01T17:44:58.417+02:00 DEBUG 21776 --- [demo] [nio-8080-exec-6] org.hibernate.SQL                        : select p1_0.meeting_id,p1_0.id,p1_0.upload_date,p1_0.uploaded_by_id,p1_0.url from photos p1_0 where p1_0.meeting_id=?
Hibernate: select p1_0.meeting_id,p1_0.id,p1_0.upload_date,p1_0.uploaded_by_id,p1_0.url from photos p1_0 where p1_0.meeting_id=?
2026-06-01T17:44:58.418+02:00 DEBUG 21776 --- [demo] [nio-8080-exec-6] org.hibernate.SQL                        : select d1_0.meeting_id,d1_0.id,d1_0.name,d1_0.url from documents d1_0 where d1_0.meeting_id=?
Hibernate: select d1_0.meeting_id,d1_0.id,d1_0.name,d1_0.url from documents d1_0 where d1_0.meeting_id=?
2026-06-01T17:44:58.420+02:00 DEBUG 21776 --- [demo] [nio-8080-exec-6] o.s.w.s.m.m.a.HttpEntityMethodProcessor  : Using 'application/json', given [application/json, text/plain, */*] and supported [application/json, application/*+json]
2026-06-01T17:44:58.420+02:00 DEBUG 21776 --- [demo] [nio-8080-exec-6] o.s.w.s.m.m.a.HttpEntityMethodProcessor  : Writing [[MeetingResponse(id=1001, objective=Planifier le lancement du projet, type=Planning, description=Reu (truncated)...]
2026-06-01T17:44:58.421+02:00 DEBUG 21776 --- [demo] [nio-8080-exec-6] o.s.web.servlet.DispatcherServlet        : Completed 200 OK
2026-06-01T17:44:59.489+02:00 DEBUG 21776 --- [demo] [nio-8080-exec-1] org.hibernate.SQL                        : select u1_0.id,u1_0.active,u1_0.email,u1_0.name,u1_0.password,u1_0.role from users u1_0 where u1_0.email=?
Hibernate: select u1_0.id,u1_0.active,u1_0.email,u1_0.name,u1_0.password,u1_0.role from users u1_0 where u1_0.email=?
2026-06-01T17:44:59.492+02:00 DEBUG 21776 --- [demo] [nio-8080-exec-1] o.s.web.servlet.DispatcherServlet        : GET "/api/meetings/1004", parameters={}
2026-06-01T17:44:59.492+02:00 DEBUG 21776 --- [demo] [nio-8080-exec-1] s.w.s.m.m.a.RequestMappingHandlerMapping : Mapped to com.example.demo.controller.MeetingController#findById(Long)
2026-06-01T17:44:59.493+02:00 DEBUG 21776 --- [demo] [nio-8080-exec-1] org.hibernate.SQL                        : select m1_0.id,m1_0.date,m1_0.dependences,m1_0.description,m1_0.discussion,m1_0.end_time,m1_0.objective,m1_0.objet,m1_0.presidente,m1_0.rapporteur,m1_0.recommendation,m1_0.room,m1_0.start_time,m1_0.type from meetings m1_0 where m1_0.id=?
Hibernate: select m1_0.id,m1_0.date,m1_0.dependences,m1_0.description,m1_0.discussion,m1_0.end_time,m1_0.objective,m1_0.objet,m1_0.presidente,m1_0.rapporteur,m1_0.recommendation,m1_0.room,m1_0.start_time,m1_0.type from meetings m1_0 where m1_0.id=?
2026-06-01T17:44:59.495+02:00 DEBUG 21776 --- [demo] [nio-8080-exec-1] org.hibernate.SQL                        : select p1_0.meeting_id,p1_1.id,p1_1.email,p1_1.first_name,p1_1.last_name,p1_1.phone from meeting_participants p1_0 join participants p1_1 on p1_1.id=p1_0.participant_id where p1_0.meeting_id=?
Hibernate: select p1_0.meeting_id,p1_1.id,p1_1.email,p1_1.first_name,p1_1.last_name,p1_1.phone from meeting_participants p1_0 join participants p1_1 on p1_1.id=p1_0.participant_id where p1_0.meeting_id=?
2026-06-01T17:44:59.496+02:00 DEBUG 21776 --- [demo] [nio-8080-exec-1] org.hibernate.SQL                        : select a1_0.meeting_id,a1_1.id,a1_1.description,a1_1.name from meeting_audiences a1_0 join audiences a1_1 on a1_1.id=a1_0.audience_id where a1_0.meeting_id=?
Hibernate: select a1_0.meeting_id,a1_1.id,a1_1.description,a1_1.name from meeting_audiences a1_0 join audiences a1_1 on a1_1.id=a1_0.audience_id where a1_0.meeting_id=?
2026-06-01T17:44:59.497+02:00 DEBUG 21776 --- [demo] [nio-8080-exec-1] org.hibernate.SQL                        : select p1_0.meeting_id,p1_0.id,p1_0.upload_date,p1_0.uploaded_by_id,p1_0.url from photos p1_0 where p1_0.meeting_id=?
Hibernate: select p1_0.meeting_id,p1_0.id,p1_0.upload_date,p1_0.uploaded_by_id,p1_0.url from photos p1_0 where p1_0.meeting_id=?
2026-06-01T17:44:59.499+02:00 DEBUG 21776 --- [demo] [nio-8080-exec-1] org.hibernate.SQL                        : select d1_0.meeting_id,d1_0.id,d1_0.name,d1_0.url from documents d1_0 where d1_0.meeting_id=?
Hibernate: select d1_0.meeting_id,d1_0.id,d1_0.name,d1_0.url from documents d1_0 where d1_0.meeting_id=?
2026-06-01T17:44:59.500+02:00 DEBUG 21776 --- [demo] [nio-8080-exec-1] o.s.w.s.m.m.a.HttpEntityMethodProcessor  : Using 'application/json', given [application/json, text/plain, */*] and supported [application/json, application/*+json]
2026-06-01T17:44:59.501+02:00 DEBUG 21776 --- [demo] [nio-8080-exec-1] o.s.w.s.m.m.a.HttpEntityMethodProcessor  : Writing [MeetingResponse(id=1004, objective=for what, type=préinstruction, description=null, date=2026-12-12, (truncated)...]
2026-06-01T17:44:59.502+02:00 DEBUG 21776 --- [demo] [nio-8080-exec-1] o.s.web.servlet.DispatcherServlet        : Completed 200 OK
2026-06-01T17:44:59.511+02:00 DEBUG 21776 --- [demo] [nio-8080-exec-7] org.hibernate.SQL                        : select u1_0.id,u1_0.active,u1_0.email,u1_0.name,u1_0.password,u1_0.role from users u1_0 where u1_0.email=?
Hibernate: select u1_0.id,u1_0.active,u1_0.email,u1_0.name,u1_0.password,u1_0.role from users u1_0 where u1_0.email=?
2026-06-01T17:44:59.512+02:00 DEBUG 21776 --- [demo] [nio-8080-exec-9] org.hibernate.SQL                        : select u1_0.id,u1_0.active,u1_0.email,u1_0.name,u1_0.password,u1_0.role from users u1_0 where u1_0.email=?
Hibernate: select u1_0.id,u1_0.active,u1_0.email,u1_0.name,u1_0.password,u1_0.role from users u1_0 where u1_0.email=?
2026-06-01T17:44:59.513+02:00 DEBUG 21776 --- [demo] [nio-8080-exec-7] o.s.web.servlet.DispatcherServlet        : GET "/api/meetings/1004", parameters={}
2026-06-01T17:44:59.514+02:00 DEBUG 21776 --- [demo] [nio-8080-exec-7] s.w.s.m.m.a.RequestMappingHandlerMapping : Mapped to com.example.demo.controller.MeetingController#findById(Long)
2026-06-01T17:44:59.514+02:00 DEBUG 21776 --- [demo] [nio-8080-exec-9] o.s.web.servlet.DispatcherServlet        : GET "/api/meetings/1004/tasks", parameters={}
2026-06-01T17:44:59.514+02:00 DEBUG 21776 --- [demo] [nio-8080-exec-9] s.w.s.m.m.a.RequestMappingHandlerMapping : Mapped to com.example.demo.controller.TaskController#findByMeeting(Long)
2026-06-01T17:44:59.515+02:00 DEBUG 21776 --- [demo] [nio-8080-exec-7] org.hibernate.SQL                        : select m1_0.id,m1_0.date,m1_0.dependences,m1_0.description,m1_0.discussion,m1_0.end_time,m1_0.objective,m1_0.objet,m1_0.presidente,m1_0.rapporteur,m1_0.recommendation,m1_0.room,m1_0.start_time,m1_0.type from meetings m1_0 where m1_0.id=?
Hibernate: select m1_0.id,m1_0.date,m1_0.dependences,m1_0.description,m1_0.discussion,m1_0.end_time,m1_0.objective,m1_0.objet,m1_0.presidente,m1_0.rapporteur,m1_0.recommendation,m1_0.room,m1_0.start_time,m1_0.type from meetings m1_0 where m1_0.id=?
2026-06-01T17:44:59.516+02:00 DEBUG 21776 --- [demo] [nio-8080-exec-7] org.hibernate.SQL                        : select p1_0.meeting_id,p1_1.id,p1_1.email,p1_1.first_name,p1_1.last_name,p1_1.phone from meeting_participants p1_0 join participants p1_1 on p1_1.id=p1_0.participant_id where p1_0.meeting_id=?
Hibernate: select p1_0.meeting_id,p1_1.id,p1_1.email,p1_1.first_name,p1_1.last_name,p1_1.phone from meeting_participants p1_0 join participants p1_1 on p1_1.id=p1_0.participant_id where p1_0.meeting_id=?
2026-06-01T17:44:59.516+02:00 DEBUG 21776 --- [demo] [nio-8080-exec-9] org.hibernate.SQL                        : select t1_0.id,t1_0.meeting_id,t1_0.status,t1_0.title from tasks t1_0 where t1_0.meeting_id=?
Hibernate: select t1_0.id,t1_0.meeting_id,t1_0.status,t1_0.title from tasks t1_0 where t1_0.meeting_id=?
2026-06-01T17:44:59.517+02:00 DEBUG 21776 --- [demo] [nio-8080-exec-7] org.hibernate.SQL                        : select a1_0.meeting_id,a1_1.id,a1_1.description,a1_1.name from meeting_audiences a1_0 join audiences a1_1 on a1_1.id=a1_0.audience_id where a1_0.meeting_id=?
Hibernate: select a1_0.meeting_id,a1_1.id,a1_1.description,a1_1.name from meeting_audiences a1_0 join audiences a1_1 on a1_1.id=a1_0.audience_id where a1_0.meeting_id=?
2026-06-01T17:44:59.518+02:00 DEBUG 21776 --- [demo] [nio-8080-exec-7] org.hibernate.SQL                        : select p1_0.meeting_id,p1_0.id,p1_0.upload_date,p1_0.uploaded_by_id,p1_0.url from photos p1_0 where p1_0.meeting_id=?
Hibernate: select p1_0.meeting_id,p1_0.id,p1_0.upload_date,p1_0.uploaded_by_id,p1_0.url from photos p1_0 where p1_0.meeting_id=?
2026-06-01T17:44:59.519+02:00 DEBUG 21776 --- [demo] [nio-8080-exec-9] o.s.w.s.m.m.a.HttpEntityMethodProcessor  : Using 'application/json', given [application/json, text/plain, */*] and supported [application/json, application/*+json]
2026-06-01T17:44:59.519+02:00 DEBUG 21776 --- [demo] [nio-8080-exec-7] org.hibernate.SQL                        : select d1_0.meeting_id,d1_0.id,d1_0.name,d1_0.url from documents d1_0 where d1_0.meeting_id=?
Hibernate: select d1_0.meeting_id,d1_0.id,d1_0.name,d1_0.url from documents d1_0 where d1_0.meeting_id=?
2026-06-01T17:44:59.520+02:00 DEBUG 21776 --- [demo] [nio-8080-exec-9] o.s.w.s.m.m.a.HttpEntityMethodProcessor  : Writing [[TaskResponse(id=1, title=333, status=PENDING, meetingId=1004)]]
2026-06-01T17:44:59.521+02:00 DEBUG 21776 --- [demo] [nio-8080-exec-7] o.s.w.s.m.m.a.HttpEntityMethodProcessor  : Using 'application/json', given [application/json, text/plain, */*] and supported [application/json, application/*+json]
2026-06-01T17:44:59.521+02:00 DEBUG 21776 --- [demo] [nio-8080-exec-9] o.s.web.servlet.DispatcherServlet        : Completed 200 OK
2026-06-01T17:44:59.522+02:00 DEBUG 21776 --- [demo] [nio-8080-exec-7] o.s.w.s.m.m.a.HttpEntityMethodProcessor  : Writing [MeetingResponse(id=1004, objective=for what, type=préinstruction, description=null, date=2026-12-12, (truncated)...]
2026-06-01T17:44:59.523+02:00 DEBUG 21776 --- [demo] [nio-8080-exec-7] o.s.web.servlet.DispatcherServlet        : Completed 200 OK
2026-06-01T17:44:59.533+02:00 DEBUG 21776 --- [demo] [nio-8080-exec-8] org.hibernate.SQL                        : select u1_0.id,u1_0.active,u1_0.email,u1_0.name,u1_0.password,u1_0.role from users u1_0 where u1_0.email=?
Hibernate: select u1_0.id,u1_0.active,u1_0.email,u1_0.name,u1_0.password,u1_0.role from users u1_0 where u1_0.email=?
2026-06-01T17:44:59.533+02:00 DEBUG 21776 --- [demo] [io-8080-exec-10] org.hibernate.SQL                        : select u1_0.id,u1_0.active,u1_0.email,u1_0.name,u1_0.password,u1_0.role from users u1_0 where u1_0.email=?
Hibernate: select u1_0.id,u1_0.active,u1_0.email,u1_0.name,u1_0.password,u1_0.role from users u1_0 where u1_0.email=?
2026-06-01T17:44:59.536+02:00 DEBUG 21776 --- [demo] [io-8080-exec-10] o.s.web.servlet.DispatcherServlet        : GET "/api/meetings/1004/discussions", parameters={}
2026-06-01T17:44:59.536+02:00 DEBUG 21776 --- [demo] [nio-8080-exec-8] o.s.web.servlet.DispatcherServlet        : GET "/api/meetings/1004/tasks", parameters={}
2026-06-01T17:44:59.536+02:00 DEBUG 21776 --- [demo] [io-8080-exec-10] s.w.s.m.m.a.RequestMappingHandlerMapping : Mapped to com.example.demo.controller.DiscussionController#findByMeeting(Long)
2026-06-01T17:44:59.536+02:00 DEBUG 21776 --- [demo] [nio-8080-exec-8] s.w.s.m.m.a.RequestMappingHandlerMapping : Mapped to com.example.demo.controller.TaskController#findByMeeting(Long)
2026-06-01T17:44:59.538+02:00 DEBUG 21776 --- [demo] [io-8080-exec-10] org.hibernate.SQL                        : select d1_0.id,d1_0.content,d1_0.meeting_id,d1_0.id_participant,d1_0.speaker from discussion d1_0 where d1_0.meeting_id=?
Hibernate: select d1_0.id,d1_0.content,d1_0.meeting_id,d1_0.id_participant,d1_0.speaker from discussion d1_0 where d1_0.meeting_id=?
2026-06-01T17:44:59.539+02:00 DEBUG 21776 --- [demo] [nio-8080-exec-8] org.hibernate.SQL                        : select t1_0.id,t1_0.meeting_id,t1_0.status,t1_0.title from tasks t1_0 where t1_0.meeting_id=?
Hibernate: select t1_0.id,t1_0.meeting_id,t1_0.status,t1_0.title from tasks t1_0 where t1_0.meeting_id=?
2026-06-01T17:44:59.540+02:00 DEBUG 21776 --- [demo] [io-8080-exec-10] o.s.w.s.m.m.a.HttpEntityMethodProcessor  : Using 'application/json', given [application/json, text/plain, */*] and supported [application/json, application/*+json]
2026-06-01T17:44:59.541+02:00 DEBUG 21776 --- [demo] [io-8080-exec-10] o.s.w.s.m.m.a.HttpEntityMethodProcessor  : Writing [[]]
2026-06-01T17:44:59.541+02:00 DEBUG 21776 --- [demo] [nio-8080-exec-8] o.s.w.s.m.m.a.HttpEntityMethodProcessor  : Using 'application/json', given [application/json, text/plain, */*] and supported [application/json, application/*+json]
2026-06-01T17:44:59.541+02:00 DEBUG 21776 --- [demo] [nio-8080-exec-8] o.s.w.s.m.m.a.HttpEntityMethodProcessor  : Writing [[TaskResponse(id=1, title=333, status=PENDING, meetingId=1004)]]
2026-06-01T17:44:59.542+02:00 DEBUG 21776 --- [demo] [io-8080-exec-10] o.s.web.servlet.DispatcherServlet        : Completed 200 OK
2026-06-01T17:44:59.542+02:00 DEBUG 21776 --- [demo] [nio-8080-exec-8] o.s.web.servlet.DispatcherServlet        : Completed 200 OK
2026-06-01T17:44:59.551+02:00 DEBUG 21776 --- [demo] [nio-8080-exec-4] org.hibernate.SQL                        : select u1_0.id,u1_0.active,u1_0.email,u1_0.name,u1_0.password,u1_0.role from users u1_0 where u1_0.email=?
Hibernate: select u1_0.id,u1_0.active,u1_0.email,u1_0.name,u1_0.password,u1_0.role from users u1_0 where u1_0.email=?
2026-06-01T17:44:59.554+02:00 DEBUG 21776 --- [demo] [nio-8080-exec-4] o.s.web.servlet.DispatcherServlet        : GET "/api/meetings/1004/discussions", parameters={}
2026-06-01T17:44:59.555+02:00 DEBUG 21776 --- [demo] [nio-8080-exec-4] s.w.s.m.m.a.RequestMappingHandlerMapping : Mapped to com.example.demo.controller.DiscussionController#findByMeeting(Long)
2026-06-01T17:44:59.556+02:00 DEBUG 21776 --- [demo] [nio-8080-exec-4] org.hibernate.SQL                        : select d1_0.id,d1_0.content,d1_0.meeting_id,d1_0.id_participant,d1_0.speaker from discussion d1_0 where d1_0.meeting_id=?
Hibernate: select d1_0.id,d1_0.content,d1_0.meeting_id,d1_0.id_participant,d1_0.speaker from discussion d1_0 where d1_0.meeting_id=?
2026-06-01T17:44:59.559+02:00 DEBUG 21776 --- [demo] [nio-8080-exec-4] o.s.w.s.m.m.a.HttpEntityMethodProcessor  : Using 'application/json', given [application/json, text/plain, */*] and supported [application/json, application/*+json]
2026-06-01T17:44:59.559+02:00 DEBUG 21776 --- [demo] [nio-8080-exec-4] o.s.w.s.m.m.a.HttpEntityMethodProcessor  : Writing [[]]
2026-06-01T17:44:59.560+02:00 DEBUG 21776 --- [demo] [nio-8080-exec-4] o.s.web.servlet.DispatcherServlet        : Completed 200 OK
2026-06-01T17:45:00.760+02:00 DEBUG 21776 --- [demo] [nio-8080-exec-5] org.hibernate.SQL                        : select u1_0.id,u1_0.active,u1_0.email,u1_0.name,u1_0.password,u1_0.role from users u1_0 where u1_0.email=?
Hibernate: select u1_0.id,u1_0.active,u1_0.email,u1_0.name,u1_0.password,u1_0.role from users u1_0 where u1_0.email=?
2026-06-01T17:45:00.761+02:00 DEBUG 21776 --- [demo] [nio-8080-exec-3] org.hibernate.SQL                        : select u1_0.id,u1_0.active,u1_0.email,u1_0.name,u1_0.password,u1_0.role from users u1_0 where u1_0.email=?
Hibernate: select u1_0.id,u1_0.active,u1_0.email,u1_0.name,u1_0.password,u1_0.role from users u1_0 where u1_0.email=?
2026-06-01T17:45:00.761+02:00 DEBUG 21776 --- [demo] [nio-8080-exec-2] org.hibernate.SQL                        : select u1_0.id,u1_0.active,u1_0.email,u1_0.name,u1_0.password,u1_0.role from users u1_0 where u1_0.email=?
Hibernate: select u1_0.id,u1_0.active,u1_0.email,u1_0.name,u1_0.password,u1_0.role from users u1_0 where u1_0.email=?
2026-06-01T17:45:00.766+02:00 DEBUG 21776 --- [demo] [nio-8080-exec-5] o.s.web.servlet.DispatcherServlet        : GET "/api/meetings/1004", parameters={}
2026-06-01T17:45:00.766+02:00 DEBUG 21776 --- [demo] [nio-8080-exec-3] o.s.web.servlet.DispatcherServlet        : GET "/api/meetings/1004/tasks", parameters={}
2026-06-01T17:45:00.766+02:00 DEBUG 21776 --- [demo] [nio-8080-exec-5] s.w.s.m.m.a.RequestMappingHandlerMapping : Mapped to com.example.demo.controller.MeetingController#findById(Long)
2026-06-01T17:45:00.767+02:00 DEBUG 21776 --- [demo] [nio-8080-exec-2] o.s.web.servlet.DispatcherServlet        : GET "/api/meetings/1004/discussions", parameters={}
2026-06-01T17:45:00.767+02:00 DEBUG 21776 --- [demo] [nio-8080-exec-3] s.w.s.m.m.a.RequestMappingHandlerMapping : Mapped to com.example.demo.controller.TaskController#findByMeeting(Long)
2026-06-01T17:45:00.767+02:00 DEBUG 21776 --- [demo] [nio-8080-exec-2] s.w.s.m.m.a.RequestMappingHandlerMapping : Mapped to com.example.demo.controller.DiscussionController#findByMeeting(Long)
2026-06-01T17:45:00.769+02:00 DEBUG 21776 --- [demo] [nio-8080-exec-5] org.hibernate.SQL                        : select m1_0.id,m1_0.date,m1_0.dependences,m1_0.description,m1_0.discussion,m1_0.end_time,m1_0.objective,m1_0.objet,m1_0.presidente,m1_0.rapporteur,m1_0.recommendation,m1_0.room,m1_0.start_time,m1_0.type from meetings m1_0 where m1_0.id=?
Hibernate: select m1_0.id,m1_0.date,m1_0.dependences,m1_0.description,m1_0.discussion,m1_0.end_time,m1_0.objective,m1_0.objet,m1_0.presidente,m1_0.rapporteur,m1_0.recommendation,m1_0.room,m1_0.start_time,m1_0.type from meetings m1_0 where m1_0.id=?
2026-06-01T17:45:00.770+02:00 DEBUG 21776 --- [demo] [nio-8080-exec-3] org.hibernate.SQL                        : select t1_0.id,t1_0.meeting_id,t1_0.status,t1_0.title from tasks t1_0 where t1_0.meeting_id=?
Hibernate: select t1_0.id,t1_0.meeting_id,t1_0.status,t1_0.title from tasks t1_0 where t1_0.meeting_id=?
2026-06-01T17:45:00.770+02:00 DEBUG 21776 --- [demo] [nio-8080-exec-2] org.hibernate.SQL                        : select d1_0.id,d1_0.content,d1_0.meeting_id,d1_0.id_participant,d1_0.speaker from discussion d1_0 where d1_0.meeting_id=?
Hibernate: select d1_0.id,d1_0.content,d1_0.meeting_id,d1_0.id_participant,d1_0.speaker from discussion d1_0 where d1_0.meeting_id=?
2026-06-01T17:45:00.770+02:00 DEBUG 21776 --- [demo] [nio-8080-exec-5] org.hibernate.SQL                        : select p1_0.meeting_id,p1_1.id,p1_1.email,p1_1.first_name,p1_1.last_name,p1_1.phone from meeting_participants p1_0 join participants p1_1 on p1_1.id=p1_0.participant_id where p1_0.meeting_id=?
Hibernate: select p1_0.meeting_id,p1_1.id,p1_1.email,p1_1.first_name,p1_1.last_name,p1_1.phone from meeting_participants p1_0 join participants p1_1 on p1_1.id=p1_0.participant_id where p1_0.meeting_id=?
2026-06-01T17:45:00.772+02:00 DEBUG 21776 --- [demo] [nio-8080-exec-3] o.s.w.s.m.m.a.HttpEntityMethodProcessor  : Using 'application/json', given [application/json, text/plain, */*] and supported [application/json, application/*+json]
2026-06-01T17:45:00.772+02:00 DEBUG 21776 --- [demo] [nio-8080-exec-5] org.hibernate.SQL                        : select a1_0.meeting_id,a1_1.id,a1_1.description,a1_1.name from meeting_audiences a1_0 join audiences a1_1 on a1_1.id=a1_0.audience_id where a1_0.meeting_id=?
Hibernate: select a1_0.meeting_id,a1_1.id,a1_1.description,a1_1.name from meeting_audiences a1_0 join audiences a1_1 on a1_1.id=a1_0.audience_id where a1_0.meeting_id=?
2026-06-01T17:45:00.772+02:00 DEBUG 21776 --- [demo] [nio-8080-exec-2] o.s.w.s.m.m.a.HttpEntityMethodProcessor  : Using 'application/json', given [application/json, text/plain, */*] and supported [application/json, application/*+json]
2026-06-01T17:45:00.772+02:00 DEBUG 21776 --- [demo] [nio-8080-exec-3] o.s.w.s.m.m.a.HttpEntityMethodProcessor  : Writing [[TaskResponse(id=1, title=333, status=PENDING, meetingId=1004)]]
2026-06-01T17:45:00.773+02:00 DEBUG 21776 --- [demo] [nio-8080-exec-5] org.hibernate.SQL                        : select p1_0.meeting_id,p1_0.id,p1_0.upload_date,p1_0.uploaded_by_id,p1_0.url from photos p1_0 where p1_0.meeting_id=?
Hibernate: select p1_0.meeting_id,p1_0.id,p1_0.upload_date,p1_0.uploaded_by_id,p1_0.url from photos p1_0 where p1_0.meeting_id=?
2026-06-01T17:45:00.773+02:00 DEBUG 21776 --- [demo] [nio-8080-exec-2] o.s.w.s.m.m.a.HttpEntityMethodProcessor  : Writing [[]]
2026-06-01T17:45:00.774+02:00 DEBUG 21776 --- [demo] [nio-8080-exec-3] o.s.web.servlet.DispatcherServlet        : Completed 200 OK
2026-06-01T17:45:00.775+02:00 DEBUG 21776 --- [demo] [nio-8080-exec-5] org.hibernate.SQL                        : select d1_0.meeting_id,d1_0.id,d1_0.name,d1_0.url from documents d1_0 where d1_0.meeting_id=?
Hibernate: select d1_0.meeting_id,d1_0.id,d1_0.name,d1_0.url from documents d1_0 where d1_0.meeting_id=?
2026-06-01T17:45:00.775+02:00 DEBUG 21776 --- [demo] [nio-8080-exec-2] o.s.web.servlet.DispatcherServlet        : Completed 200 OK
2026-06-01T17:45:00.777+02:00 DEBUG 21776 --- [demo] [nio-8080-exec-5] o.s.w.s.m.m.a.HttpEntityMethodProcessor  : Using 'application/json', given [application/json, text/plain, */*] and supported [application/json, application/*+json]
2026-06-01T17:45:00.778+02:00 DEBUG 21776 --- [demo] [nio-8080-exec-5] o.s.w.s.m.m.a.HttpEntityMethodProcessor  : Writing [MeetingResponse(id=1004, objective=for what, type=préinstruction, description=null, date=2026-12-12, (truncated)...]
2026-06-01T17:45:00.778+02:00 DEBUG 21776 --- [demo] [nio-8080-exec-5] o.s.web.servlet.DispatcherServlet        : Completed 200 OK
2026-06-01T17:45:00.784+02:00 DEBUG 21776 --- [demo] [nio-8080-exec-6] org.hibernate.SQL                        : select u1_0.id,u1_0.active,u1_0.email,u1_0.name,u1_0.password,u1_0.role from users u1_0 where u1_0.email=?
Hibernate: select u1_0.id,u1_0.active,u1_0.email,u1_0.name,u1_0.password,u1_0.role from users u1_0 where u1_0.email=?
2026-06-01T17:45:00.785+02:00 DEBUG 21776 --- [demo] [nio-8080-exec-1] org.hibernate.SQL                        : select u1_0.id,u1_0.active,u1_0.email,u1_0.name,u1_0.password,u1_0.role from users u1_0 where u1_0.email=?
Hibernate: select u1_0.id,u1_0.active,u1_0.email,u1_0.name,u1_0.password,u1_0.role from users u1_0 where u1_0.email=?
2026-06-01T17:45:00.786+02:00 DEBUG 21776 --- [demo] [nio-8080-exec-9] org.hibernate.SQL                        : select u1_0.id,u1_0.active,u1_0.email,u1_0.name,u1_0.password,u1_0.role from users u1_0 where u1_0.email=?
Hibernate: select u1_0.id,u1_0.active,u1_0.email,u1_0.name,u1_0.password,u1_0.role from users u1_0 where u1_0.email=?
2026-06-01T17:45:00.787+02:00 DEBUG 21776 --- [demo] [nio-8080-exec-6] o.s.web.servlet.DispatcherServlet        : GET "/api/meetings/1004/discussions", parameters={}
2026-06-01T17:45:00.787+02:00 DEBUG 21776 --- [demo] [nio-8080-exec-1] o.s.web.servlet.DispatcherServlet        : GET "/api/meetings/1004/tasks", parameters={}
2026-06-01T17:45:00.787+02:00 DEBUG 21776 --- [demo] [nio-8080-exec-6] s.w.s.m.m.a.RequestMappingHandlerMapping : Mapped to com.example.demo.controller.DiscussionController#findByMeeting(Long)
2026-06-01T17:45:00.787+02:00 DEBUG 21776 --- [demo] [nio-8080-exec-9] o.s.web.servlet.DispatcherServlet        : GET "/api/meetings/1004", parameters={}
2026-06-01T17:45:00.788+02:00 DEBUG 21776 --- [demo] [nio-8080-exec-1] s.w.s.m.m.a.RequestMappingHandlerMapping : Mapped to com.example.demo.controller.TaskController#findByMeeting(Long)
2026-06-01T17:45:00.788+02:00 DEBUG 21776 --- [demo] [nio-8080-exec-9] s.w.s.m.m.a.RequestMappingHandlerMapping : Mapped to com.example.demo.controller.MeetingController#findById(Long)
2026-06-01T17:45:00.790+02:00 DEBUG 21776 --- [demo] [nio-8080-exec-9] org.hibernate.SQL                        : select m1_0.id,m1_0.date,m1_0.dependences,m1_0.description,m1_0.discussion,m1_0.end_time,m1_0.objective,m1_0.objet,m1_0.presidente,m1_0.rapporteur,m1_0.recommendation,m1_0.room,m1_0.start_time,m1_0.type from meetings m1_0 where m1_0.id=?
Hibernate: select m1_0.id,m1_0.date,m1_0.dependences,m1_0.description,m1_0.discussion,m1_0.end_time,m1_0.objective,m1_0.objet,m1_0.presidente,m1_0.rapporteur,m1_0.recommendation,m1_0.room,m1_0.start_time,m1_0.type from meetings m1_0 where m1_0.id=?
2026-06-01T17:45:00.790+02:00 DEBUG 21776 --- [demo] [nio-8080-exec-6] org.hibernate.SQL                        : select d1_0.id,d1_0.content,d1_0.meeting_id,d1_0.id_participant,d1_0.speaker from discussion d1_0 where d1_0.meeting_id=?
Hibernate: select d1_0.id,d1_0.content,d1_0.meeting_id,d1_0.id_participant,d1_0.speaker from discussion d1_0 where d1_0.meeting_id=?
2026-06-01T17:45:00.790+02:00 DEBUG 21776 --- [demo] [nio-8080-exec-1] org.hibernate.SQL                        : select t1_0.id,t1_0.meeting_id,t1_0.status,t1_0.title from tasks t1_0 where t1_0.meeting_id=?
Hibernate: select t1_0.id,t1_0.meeting_id,t1_0.status,t1_0.title from tasks t1_0 where t1_0.meeting_id=?
2026-06-01T17:45:00.792+02:00 DEBUG 21776 --- [demo] [nio-8080-exec-9] org.hibernate.SQL                        : select p1_0.meeting_id,p1_1.id,p1_1.email,p1_1.first_name,p1_1.last_name,p1_1.phone from meeting_participants p1_0 join participants p1_1 on p1_1.id=p1_0.participant_id where p1_0.meeting_id=?
Hibernate: select p1_0.meeting_id,p1_1.id,p1_1.email,p1_1.first_name,p1_1.last_name,p1_1.phone from meeting_participants p1_0 join participants p1_1 on p1_1.id=p1_0.participant_id where p1_0.meeting_id=?
2026-06-01T17:45:00.793+02:00 DEBUG 21776 --- [demo] [nio-8080-exec-6] o.s.w.s.m.m.a.HttpEntityMethodProcessor  : Using 'application/json', given [application/json, text/plain, */*] and supported [application/json, application/*+json]
2026-06-01T17:45:00.793+02:00 DEBUG 21776 --- [demo] [nio-8080-exec-6] o.s.w.s.m.m.a.HttpEntityMethodProcessor  : Writing [[]]
2026-06-01T17:45:00.794+02:00 DEBUG 21776 --- [demo] [nio-8080-exec-1] o.s.w.s.m.m.a.HttpEntityMethodProcessor  : Using 'application/json', given [application/json, text/plain, */*] and supported [application/json, application/*+json]
2026-06-01T17:45:00.794+02:00 DEBUG 21776 --- [demo] [nio-8080-exec-9] org.hibernate.SQL                        : select a1_0.meeting_id,a1_1.id,a1_1.description,a1_1.name from meeting_audiences a1_0 join audiences a1_1 on a1_1.id=a1_0.audience_id where a1_0.meeting_id=?
Hibernate: select a1_0.meeting_id,a1_1.id,a1_1.description,a1_1.name from meeting_audiences a1_0 join audiences a1_1 on a1_1.id=a1_0.audience_id where a1_0.meeting_id=?
2026-06-01T17:45:00.794+02:00 DEBUG 21776 --- [demo] [nio-8080-exec-1] o.s.w.s.m.m.a.HttpEntityMethodProcessor  : Writing [[TaskResponse(id=1, title=333, status=PENDING, meetingId=1004)]]
2026-06-01T17:45:00.794+02:00 DEBUG 21776 --- [demo] [nio-8080-exec-6] o.s.web.servlet.DispatcherServlet        : Completed 200 OK
2026-06-01T17:45:00.796+02:00 DEBUG 21776 --- [demo] [nio-8080-exec-9] org.hibernate.SQL                        : select p1_0.meeting_id,p1_0.id,p1_0.upload_date,p1_0.uploaded_by_id,p1_0.url from photos p1_0 where p1_0.meeting_id=?
Hibernate: select p1_0.meeting_id,p1_0.id,p1_0.upload_date,p1_0.uploaded_by_id,p1_0.url from photos p1_0 where p1_0.meeting_id=?
2026-06-01T17:45:00.796+02:00 DEBUG 21776 --- [demo] [nio-8080-exec-1] o.s.web.servlet.DispatcherServlet        : Completed 200 OK
2026-06-01T17:45:00.797+02:00 DEBUG 21776 --- [demo] [nio-8080-exec-9] org.hibernate.SQL                        : select d1_0.meeting_id,d1_0.id,d1_0.name,d1_0.url from documents d1_0 where d1_0.meeting_id=?
Hibernate: select d1_0.meeting_id,d1_0.id,d1_0.name,d1_0.url from documents d1_0 where d1_0.meeting_id=?
2026-06-01T17:45:00.799+02:00 DEBUG 21776 --- [demo] [nio-8080-exec-9] o.s.w.s.m.m.a.HttpEntityMethodProcessor  : Using 'application/json', given [application/json, text/plain, */*] and supported [application/json, application/*+json]
2026-06-01T17:45:00.800+02:00 DEBUG 21776 --- [demo] [nio-8080-exec-9] o.s.w.s.m.m.a.HttpEntityMethodProcessor  : Writing [MeetingResponse(id=1004, objective=for what, type=préinstruction, description=null, date=2026-12-12, (truncated)...]
2026-06-01T17:45:00.802+02:00 DEBUG 21776 --- [demo] [nio-8080-exec-9] o.s.web.servlet.DispatcherServlet        : Completed 200 OK
2026-06-01T17:57:24.544+02:00 DEBUG 21776 --- [demo] [nio-8080-exec-7] org.hibernate.SQL                        : select u1_0.id,u1_0.active,u1_0.email,u1_0.name,u1_0.password,u1_0.role from users u1_0 where u1_0.email=?
Hibernate: select u1_0.id,u1_0.active,u1_0.email,u1_0.name,u1_0.password,u1_0.role from users u1_0 where u1_0.email=?
2026-06-01T17:57:24.549+02:00 DEBUG 21776 --- [demo] [nio-8080-exec-7] o.s.web.servlet.DispatcherServlet        : GET "/api/stats/dashboard", parameters={}
2026-06-01T17:57:24.549+02:00 DEBUG 21776 --- [demo] [nio-8080-exec-7] s.w.s.m.m.a.RequestMappingHandlerMapping : Mapped to com.example.demo.controller.StatsController#getDashboardStats()
2026-06-01T17:57:24.552+02:00 DEBUG 21776 --- [demo] [nio-8080-exec-7] org.hibernate.SQL                        : select m1_0.id,m1_0.date,m1_0.dependences,m1_0.description,m1_0.discussion,m1_0.end_time,m1_0.objective,m1_0.objet,m1_0.presidente,m1_0.rapporteur,m1_0.recommendation,m1_0.room,m1_0.start_time,m1_0.type from meetings m1_0
Hibernate: select m1_0.id,m1_0.date,m1_0.dependences,m1_0.description,m1_0.discussion,m1_0.end_time,m1_0.objective,m1_0.objet,m1_0.presidente,m1_0.rapporteur,m1_0.recommendation,m1_0.room,m1_0.start_time,m1_0.type from meetings m1_0
2026-06-01T17:57:24.574+02:00  WARN 21776 --- [demo] [nio-8080-exec-7] o.h.engine.jdbc.spi.SqlExceptionHelper   : SQL Error: 1054, SQLState: 42S22
2026-06-01T17:57:24.575+02:00 ERROR 21776 --- [demo] [nio-8080-exec-7] o.h.engine.jdbc.spi.SqlExceptionHelper   : Unknown column 'm1_0.discussion' in 'field list'
2026-06-01T17:57:24.586+02:00 DEBUG 21776 --- [demo] [nio-8080-exec-7] .m.m.a.ExceptionHandlerExceptionResolver : Using @ExceptionHandler com.example.demo.exception.GlobalExceptionHandler#handleAll(Exception, HttpServletRequest)
2026-06-01T17:57:24.587+02:00 DEBUG 21776 --- [demo] [nio-8080-exec-7] o.s.w.s.m.m.a.HttpEntityMethodProcessor  : Using 'application/json', given [application/json, text/plain, */*] and supported [application/json, application/*+json]
2026-06-01T17:57:24.588+02:00 DEBUG 21776 --- [demo] [nio-8080-exec-7] o.s.w.s.m.m.a.HttpEntityMethodProcessor  : Writing [ErrorResponse(status=500, error=Internal Server Error, message=JDBC exception executing SQL [select  (truncated)...]
2026-06-01T17:57:24.589+02:00 DEBUG 21776 --- [demo] [nio-8080-exec-7] .m.m.a.ExceptionHandlerExceptionResolver : Resolved [org.springframework.dao.InvalidDataAccessResourceUsageException: JDBC exception executing SQL [select m1_0.id,m1_0.date,m1_0.dependences,m1_0.description,m1_0.discussion,m1_0.end_time,m1_0.objective,m1_0.objet,m1_0.presidente,m1_0.rapporteur,m1_0.recommendation,m1_0.room,m1_0.start_time,m1_0.type from meetings m1_0] [Unknown column 'm1_0.discussion' in 'field list'] [n/a]; SQL [n/a]]
2026-06-01T17:57:24.590+02:00 DEBUG 21776 --- [demo] [nio-8080-exec-7] o.s.web.servlet.DispatcherServlet        : Completed 500 INTERNAL_SERVER_ERROR
2026-06-01T17:57:24.604+02:00 DEBUG 21776 --- [demo] [io-8080-exec-10] org.hibernate.SQL                        : select u1_0.id,u1_0.active,u1_0.email,u1_0.name,u1_0.password,u1_0.role from users u1_0 where u1_0.email=?
Hibernate: select u1_0.id,u1_0.active,u1_0.email,u1_0.name,u1_0.password,u1_0.role from users u1_0 where u1_0.email=?
2026-06-01T17:57:24.607+02:00 DEBUG 21776 --- [demo] [io-8080-exec-10] o.s.web.servlet.DispatcherServlet        : GET "/api/stats/dashboard", parameters={}
2026-06-01T17:57:24.608+02:00 DEBUG 21776 --- [demo] [io-8080-exec-10] s.w.s.m.m.a.RequestMappingHandlerMapping : Mapped to com.example.demo.controller.StatsController#getDashboardStats()
2026-06-01T17:57:24.611+02:00 DEBUG 21776 --- [demo] [io-8080-exec-10] org.hibernate.SQL                        : select m1_0.id,m1_0.date,m1_0.dependences,m1_0.description,m1_0.discussion,m1_0.end_time,m1_0.objective,m1_0.objet,m1_0.presidente,m1_0.rapporteur,m1_0.recommendation,m1_0.room,m1_0.start_time,m1_0.type from meetings m1_0
Hibernate: select m1_0.id,m1_0.date,m1_0.dependences,m1_0.description,m1_0.discussion,m1_0.end_time,m1_0.objective,m1_0.objet,m1_0.presidente,m1_0.rapporteur,m1_0.recommendation,m1_0.room,m1_0.start_time,m1_0.type from meetings m1_0
2026-06-01T17:57:24.613+02:00  WARN 21776 --- [demo] [io-8080-exec-10] o.h.engine.jdbc.spi.SqlExceptionHelper   : SQL Error: 1054, SQLState: 42S22
2026-06-01T17:57:24.614+02:00 ERROR 21776 --- [demo] [io-8080-exec-10] o.h.engine.jdbc.spi.SqlExceptionHelper   : Unknown column 'm1_0.discussion' in 'field list'
2026-06-01T17:57:24.614+02:00 DEBUG 21776 --- [demo] [io-8080-exec-10] .m.m.a.ExceptionHandlerExceptionResolver : Using @ExceptionHandler com.example.demo.exception.GlobalExceptionHandler#handleAll(Exception, HttpServletRequest)
2026-06-01T17:57:24.616+02:00 DEBUG 21776 --- [demo] [io-8080-exec-10] o.s.w.s.m.m.a.HttpEntityMethodProcessor  : Using 'application/json', given [application/json, text/plain, */*] and supported [application/json, application/*+json]
2026-06-01T17:57:24.616+02:00 DEBUG 21776 --- [demo] [io-8080-exec-10] o.s.w.s.m.m.a.HttpEntityMethodProcessor  : Writing [ErrorResponse(status=500, error=Internal Server Error, message=JDBC exception executing SQL [select  (truncated)...]
2026-06-01T17:57:24.617+02:00 DEBUG 21776 --- [demo] [io-8080-exec-10] .m.m.a.ExceptionHandlerExceptionResolver : Resolved [org.springframework.dao.InvalidDataAccessResourceUsageException: JDBC exception executing SQL [select m1_0.id,m1_0.date,m1_0.dependences,m1_0.description,m1_0.discussion,m1_0.end_time,m1_0.objective,m1_0.objet,m1_0.presidente,m1_0.rapporteur,m1_0.recommendation,m1_0.room,m1_0.start_time,m1_0.type from meetings m1_0] [Unknown column 'm1_0.discussion' in 'field list'] [n/a]; SQL [n/a]]
2026-06-01T17:57:24.617+02:00 DEBUG 21776 --- [demo] [io-8080-exec-10] o.s.web.servlet.DispatcherServlet        : Completed 500 INTERNAL_SERVER_ERROR
2026-06-01T17:57:31.026+02:00 DEBUG 21776 --- [demo] [nio-8080-exec-8] org.hibernate.SQL                        : select u1_0.id,u1_0.active,u1_0.email,u1_0.name,u1_0.password,u1_0.role from users u1_0 where u1_0.email=?
Hibernate: select u1_0.id,u1_0.active,u1_0.email,u1_0.name,u1_0.password,u1_0.role from users u1_0 where u1_0.email=?
2026-06-01T17:57:31.033+02:00 DEBUG 21776 --- [demo] [nio-8080-exec-8] o.s.web.servlet.DispatcherServlet        : GET "/api/stats/dashboard", parameters={}
2026-06-01T17:57:31.033+02:00 DEBUG 21776 --- [demo] [nio-8080-exec-8] s.w.s.m.m.a.RequestMappingHandlerMapping : Mapped to com.example.demo.controller.StatsController#getDashboardStats()
2026-06-01T17:57:31.035+02:00 DEBUG 21776 --- [demo] [nio-8080-exec-8] org.hibernate.SQL                        : select m1_0.id,m1_0.date,m1_0.dependences,m1_0.description,m1_0.discussion,m1_0.end_time,m1_0.objective,m1_0.objet,m1_0.presidente,m1_0.rapporteur,m1_0.recommendation,m1_0.room,m1_0.start_time,m1_0.type from meetings m1_0
Hibernate: select m1_0.id,m1_0.date,m1_0.dependences,m1_0.description,m1_0.discussion,m1_0.end_time,m1_0.objective,m1_0.objet,m1_0.presidente,m1_0.rapporteur,m1_0.recommendation,m1_0.room,m1_0.start_time,m1_0.type from meetings m1_0
2026-06-01T17:57:31.037+02:00  WARN 21776 --- [demo] [nio-8080-exec-8] o.h.engine.jdbc.spi.SqlExceptionHelper   : SQL Error: 1054, SQLState: 42S22
2026-06-01T17:57:31.037+02:00 ERROR 21776 --- [demo] [nio-8080-exec-8] o.h.engine.jdbc.spi.SqlExceptionHelper   : Unknown column 'm1_0.discussion' in 'field list'
2026-06-01T17:57:31.039+02:00 DEBUG 21776 --- [demo] [nio-8080-exec-8] .m.m.a.ExceptionHandlerExceptionResolver : Using @ExceptionHandler com.example.demo.exception.GlobalExceptionHandler#handleAll(Exception, HttpServletRequest)
2026-06-01T17:57:31.039+02:00 DEBUG 21776 --- [demo] [nio-8080-exec-8] o.s.w.s.m.m.a.HttpEntityMethodProcessor  : Using 'application/json', given [application/json, text/plain, */*] and supported [application/json, application/*+json]
2026-06-01T17:57:31.040+02:00 DEBUG 21776 --- [demo] [nio-8080-exec-8] o.s.w.s.m.m.a.HttpEntityMethodProcessor  : Writing [ErrorResponse(status=500, error=Internal Server Error, message=JDBC exception executing SQL [select  (truncated)...]
2026-06-01T17:57:31.040+02:00 DEBUG 21776 --- [demo] [nio-8080-exec-8] .m.m.a.ExceptionHandlerExceptionResolver : Resolved [org.springframework.dao.InvalidDataAccessResourceUsageException: JDBC exception executing SQL [select m1_0.id,m1_0.date,m1_0.dependences,m1_0.description,m1_0.discussion,m1_0.end_time,m1_0.objective,m1_0.objet,m1_0.presidente,m1_0.rapporteur,m1_0.recommendation,m1_0.room,m1_0.start_time,m1_0.type from meetings m1_0] [Unknown column 'm1_0.discussion' in 'field list'] [n/a]; SQL [n/a]]
2026-06-01T17:57:31.041+02:00 DEBUG 21776 --- [demo] [nio-8080-exec-8] o.s.web.servlet.DispatcherServlet        : Completed 500 INTERNAL_SERVER_ERROR
2026-06-01T17:57:31.053+02:00 DEBUG 21776 --- [demo] [nio-8080-exec-4] org.hibernate.SQL                        : select u1_0.id,u1_0.active,u1_0.email,u1_0.name,u1_0.password,u1_0.role from users u1_0 where u1_0.email=?
Hibernate: select u1_0.id,u1_0.active,u1_0.email,u1_0.name,u1_0.password,u1_0.role from users u1_0 where u1_0.email=?
2026-06-01T17:57:31.055+02:00 DEBUG 21776 --- [demo] [nio-8080-exec-4] o.s.web.servlet.DispatcherServlet        : GET "/api/stats/dashboard", parameters={}
2026-06-01T17:57:31.056+02:00 DEBUG 21776 --- [demo] [nio-8080-exec-4] s.w.s.m.m.a.RequestMappingHandlerMapping : Mapped to com.example.demo.controller.StatsController#getDashboardStats()
2026-06-01T17:57:31.059+02:00 DEBUG 21776 --- [demo] [nio-8080-exec-4] org.hibernate.SQL                        : select m1_0.id,m1_0.date,m1_0.dependences,m1_0.description,m1_0.discussion,m1_0.end_time,m1_0.objective,m1_0.objet,m1_0.presidente,m1_0.rapporteur,m1_0.recommendation,m1_0.room,m1_0.start_time,m1_0.type from meetings m1_0
Hibernate: select m1_0.id,m1_0.date,m1_0.dependences,m1_0.description,m1_0.discussion,m1_0.end_time,m1_0.objective,m1_0.objet,m1_0.presidente,m1_0.rapporteur,m1_0.recommendation,m1_0.room,m1_0.start_time,m1_0.type from meetings m1_0
2026-06-01T17:57:31.060+02:00  WARN 21776 --- [demo] [nio-8080-exec-4] o.h.engine.jdbc.spi.SqlExceptionHelper   : SQL Error: 1054, SQLState: 42S22
2026-06-01T17:57:31.061+02:00 ERROR 21776 --- [demo] [nio-8080-exec-4] o.h.engine.jdbc.spi.SqlExceptionHelper   : Unknown column 'm1_0.discussion' in 'field list'
2026-06-01T17:57:31.062+02:00 DEBUG 21776 --- [demo] [nio-8080-exec-4] .m.m.a.ExceptionHandlerExceptionResolver : Using @ExceptionHandler com.example.demo.exception.GlobalExceptionHandler#handleAll(Exception, HttpServletRequest)
2026-06-01T17:57:31.063+02:00 DEBUG 21776 --- [demo] [nio-8080-exec-4] o.s.w.s.m.m.a.HttpEntityMethodProcessor  : Using 'application/json', given [application/json, text/plain, */*] and supported [application/json, application/*+json]
2026-06-01T17:57:31.064+02:00 DEBUG 21776 --- [demo] [nio-8080-exec-4] o.s.w.s.m.m.a.HttpEntityMethodProcessor  : Writing [ErrorResponse(status=500, error=Internal Server Error, message=JDBC exception executing SQL [select  (truncated)...]
2026-06-01T17:57:31.064+02:00 DEBUG 21776 --- [demo] [nio-8080-exec-4] .m.m.a.ExceptionHandlerExceptionResolver : Resolved [org.springframework.dao.InvalidDataAccessResourceUsageException: JDBC exception executing SQL [select m1_0.id,m1_0.date,m1_0.dependences,m1_0.description,m1_0.discussion,m1_0.end_time,m1_0.objective,m1_0.objet,m1_0.presidente,m1_0.rapporteur,m1_0.recommendation,m1_0.room,m1_0.start_time,m1_0.type from meetings m1_0] [Unknown column 'm1_0.discussion' in 'field list'] [n/a]; SQL [n/a]]
2026-06-01T17:57:31.066+02:00 DEBUG 21776 --- [demo] [nio-8080-exec-4] o.s.web.servlet.DispatcherServlet        : Completed 500 INTERNAL_SERVER_ERROR
2026-06-01T17:57:36.633+02:00 DEBUG 21776 --- [demo] [nio-8080-exec-3] org.hibernate.SQL                        : select u1_0.id,u1_0.active,u1_0.email,u1_0.name,u1_0.password,u1_0.role from users u1_0 where u1_0.email=?
Hibernate: select u1_0.id,u1_0.active,u1_0.email,u1_0.name,u1_0.password,u1_0.role from users u1_0 where u1_0.email=?
2026-06-01T17:57:36.640+02:00 DEBUG 21776 --- [demo] [nio-8080-exec-3] o.s.web.servlet.DispatcherServlet        : GET "/api/meetings", parameters={}
2026-06-01T17:57:36.641+02:00 DEBUG 21776 --- [demo] [nio-8080-exec-3] s.w.s.m.m.a.RequestMappingHandlerMapping : Mapped to com.example.demo.controller.MeetingController#findAll(String, String, String, String, String)
2026-06-01T17:57:36.644+02:00 DEBUG 21776 --- [demo] [nio-8080-exec-3] org.hibernate.SQL                        : select m1_0.id,m1_0.date,m1_0.dependences,m1_0.description,m1_0.discussion,m1_0.end_time,m1_0.objective,m1_0.objet,m1_0.presidente,m1_0.rapporteur,m1_0.recommendation,m1_0.room,m1_0.start_time,m1_0.type from meetings m1_0
Hibernate: select m1_0.id,m1_0.date,m1_0.dependences,m1_0.description,m1_0.discussion,m1_0.end_time,m1_0.objective,m1_0.objet,m1_0.presidente,m1_0.rapporteur,m1_0.recommendation,m1_0.room,m1_0.start_time,m1_0.type from meetings m1_0
2026-06-01T17:57:36.650+02:00  WARN 21776 --- [demo] [nio-8080-exec-3] o.h.engine.jdbc.spi.SqlExceptionHelper   : SQL Error: 1054, SQLState: 42S22
2026-06-01T17:57:36.651+02:00 ERROR 21776 --- [demo] [nio-8080-exec-3] o.h.engine.jdbc.spi.SqlExceptionHelper   : Unknown column 'm1_0.discussion' in 'field list'
2026-06-01T17:57:36.652+02:00 DEBUG 21776 --- [demo] [nio-8080-exec-3] .m.m.a.ExceptionHandlerExceptionResolver : Using @ExceptionHandler com.example.demo.exception.GlobalExceptionHandler#handleAll(Exception, HttpServletRequest)
2026-06-01T17:57:36.653+02:00 DEBUG 21776 --- [demo] [nio-8080-exec-3] o.s.w.s.m.m.a.HttpEntityMethodProcessor  : Using 'application/json', given [application/json, text/plain, */*] and supported [application/json, application/*+json]
2026-06-01T17:57:36.653+02:00 DEBUG 21776 --- [demo] [nio-8080-exec-3] o.s.w.s.m.m.a.HttpEntityMethodProcessor  : Writing [ErrorResponse(status=500, error=Internal Server Error, message=JDBC exception executing SQL [select  (truncated)...]
2026-06-01T17:57:36.655+02:00 DEBUG 21776 --- [demo] [nio-8080-exec-3] .m.m.a.ExceptionHandlerExceptionResolver : Resolved [org.springframework.dao.InvalidDataAccessResourceUsageException: JDBC exception executing SQL [select m1_0.id,m1_0.date,m1_0.dependences,m1_0.description,m1_0.discussion,m1_0.end_time,m1_0.objective,m1_0.objet,m1_0.presidente,m1_0.rapporteur,m1_0.recommendation,m1_0.room,m1_0.start_time,m1_0.type from meetings m1_0] [Unknown column 'm1_0.discussion' in 'field list'] [n/a]; SQL [n/a]]
2026-06-01T17:57:36.655+02:00 DEBUG 21776 --- [demo] [nio-8080-exec-3] o.s.web.servlet.DispatcherServlet        : Completed 500 INTERNAL_SERVER_ERROR
2026-06-01T17:57:36.668+02:00 DEBUG 21776 --- [demo] [nio-8080-exec-2] org.hibernate.SQL                        : select u1_0.id,u1_0.active,u1_0.email,u1_0.name,u1_0.password,u1_0.role from users u1_0 where u1_0.email=?
Hibernate: select u1_0.id,u1_0.active,u1_0.email,u1_0.name,u1_0.password,u1_0.role from users u1_0 where u1_0.email=?
2026-06-01T17:57:36.671+02:00 DEBUG 21776 --- [demo] [nio-8080-exec-2] o.s.web.servlet.DispatcherServlet        : GET "/api/meetings", parameters={}
2026-06-01T17:57:36.671+02:00 DEBUG 21776 --- [demo] [nio-8080-exec-2] s.w.s.m.m.a.RequestMappingHandlerMapping : Mapped to com.example.demo.controller.MeetingController#findAll(String, String, String, String, String)
2026-06-01T17:57:36.674+02:00 DEBUG 21776 --- [demo] [nio-8080-exec-2] org.hibernate.SQL                        : select m1_0.id,m1_0.date,m1_0.dependences,m1_0.description,m1_0.discussion,m1_0.end_time,m1_0.objective,m1_0.objet,m1_0.presidente,m1_0.rapporteur,m1_0.recommendation,m1_0.room,m1_0.start_time,m1_0.type from meetings m1_0
Hibernate: select m1_0.id,m1_0.date,m1_0.dependences,m1_0.description,m1_0.discussion,m1_0.end_time,m1_0.objective,m1_0.objet,m1_0.presidente,m1_0.rapporteur,m1_0.recommendation,m1_0.room,m1_0.start_time,m1_0.type from meetings m1_0
2026-06-01T17:57:36.677+02:00  WARN 21776 --- [demo] [nio-8080-exec-2] o.h.engine.jdbc.spi.SqlExceptionHelper   : SQL Error: 1054, SQLState: 42S22
2026-06-01T17:57:36.677+02:00 ERROR 21776 --- [demo] [nio-8080-exec-2] o.h.engine.jdbc.spi.SqlExceptionHelper   : Unknown column 'm1_0.discussion' in 'field list'
2026-06-01T17:57:36.678+02:00 DEBUG 21776 --- [demo] [nio-8080-exec-2] .m.m.a.ExceptionHandlerExceptionResolver : Using @ExceptionHandler com.example.demo.exception.GlobalExceptionHandler#handleAll(Exception, HttpServletRequest)
2026-06-01T17:57:36.679+02:00 DEBUG 21776 --- [demo] [nio-8080-exec-2] o.s.w.s.m.m.a.HttpEntityMethodProcessor  : Using 'application/json', given [application/json, text/plain, */*] and supported [application/json, application/*+json]
2026-06-01T17:57:36.679+02:00 DEBUG 21776 --- [demo] [nio-8080-exec-2] o.s.w.s.m.m.a.HttpEntityMethodProcessor  : Writing [ErrorResponse(status=500, error=Internal Server Error, message=JDBC exception executing SQL [select  (truncated)...]
2026-06-01T17:57:36.680+02:00 DEBUG 21776 --- [demo] [nio-8080-exec-2] .m.m.a.ExceptionHandlerExceptionResolver : Resolved [org.springframework.dao.InvalidDataAccessResourceUsageException: JDBC exception executing SQL [select m1_0.id,m1_0.date,m1_0.dependences,m1_0.description,m1_0.discussion,m1_0.end_time,m1_0.objective,m1_0.objet,m1_0.presidente,m1_0.rapporteur,m1_0.recommendation,m1_0.room,m1_0.start_time,m1_0.type from meetings m1_0] [Unknown column 'm1_0.discussion' in 'field list'] [n/a]; SQL [n/a]]
2026-06-01T17:57:36.680+02:00 DEBUG 21776 --- [demo] [nio-8080-exec-2] o.s.web.servlet.DispatcherServlet        : Completed 500 INTERNAL_SERVER_ERROR
